text,category,label
"Attention: Nicole Osborne Date: April 01, 1999 Re: Multiple Legal Services (2 items) Please see the attached invoice for legal services below rendered by Bailey Allen & Fields Law Office Office. For any questions or clarifications, feel free to contact us. Thank you for your trust. BILLING STATEMENT Description Qty Unit Price Amount Civil Case Acceptance - Regional Trial Courts 2 PHP 75,000.00 PHP 150,000.00 Authentication of documents 4 PHP 900.00 PHP 3,600.00 Subtotal: PHP 153,600.00",LEGAL_FEES,2
"Attention: Stephen Pineda Date: September 28, 2013 Re: Comprehensive Legal Services Package (7 items) Please see the attached invoice for legal services below rendered by Parrish Cook & Choi Law Office Office. For any questions or clarifications, feel free to contact us. Thank you for your trust. BILLING STATEMENT Description Qty Unit Price Amount Preparation of contracts not involving sale 5 PHP 1,500.00 PHP 7,500.00 Criminal Case Acceptance - Court of Appeals 1 PHP 85,000.00 PHP 85,000.00 Appearance - Other Administrative Agencies 5 PHP 12,000.00 PHP 60,000.00 Monthly Legal Retainer Fee 8 PHP 8,000.00 PHP 64,000.00 Creditor's Claim Filing 5 PHP 10,000.00 PHP 50,000.00 Non-Stock Articles & By-Laws Preparation 7 PHP 35,000.00 PHP 245,000.00 Non-Stock Articles & By-Laws Preparation 9 PHP 35,000.00 PHP 315,000.00 Subtotal: PHP 826,500.00",LEGAL_FEES,2
"Attention: Charles Johnson Date: November 28, 2009 Re: Multiple Legal Services (3 items) Please see the attached invoice for legal services below rendered by Anderson Harris & Palmer Law Office Office. For any questions or clarifications, feel free to contact us. Thank you for your trust. BILLING STATEMENT Description Qty Unit Price Amount Original Jurisdiction Agency Case 10 PHP 60,000.00 PHP 600,000.00 Agrarian Case - Landowner Representation 4 PHP 100,000.00 PHP 400,000.00 Correction of entries/Change of Name 8 PHP 40,000.00 PHP 320,000.00 Subtotal: PHP 1,320,000.00",LEGAL_FEES,2
"Attention: Emily Murphy Date: April 01, 1995 Re: Comprehensive Legal Services Package (6 items) Please see the attached invoice for legal services below rendered by Holmes Foster & Jones Law Office Office. For any questions or clarifications, feel free to contact us. Thank you for your trust. BILLING STATEMENT Description Qty Unit Price Amount Civil Case Acceptance - Regional Trial Courts 4 PHP 75,000.00 PHP 300,000.00 Non-Stock Articles & By-Laws Preparation 8 PHP 35,000.00 PHP 280,000.00 Trade Name Registration 10 PHP 10,000.00 PHP 100,000.00 Preparation of contracts not involving sale 5 PHP 1,500.00 PHP 7,500.00 Criminal Case Acceptance - Municipal Trial Courts 10 PHP 50,000.00 PHP 500,000.00 Preparation of contracts not involving sale 2 PHP 1,500.00 PHP 3,000.00 Subtotal: PHP 1,190,500.00",LEGAL_FEES,2
"Attention: Elizabeth Moore Date: November 30, 2024 Re: Comprehensive Legal Services Package (7 items) Please see the attached invoice for legal services below rendered by Ruiz Grant & Schneider Law Office Office. For any questions or clarifications, feel free to contact us. Thank you for your trust. BILLING STATEMENT Description Qty Unit Price Amount CBA Preparation & Acknowledgement 8 PHP 30,000.00 PHP 240,000.00 Change of Registered Agent/Office - Foreign 10 PHP 25,000.00 PHP 250,000.00 Appellate Jurisdiction Agency Case 3 PHP 75,000.00 PHP 225,000.00 Individual Insolvency Proceedings 3 PHP 50,000.00 PHP 150,000.00 Monthly Legal Retainer Fee 1 PHP 8,000.00 PHP 8,000.00 Plain Consultation (per hour) 1 PHP 1,000.00 PHP 1,000.00 Agrarian Case - Tenant Representation 8 PHP 79,000.00 PHP 632,000.00 Subtotal: PHP 1,506,000.00",LEGAL_FEES,2
"Attention: Matthew Schaefer Date: June 20, 2015 Re: Comprehensive Legal Services Package (4 items) Please see the attached invoice for legal services below rendered by Long Herrera & Anderson Law Office Office. For any questions or clarifications, feel free to contact us. Thank you for your trust. BILLING STATEMENT Description Qty Unit Price Amount Plain Consultation (per hour) 4 PHP 1,000.00 PHP 4,000.00 Eminent Domain/Expropriation Proceedings 5 PHP 396,137.00 PHP 1,980,685.00 Original Jurisdiction Agency Case 6 PHP 60,000.00 PHP 360,000.00 Criminal Case Acceptance - Regional Trial Courts 4 PHP 75,000.00 PHP 300,000.00 Subtotal: PHP 2,644,685.00",LEGAL_FEES,2
"Attention: Corey Armstrong Date: July 14, 1998 Re: Multiple Legal Services (2 items) Please see the attached invoice for legal services below rendered by Campbell Watson & Swanson Law Office Office. For any questions or clarifications, feel free to contact us. Thank you for your trust. BILLING STATEMENT Description Qty Unit Price Amount Business Insolvency Proceedings 8 PHP 25,000.00 PHP 200,000.00 Trade Name Registration 6 PHP 10,000.00 PHP 60,000.00 Subtotal: PHP 260,000.00",LEGAL_FEES,2
"Attention: Charles Mccormick Date: April 03, 2026 Re: Multiple Legal Services (3 items) Please see the attached invoice for legal services below rendered by Taylor Roberts & Hammond Law Office Office. For any questions or clarifications, feel free to contact us. Thank you for your trust. BILLING STATEMENT Description Qty Unit Price Amount Appellate Jurisdiction Agency Case 4 PHP 75,000.00 PHP 300,000.00 Plain Consultation (per hour) 2 PHP 1,000.00 PHP 2,000.00 Agrarian Case - Landowner Representation 1 PHP 95,000.00 PHP 95,000.00 Subtotal: PHP 397,000.00",LEGAL_FEES,2
"Attention: Amanda Cooper Date: August 08, 2015 Re: Multiple Legal Services (2 items) Please see the attached invoice for legal services below rendered by Torres Price & Martinez Law Office Office. For any questions or clarifications, feel free to contact us. Thank you for your trust. BILLING STATEMENT Description Qty Unit Price Amount Non-Stock Articles & By-Laws Preparation 9 PHP 35,000.00 PHP 315,000.00 Business Insolvency Proceedings 1 PHP 25,000.00 PHP 25,000.00 Subtotal: PHP 340,000.00",LEGAL_FEES,2
"Attention: John Martinez Date: July 03, 2015 Re: Multiple Legal Services (2 items) Please see the attached invoice for legal services below rendered by Moody Cantrell & Rivera Law Office Office. For any questions or clarifications, feel free to contact us. Thank you for your trust. BILLING STATEMENT Description Qty Unit Price Amount Appellate Jurisdiction Agency Case 6 PHP 75,000.00 PHP 450,000.00 Preparation of contracts involving sale 1 PHP 28,684.00 PHP 28,684.00 Subtotal: PHP 478,684.00",LEGAL_FEES,2
"Attention: Samantha Smith Date: September 19, 2014 Re: Comprehensive Legal Services Package (4 items) Please see the attached invoice for legal services below rendered by Nguyen Moore & Sullivan Law Office Office. For any questions or clarifications, feel free to contact us. Thank you for your trust. BILLING STATEMENT Description Qty Unit Price Amount Authority to Do Business in PH 1 PHP 35,000.00 PHP 35,000.00 Criminal Case Acceptance - Supreme Court 4 PHP 150,000.00 PHP 600,000.00 Corporate Resolution Preparation 5 PHP 3,500.00 PHP 17,500.00 Original Jurisdiction Agency Case 10 PHP 60,000.00 PHP 600,000.00 Subtotal: PHP 1,252,500.00",LEGAL_FEES,2
"Attention: Peter Holland Date: December 29, 1999 Re: Comprehensive Legal Services Package (7 items) Please see the attached invoice for legal services below rendered by Thomas Lane & Herring Law Office Office. For any questions or clarifications, feel free to contact us. Thank you for your trust. BILLING STATEMENT Description Qty Unit Price Amount Monthly Legal Retainer Fee 5 PHP 8,000.00 PHP 40,000.00 Court Appearance - Supreme Court 4 PHP 15,000.00 PHP 60,000.00 Monthly Legal Retainer Fee 1 PHP 8,000.00 PHP 8,000.00 Monthly Legal Retainer Fee 8 PHP 8,000.00 PHP 64,000.00 Criminal Case Acceptance - Court of Appeals 7 PHP 85,000.00 PHP 595,000.00 Agrarian Case - Landowner Representation 8 PHP 90,000.00 PHP 720,000.00 Civil Case Acceptance - Municipal Trial Courts 2 PHP 50,000.00 PHP 100,000.00 Subtotal: PHP 1,587,000.00",LEGAL_FEES,2
"Attention: Nicolas Carrillo Date: January 30, 2023 Re: Multiple Legal Services (3 items) Please see the attached invoice for legal services below rendered by Higgins Harper & Anderson Law Office Office. For any questions or clarifications, feel free to contact us. Thank you for your trust. BILLING STATEMENT Description Qty Unit Price Amount Appearance - OMB 2 PHP 10,500.00 PHP 21,000.00 New Owner's Duplicate of Title 4 PHP 50,000.00 PHP 200,000.00 Appearance - DOLE/POEA/NCMB 5 PHP 2,500.00 PHP 12,500.00 Subtotal: PHP 233,500.00",LEGAL_FEES,2
"Attention: Craig Estrada Date: October 01, 2014 Re: Civil Case - Regional Trial Courts Please see the attached invoice for legal services below rendered by Santos Harris & Henderson Law Office Office. For any questions or clarifications, feel free to contact us. Thank you for your trust. BILLING STATEMENT Description Qty Unit Price Amount Civil Case Acceptance - Regional Trial Courts 5 PHP 75,000.00 PHP 375,000.00 Subtotal: PHP 375,000.00",LEGAL_FEES,2
"Attention: Amy Levy Date: July 15, 2003 Re: Comprehensive Legal Services Package (7 items) Please see the attached invoice for legal services below rendered by Summers Jefferson & Jones Law Office Office. For any questions or clarifications, feel free to contact us. Thank you for your trust. BILLING STATEMENT Description Qty Unit Price Amount Consultation with written advice (per hour or per page) 10 PHP 2,500.00 PHP 25,000.00 Non-Stock Articles & By-Laws Preparation 10 PHP 35,000.00 PHP 350,000.00 Bond/Collateral/Indemnity Agreement 1 PHP 5,000.00 PHP 5,000.00 Articles of Partnership Drafting 1 PHP 40,000.00 PHP 40,000.00 Agrarian Case - Landowner Representation 3 PHP 90,000.00 PHP 270,000.00 Land Registration (with Opposition) 3 PHP 539,718.00 PHP 1,619,154.00 Agrarian Case - Tenant Representation 5 PHP 76,000.00 PHP 380,000.00 Subtotal: PHP 2,689,154.00",LEGAL_FEES,2
"Attention: Gabriel Hubbard Date: June 05, 1999 Re: Comprehensive Legal Services Package (5 items) Please see the attached invoice for legal services below rendered by Hayden Vargas & Allen Law Office Office. For any questions or clarifications, feel free to contact us. Thank you for your trust. BILLING STATEMENT Description Qty Unit Price Amount Partnership Dissolution 10 PHP 35,000.00 PHP 350,000.00 Patent/Copyright Registration 5 PHP 150,000.00 PHP 750,000.00 Naturalization Proceedings 8 PHP 150,000.00 PHP 1,200,000.00 Appearance - OMB 2 PHP 2,500.00 PHP 5,000.00 Criminal Case Acceptance - Court of Appeals 9 PHP 85,000.00 PHP 765,000.00 Subtotal: PHP 3,070,000.00",LEGAL_FEES,2
"Attention: Katelyn Roberson Date: March 09, 2000 Re: Comprehensive Legal Services Package (7 items) Please see the attached invoice for legal services below rendered by Mcintosh Robinson & Baker Law Office Office. For any questions or clarifications, feel free to contact us. Thank you for your trust. BILLING STATEMENT Description Qty Unit Price Amount Withdrawal from Country Documents 5 PHP 35,000.00 PHP 175,000.00 New Owner's Duplicate of Title 8 PHP 50,000.00 PHP 400,000.00 Preparation and notarization of simple affidavits (jurat) 5 PHP 1,000.00 PHP 5,000.00 Criminal Case Acceptance - Regional Trial Courts 4 PHP 75,000.00 PHP 300,000.00 New Owner's Duplicate of Title 9 PHP 50,000.00 PHP 450,000.00 Eminent Domain/Expropriation Proceedings 2 PHP 126,680.00 PHP 253,360.00 Option to Purchase Real Estate 8 PHP 197,246.00 PHP 1,577,968.00 Subtotal: PHP 3,161,328.00",LEGAL_FEES,2
"Attention: Michael Nicholson Date: July 25, 2003 Re: Comprehensive Legal Services Package (7 items) Please see the attached invoice for legal services below rendered by Sanchez Barton & Rhodes Law Office Office. For any questions or clarifications, feel free to contact us. Thank you for your trust. BILLING STATEMENT Description Qty Unit Price Amount Civil Case Acceptance - Regional Trial Courts 1 PHP 75,000.00 PHP 75,000.00 Appearance - NLRC 2 PHP 3,000.00 PHP 6,000.00 Domestic Adoption Proceedings 10 PHP 75,000.00 PHP 750,000.00 Partnership Dissolution 10 PHP 35,000.00 PHP 350,000.00 Withdrawal from Country Documents 1 PHP 35,000.00 PHP 35,000.00 Agrarian Case - Landowner Representation 1 PHP 95,000.00 PHP 95,000.00 Partnership Dissolution 4 PHP 35,000.00 PHP 140,000.00 Subtotal: PHP 1,451,000.00",LEGAL_FEES,2
"Attention: Angela Williams Date: August 28, 1998 Re: Monthly Retainer for Legal Services Please see the attached invoice for legal services below rendered by Ramirez Wright & Pacheco Law Office Office. For any questions or clarifications, feel free to contact us. Thank you for your trust. BILLING STATEMENT Description Qty Unit Price Amount Monthly Legal Retainer Fee 5 PHP 8,000.00 PHP 40,000.00 Subtotal: PHP 40,000.00",LEGAL_FEES,2
"Attention: Michael Young Date: November 26, 2016 Re: Comprehensive Legal Services Package (5 items) Please see the attached invoice for legal services below rendered by Estrada Lucero & Gray Law Office Office. For any questions or clarifications, feel free to contact us. Thank you for your trust. BILLING STATEMENT Description Qty Unit Price Amount Authority to Do Business in PH 3 PHP 35,000.00 PHP 105,000.00 Monthly Legal Retainer Fee 7 PHP 8,000.00 PHP 56,000.00 Original Jurisdiction Agency Case 3 PHP 60,000.00 PHP 180,000.00 Criminal Case Acceptance - Supreme Court 10 PHP 150,000.00 PHP 1,500,000.00 Consultation with written advice (per hour or per page) 4 PHP 2,000.00 PHP 8,000.00 Subtotal: PHP 1,849,000.00",LEGAL_FEES,2
"Attention: Laura Jones Date: March 14, 2007 Re: Multiple Legal Services (3 items) Please see the attached invoice for legal services below rendered by Jackson Mathews & Green Law Office Office. For any questions or clarifications, feel free to contact us. Thank you for your trust. BILLING STATEMENT Description Qty Unit Price Amount Monthly Legal Retainer Fee 5 PHP 8,000.00 PHP 40,000.00 Research/Preliminary Study (per hour) 4 PHP 1,500.00 PHP 6,000.00 Agrarian Case - Landowner Representation 10 PHP 95,000.00 PHP 950,000.00 Subtotal: PHP 996,000.00",LEGAL_FEES,2
"Attention: Ellen Bauer Date: December 11, 2019 Re: Agrarian Relation - For landowner Please see the attached invoice for legal services below rendered by Dalton Jackson & Chandler Law Office Office. For any questions or clarifications, feel free to contact us. Thank you for your trust. BILLING STATEMENT Description Qty Unit Price Amount Agrarian Case - Landowner Representation 3 PHP 95,000.00 PHP 285,000.00 Subtotal: PHP 285,000.00",LEGAL_FEES,2
"Attention: April Rice Date: March 22, 2009 Re: Comprehensive Legal Services Package (7 items) Please see the attached invoice for legal services below rendered by Rivas Butler & Cooper Law Office Office. For any questions or clarifications, feel free to contact us. Thank you for your trust. BILLING STATEMENT Description Qty Unit Price Amount Agrarian Case - Tenant Representation 10 PHP 78,000.00 PHP 780,000.00 Criminal Case Acceptance - Court of Appeals 7 PHP 85,000.00 PHP 595,000.00 Research/Preliminary Study (per hour) 7 PHP 1,500.00 PHP 10,500.00 Withdrawal from Country Documents 1 PHP 35,000.00 PHP 35,000.00 Change of Registered Agent/Office - Foreign 1 PHP 25,000.00 PHP 25,000.00 Non-Stock Articles & By-Laws Preparation 9 PHP 35,000.00 PHP 315,000.00 Civil Case Acceptance - Regional Trial Courts 6 PHP 75,000.00 PHP 450,000.00 Subtotal: PHP 2,210,500.00",LEGAL_FEES,2
"Attention: Troy James Date: October 09, 1996 Re: Comprehensive Legal Services Package (5 items) Please see the attached invoice for legal services below rendered by Phillips Hall & Williams Law Office Office. For any questions or clarifications, feel free to contact us. Thank you for your trust. BILLING STATEMENT Description Qty Unit Price Amount Non-Stock Articles & By-Laws Preparation 5 PHP 35,000.00 PHP 175,000.00 Registered Agent Registration Documents 6 PHP 10,000.00 PHP 60,000.00 Naturalization Proceedings 5 PHP 150,000.00 PHP 750,000.00 Criminal Case Acceptance - Court of Appeals 6 PHP 85,000.00 PHP 510,000.00 Consultation with written advice (per hour or per page) 5 PHP 1,500.00 PHP 7,500.00 Subtotal: PHP 1,502,500.00",LEGAL_FEES,2
"Attention: Joseph Arellano Date: July 17, 2000 Re: Comprehensive Legal Services Package (4 items) Please see the attached invoice for legal services below rendered by Sullivan Ruiz & Williams Law Office Office. For any questions or clarifications, feel free to contact us. Thank you for your trust. BILLING STATEMENT Description Qty Unit Price Amount Research/Preliminary Study (per hour) 4 PHP 1,500.00 PHP 6,000.00 Preparation of contracts involving sale 10 PHP 48,951.00 PHP 489,510.00 Articles of Partnership Drafting 8 PHP 65,000.00 PHP 520,000.00 Deed of Donation Preparation 10 PHP 119,837.00 PHP 1,198,370.00 Subtotal: PHP 2,213,880.00",LEGAL_FEES,2
"Attention: Hector Ayala Date: May 27, 2000 Re: Consultation with written advice Please see the attached invoice for legal services below rendered by Ellis Peters & Gates Law Office Office. For any questions or clarifications, feel free to contact us. Thank you for your trust. BILLING STATEMENT Description Qty Unit Price Amount Consultation with written advice (per hour or per page) 3 PHP 2,000.00 PHP 6,000.00 Subtotal: PHP 6,000.00",LEGAL_FEES,2
"Attention: Kimberly Davis Date: February 09, 2014 Re: Multiple Legal Services (2 items) Please see the attached invoice for legal services below rendered by Ruiz Johnson & Taylor Law Office Office. For any questions or clarifications, feel free to contact us. Thank you for your trust. BILLING STATEMENT Description Qty Unit Price Amount Research/Preliminary Study (per hour) 6 PHP 1,500.00 PHP 9,000.00 Eminent Domain/Expropriation Proceedings 8 PHP 284,902.00 PHP 2,279,216.00 Subtotal: PHP 2,288,216.00",LEGAL_FEES,2
"Attention: Sarah Gonzalez Date: January 29, 1997 Re: Comprehensive Legal Services Package (6 items) Please see the attached invoice for legal services below rendered by James Barry & Harding Law Office Office. For any questions or clarifications, feel free to contact us. Thank you for your trust. BILLING STATEMENT Description Qty Unit Price Amount Business Insolvency Proceedings 3 PHP 25,000.00 PHP 75,000.00 Agrarian Case - Tenant Representation 1 PHP 78,000.00 PHP 78,000.00 Foreign Corp Registered Agent Documents 1 PHP 35,000.00 PHP 35,000.00 Court Appearance - Supreme Court 9 PHP 40,000.00 PHP 360,000.00 Criminal Case Acceptance - Court of Appeals 3 PHP 85,000.00 PHP 255,000.00 Monthly Legal Retainer Fee 5 PHP 8,000.00 PHP 40,000.00 Subtotal: PHP 843,000.00",LEGAL_FEES,2
"Attention: Adrian Gilbert Date: June 09, 2020 Re: Comprehensive Legal Services Package (6 items) Please see the attached invoice for legal services below rendered by Diaz Wright & Murillo Law Office Office. For any questions or clarifications, feel free to contact us. Thank you for your trust. BILLING STATEMENT Description Qty Unit Price Amount Reconstitution of Title 4 PHP 75,000.00 PHP 300,000.00 Appearance - NLRC 2 PHP 1,500.00 PHP 3,000.00 Motion to Discharge Preparation 9 PHP 25,000.00 PHP 225,000.00 Appearance - Labor Arbiter 10 PHP 2,000.00 PHP 20,000.00 Consultation with written advice (per hour or per page) 8 PHP 1,000.00 PHP 8,000.00 Monthly Legal Retainer Fee 9 PHP 8,000.00 PHP 72,000.00 Subtotal: PHP 628,000.00",LEGAL_FEES,2
"Attention: Robert Johnson Date: September 09, 1999 Re: Comprehensive Legal Services Package (7 items) Please see the attached invoice for legal services below rendered by Diaz Anderson & Mann Law Office Office. For any questions or clarifications, feel free to contact us. Thank you for your trust. BILLING STATEMENT Description Qty Unit Price Amount Agrarian Case - Landowner Representation 1 PHP 80,000.00 PHP 80,000.00 Husband & Wife Insolvency (Additional) 8 PHP 30,000.00 PHP 240,000.00 Registered Agent Registration Documents 3 PHP 10,000.00 PHP 30,000.00 Preparation and notarization of simple affidavits (jurat) 8 PHP 1,000.00 PHP 8,000.00 Civil Case Acceptance - Court of Appeals 8 PHP 85,000.00 PHP 680,000.00 Appellate Jurisdiction Agency Case 7 PHP 75,000.00 PHP 525,000.00 Preparation of contracts not involving sale 3 PHP 1,500.00 PHP 4,500.00 Subtotal: PHP 1,567,500.00",LEGAL_FEES,2
"Attention: Lucas Barry Date: June 07, 2006 Re: Multiple Legal Services (3 items) Please see the attached invoice for legal services below rendered by Hill Garcia & Palmer Law Office Office. For any questions or clarifications, feel free to contact us. Thank you for your trust. BILLING STATEMENT Description Qty Unit Price Amount Preparation of contracts not involving sale 6 PHP 1,500.00 PHP 9,000.00 Corporate Resolution Preparation 8 PHP 3,500.00 PHP 28,000.00 Plain Consultation (per hour) 9 PHP 1,000.00 PHP 9,000.00 Subtotal: PHP 46,000.00",LEGAL_FEES,2
"Attention: Eric Jones Date: April 27, 2007 Re: Multiple Legal Services (3 items) Please see the attached invoice for legal services below rendered by Fitzpatrick Arellano & Brady Law Office Office. For any questions or clarifications, feel free to contact us. Thank you for your trust. BILLING STATEMENT Description Qty Unit Price Amount Non-Stock Articles & By-Laws Preparation 8 PHP 35,000.00 PHP 280,000.00 Appearance - NLRC 6 PHP 9,000.00 PHP 54,000.00 Eminent Domain/Expropriation Proceedings 9 PHP 100,000.00 PHP 900,000.00 Subtotal: PHP 1,234,000.00",LEGAL_FEES,2
"Attention: Matthew Miller Date: February 17, 1997 Re: Multiple Legal Services (2 items) Please see the attached invoice for legal services below rendered by Caldwell Parker & Herman Law Office Office. For any questions or clarifications, feel free to contact us. Thank you for your trust. BILLING STATEMENT Description Qty Unit Price Amount Corporate Dissolution Documents 8 PHP 25,000.00 PHP 200,000.00 Authority to Do Business in PH 6 PHP 35,000.00 PHP 210,000.00 Subtotal: PHP 410,000.00",LEGAL_FEES,2
"Attention: William Thomas Date: December 23, 2020 Re: Comprehensive Legal Services Package (7 items) Please see the attached invoice for legal services below rendered by Green Morgan & Green Law Office Office. For any questions or clarifications, feel free to contact us. Thank you for your trust. BILLING STATEMENT Description Qty Unit Price Amount Foreign Corp Registered Agent Documents 6 PHP 35,000.00 PHP 210,000.00 Civil Case Acceptance - Court of Appeals 4 PHP 85,000.00 PHP 340,000.00 Monthly Legal Retainer Fee 10 PHP 8,000.00 PHP 80,000.00 Intercountry Adoption Proceedings 5 PHP 150,000.00 PHP 750,000.00 Creditor's Claim Filing 5 PHP 10,000.00 PHP 50,000.00 Eminent Domain/Expropriation Proceedings 5 PHP 364,507.00 PHP 1,822,535.00 Non-Stock Articles & By-Laws Preparation 4 PHP 35,000.00 PHP 140,000.00 Subtotal: PHP 3,392,535.00",LEGAL_FEES,2
"Attention: Jessica Avery Date: September 04, 2021 Re: Multiple Legal Services (3 items) Please see the attached invoice for legal services below rendered by Esparza Morris & Hodge Law Office Office. For any questions or clarifications, feel free to contact us. Thank you for your trust. BILLING STATEMENT Description Qty Unit Price Amount Agrarian Case - Landowner Representation 2 PHP 90,000.00 PHP 180,000.00 Withdrawal from Country Documents 6 PHP 35,000.00 PHP 210,000.00 Preparation of contracts involving sale 3 PHP 60,368.00 PHP 181,104.00 Subtotal: PHP 571,104.00",LEGAL_FEES,2
"Attention: Sean Salazar Date: May 04, 2007 Re: Comprehensive Legal Services Package (4 items) Please see the attached invoice for legal services below rendered by Bentley Sanders & Hubbard Law Office Office. For any questions or clarifications, feel free to contact us. Thank you for your trust. BILLING STATEMENT Description Qty Unit Price Amount Civil Case Acceptance - Supreme Court 6 PHP 150,000.00 PHP 900,000.00 Monthly Legal Retainer Fee 8 PHP 8,000.00 PHP 64,000.00 Original Jurisdiction Agency Case 7 PHP 60,000.00 PHP 420,000.00 Monthly Legal Retainer Fee 4 PHP 8,000.00 PHP 32,000.00 Subtotal: PHP 1,416,000.00",LEGAL_FEES,2
"Attention: Michelle Alvarado Date: September 11, 2017 Re: Multiple Legal Services (2 items) Please see the attached invoice for legal services below rendered by Andrews Reeves & Rodgers Law Office Office. For any questions or clarifications, feel free to contact us. Thank you for your trust. BILLING STATEMENT Description Qty Unit Price Amount Agrarian Case - Tenant Representation 7 PHP 79,000.00 PHP 553,000.00 Non-Stock Articles & By-Laws Preparation 1 PHP 35,000.00 PHP 35,000.00 Subtotal: PHP 588,000.00",LEGAL_FEES,2
"Attention: Patricia Conway Date: February 17, 2007 Re: Comprehensive Legal Services Package (4 items) Please see the attached invoice for legal services below rendered by Alvarado Rivera & Johnson Law Office Office. For any questions or clarifications, feel free to contact us. Thank you for your trust. BILLING STATEMENT Description Qty Unit Price Amount Partnership Dissolution 2 PHP 35,000.00 PHP 70,000.00 Monthly Legal Retainer Fee 5 PHP 8,000.00 PHP 40,000.00 Partnership Agreement (per month) 6 PHP 9,752.00 PHP 58,512.00 Appearance - OMB 1 PHP 2,500.00 PHP 2,500.00 Subtotal: PHP 171,012.00",LEGAL_FEES,2
"Attention: David Parsons Date: November 22, 2017 Re: Comprehensive Legal Services Package (7 items) Please see the attached invoice for legal services below rendered by Smith Hodge & Ferguson Law Office Office. For any questions or clarifications, feel free to contact us. Thank you for your trust. BILLING STATEMENT Description Qty Unit Price Amount Non-Stock Articles & By-Laws Preparation 10 PHP 35,000.00 PHP 350,000.00 Civil Case Acceptance - Supreme Court 5 PHP 150,000.00 PHP 750,000.00 Monthly Legal Retainer Fee 3 PHP 8,000.00 PHP 24,000.00 Appearance - Labor Arbiter 2 PHP 7,000.00 PHP 14,000.00 Civil Case Acceptance - Regional Trial Courts 6 PHP 75,000.00 PHP 450,000.00 Criminal Case Acceptance - Municipal Trial Courts 8 PHP 50,000.00 PHP 400,000.00 Preparation of contracts not involving sale 5 PHP 1,500.00 PHP 7,500.00 Subtotal: PHP 1,995,500.00",LEGAL_FEES,2
"Attention: Margaret Harper Date: March 30, 2006 Re: Comprehensive Legal Services Package (7 items) Please see the attached invoice for legal services below rendered by Hoover Cross & Nelson Law Office Office. For any questions or clarifications, feel free to contact us. Thank you for your trust. BILLING STATEMENT Description Qty Unit Price Amount Change of Registered Agent/Office 6 PHP 5,000.00 PHP 30,000.00 Non-Stock Articles & By-Laws Preparation 10 PHP 35,000.00 PHP 350,000.00 Preparation and notarization of simple affidavits (jurat) 3 PHP 1,000.00 PHP 3,000.00 Original Jurisdiction Agency Case 8 PHP 60,000.00 PHP 480,000.00 Husband & Wife Insolvency (Additional) 3 PHP 30,000.00 PHP 90,000.00 Non-Stock Articles & By-Laws Preparation 4 PHP 35,000.00 PHP 140,000.00 Non-Stock Articles & By-Laws Preparation 4 PHP 35,000.00 PHP 140,000.00 Subtotal: PHP 1,233,000.00",LEGAL_FEES,2
"Attention: Charles Kelly Date: August 05, 2008 Re: Multiple Legal Services (3 items) Please see the attached invoice for legal services below rendered by Johnson Morgan & Wood Law Office Office. For any questions or clarifications, feel free to contact us. Thank you for your trust. BILLING STATEMENT Description Qty Unit Price Amount Appellate Jurisdiction Agency Case 9 PHP 75,000.00 PHP 675,000.00 Civil Case Acceptance - Regional Trial Courts 10 PHP 75,000.00 PHP 750,000.00 Appearance - NLRC 3 PHP 7,500.00 PHP 22,500.00 Subtotal: PHP 1,447,500.00",LEGAL_FEES,2
"Attention: Juan Barton Date: August 19, 2011 Re: Comprehensive Legal Services Package (4 items) Please see the attached invoice for legal services below rendered by Rivera Morgan & Dennis Law Office Office. For any questions or clarifications, feel free to contact us. Thank you for your trust. BILLING STATEMENT Description Qty Unit Price Amount CBA Preparation & Acknowledgement 8 PHP 30,000.00 PHP 240,000.00 Building Contract Review/Preparation 2 PHP 165,793.00 PHP 331,586.00 Monthly Legal Retainer Fee 9 PHP 8,000.00 PHP 72,000.00 Monthly Legal Retainer Fee 4 PHP 8,000.00 PHP 32,000.00 Subtotal: PHP 675,586.00",LEGAL_FEES,2
"Attention: Dana Adams Date: July 31, 2002 Re: Comprehensive Legal Services Package (4 items) Please see the attached invoice for legal services below rendered by Molina Williams & Dillon Law Office Office. For any questions or clarifications, feel free to contact us. Thank you for your trust. BILLING STATEMENT Description Qty Unit Price Amount Plain Consultation (per hour) 5 PHP 1,000.00 PHP 5,000.00 Civil Case Acceptance - Supreme Court 4 PHP 150,000.00 PHP 600,000.00 Motion to Discharge Preparation 3 PHP 25,000.00 PHP 75,000.00 Preparation of contracts involving sale 5 PHP 108,396.00 PHP 541,980.00 Subtotal: PHP 1,221,980.00",LEGAL_FEES,2
"Attention: Jacob Guzman Date: January 06, 2024 Re: Multiple Legal Services (2 items) Please see the attached invoice for legal services below rendered by Kaiser Snyder & Jones Law Office Office. For any questions or clarifications, feel free to contact us. Thank you for your trust. BILLING STATEMENT Description Qty Unit Price Amount Non-Stock Articles & By-Laws Preparation 6 PHP 35,000.00 PHP 210,000.00 Agrarian Case - Landowner Representation 2 PHP 90,000.00 PHP 180,000.00 Subtotal: PHP 390,000.00",LEGAL_FEES,2
"Attention: Carolyn Mcpherson Date: May 03, 1996 Re: Comprehensive Legal Services Package (5 items) Please see the attached invoice for legal services below rendered by Hart Fleming & Hughes Law Office Office. For any questions or clarifications, feel free to contact us. Thank you for your trust. BILLING STATEMENT Description Qty Unit Price Amount Non-Stock Articles & By-Laws Preparation 6 PHP 35,000.00 PHP 210,000.00 Monthly Legal Retainer Fee 7 PHP 8,000.00 PHP 56,000.00 Non-Stock Articles & By-Laws Preparation 8 PHP 35,000.00 PHP 280,000.00 Civil Case Acceptance - Court of Appeals 4 PHP 85,000.00 PHP 340,000.00 Monthly Legal Retainer Fee 1 PHP 8,000.00 PHP 8,000.00 Subtotal: PHP 894,000.00",LEGAL_FEES,2
"Attention: Carol Smith Date: July 02, 2008 Re: Preparation and notarization of simple affidavits (jurat) Please see the attached invoice for legal services below rendered by Mcdonald Thornton & Blackburn Law Office Office. For any questions or clarifications, feel free to contact us. Thank you for your trust. BILLING STATEMENT Description Qty Unit Price Amount Preparation and notarization of simple affidavits (jurat) 2 PHP 1,000.00 PHP 2,000.00 Subtotal: PHP 2,000.00",LEGAL_FEES,2
"Attention: David Mendoza Date: October 02, 2024 Re: Comprehensive Legal Services Package (4 items) Please see the attached invoice for legal services below rendered by Avery Peters & Smith Law Office Office. For any questions or clarifications, feel free to contact us. Thank you for your trust. BILLING STATEMENT Description Qty Unit Price Amount Appearance - DOLE/POEA/NCMB 6 PHP 2,500.00 PHP 15,000.00 Court Appearance - Supreme Court 10 PHP 25,000.00 PHP 250,000.00 Plain Consultation (per hour) 10 PHP 1,000.00 PHP 10,000.00 Authority to Do Business in PH 8 PHP 35,000.00 PHP 280,000.00 Subtotal: PHP 555,000.00",LEGAL_FEES,2
"Attention: William Mathis Date: June 26, 2022 Re: Comprehensive Legal Services Package (5 items) Please see the attached invoice for legal services below rendered by Brady Steele & Jordan Law Office Office. For any questions or clarifications, feel free to contact us. Thank you for your trust. BILLING STATEMENT Description Qty Unit Price Amount New Owner's Duplicate of Title 7 PHP 50,000.00 PHP 350,000.00 Change of Registered Agent/Office - Foreign 7 PHP 25,000.00 PHP 175,000.00 Original Jurisdiction Agency Case 8 PHP 60,000.00 PHP 480,000.00 Criminal Case Acceptance - Supreme Court 5 PHP 150,000.00 PHP 750,000.00 Motion to Discharge Preparation 3 PHP 25,000.00 PHP 75,000.00 Subtotal: PHP 1,830,000.00",LEGAL_FEES,2
"Attention: Mary Hunter Date: July 30, 2017 Re: Multiple Legal Services (3 items) Please see the attached invoice for legal services below rendered by Young Snyder & Diaz Law Office Office. For any questions or clarifications, feel free to contact us. Thank you for your trust. BILLING STATEMENT Description Qty Unit Price Amount Corporate Resolution Preparation 8 PHP 3,500.00 PHP 28,000.00 Agrarian Case - Landowner Representation 8 PHP 100,000.00 PHP 800,000.00 Partnership Dissolution 6 PHP 35,000.00 PHP 210,000.00 Subtotal: PHP 1,038,000.00",LEGAL_FEES,2
"Attention: Brady Andrade Date: May 24, 2020 Re: Preparation of contracts involving sale Please see the attached invoice for legal services below rendered by Taylor Hoffman & Huang Law Office Office. For any questions or clarifications, feel free to contact us. Thank you for your trust. BILLING STATEMENT Description Qty Unit Price Amount Preparation of contracts involving sale 4 PHP 3,556.00 PHP 14,224.00 Subtotal: PHP 14,224.00",LEGAL_FEES,2
"Attention: Maxwell Mann Date: May 24, 2009 Re: Multiple Legal Services (3 items) Please see the attached invoice for legal services below rendered by Jackson Haas & Powell Law Office Office. For any questions or clarifications, feel free to contact us. Thank you for your trust. BILLING STATEMENT Description Qty Unit Price Amount CBA Preparation & Acknowledgement 1 PHP 30,000.00 PHP 30,000.00 Articles of Partnership Drafting 8 PHP 115,000.00 PHP 920,000.00 Mortgage Release/Extension 8 PHP 3,000.00 PHP 24,000.00 Subtotal: PHP 974,000.00",LEGAL_FEES,2
"Attention: Neil Chang Date: June 30, 2016 Re: Multiple Legal Services (3 items) Please see the attached invoice for legal services below rendered by May Grimes & Hoffman Law Office Office. For any questions or clarifications, feel free to contact us. Thank you for your trust. BILLING STATEMENT Description Qty Unit Price Amount Reconstitution of Title 2 PHP 75,000.00 PHP 150,000.00 Monthly Legal Retainer Fee 4 PHP 8,000.00 PHP 32,000.00 Plain Consultation (per hour) 2 PHP 1,000.00 PHP 2,000.00 Subtotal: PHP 184,000.00",LEGAL_FEES,2
"Attention: Stephanie Johnson Date: April 18, 2012 Re: Multiple Legal Services (2 items) Please see the attached invoice for legal services below rendered by Chavez Le & Martin Law Office Office. For any questions or clarifications, feel free to contact us. Thank you for your trust. BILLING STATEMENT Description Qty Unit Price Amount Authentication of documents 6 PHP 500.00 PHP 3,000.00 Non-Stock Articles & By-Laws Preparation 2 PHP 35,000.00 PHP 70,000.00 Subtotal: PHP 73,000.00",LEGAL_FEES,2
"Attention: Scott Diaz Date: September 15, 2024 Re: Comprehensive Legal Services Package (7 items) Please see the attached invoice for legal services below rendered by Martin Cain & Curry Law Office Office. For any questions or clarifications, feel free to contact us. Thank you for your trust. BILLING STATEMENT Description Qty Unit Price Amount CBA Preparation & Acknowledgement 7 PHP 30,000.00 PHP 210,000.00 Criminal Case Acceptance - Regional Trial Courts 9 PHP 75,000.00 PHP 675,000.00 Partnership Agreement (per month) 5 PHP 9,517.00 PHP 47,585.00 Monthly Legal Retainer Fee 10 PHP 8,000.00 PHP 80,000.00 Mortgage Release/Extension 10 PHP 3,000.00 PHP 30,000.00 Agrarian Case - Tenant Representation 8 PHP 78,000.00 PHP 624,000.00 Preparation of Attorney's Letter 3 PHP 500.00 PHP 1,500.00 Subtotal: PHP 1,668,085.00",LEGAL_FEES,2
"Attention: Brandon Rush Date: October 07, 2018 Re: Comprehensive Legal Services Package (6 items) Please see the attached invoice for legal services below rendered by Fisher Johnson & Navarro Law Office Office. For any questions or clarifications, feel free to contact us. Thank you for your trust. BILLING STATEMENT Description Qty Unit Price Amount Preparation and notarization of simple affidavits (jurat) 6 PHP 1,000.00 PHP 6,000.00 Foreign Corp Registered Agent Documents 5 PHP 35,000.00 PHP 175,000.00 Intercountry Adoption Proceedings 1 PHP 150,000.00 PHP 150,000.00 Building Contract Review/Preparation 2 PHP 166,451.00 PHP 332,902.00 Original Jurisdiction Agency Case 5 PHP 60,000.00 PHP 300,000.00 Monthly Legal Retainer Fee 4 PHP 8,000.00 PHP 32,000.00 Subtotal: PHP 995,902.00",LEGAL_FEES,2
"Attention: Hayden Blevins Date: October 02, 2009 Re: Comprehensive Legal Services Package (4 items) Please see the attached invoice for legal services below rendered by Black Johnson & Pena Law Office Office. For any questions or clarifications, feel free to contact us. Thank you for your trust. BILLING STATEMENT Description Qty Unit Price Amount Court Appearance - Supreme Court 8 PHP 10,000.00 PHP 80,000.00 Articles of Incorporation and By-Laws Preparation 2 PHP 166,000.00 PHP 332,000.00 Trade Name Registration 6 PHP 10,000.00 PHP 60,000.00 Individual Insolvency Proceedings 4 PHP 50,000.00 PHP 200,000.00 Subtotal: PHP 672,000.00",LEGAL_FEES,2
"Attention: Joseph Powers Date: August 13, 2020 Re: Monthly Retainer for Legal Services Please see the attached invoice for legal services below rendered by Morris Reeves & Thompson Law Office Office. For any questions or clarifications, feel free to contact us. Thank you for your trust. BILLING STATEMENT Description Qty Unit Price Amount Monthly Legal Retainer Fee 9 PHP 8,000.00 PHP 72,000.00 Subtotal: PHP 72,000.00",LEGAL_FEES,2
"Attention: Christopher Tapia Date: March 11, 2017 Re: Comprehensive Legal Services Package (4 items) Please see the attached invoice for legal services below rendered by Gordon Brown & Jordan Law Office Office. For any questions or clarifications, feel free to contact us. Thank you for your trust. BILLING STATEMENT Description Qty Unit Price Amount Partnership Agreement (per month) 2 PHP 8,532.00 PHP 17,064.00 Non-Stock Articles & By-Laws Preparation 10 PHP 35,000.00 PHP 350,000.00 Mortgage Release/Extension 1 PHP 3,000.00 PHP 3,000.00 Withdrawal from Country Documents 3 PHP 35,000.00 PHP 105,000.00 Subtotal: PHP 475,064.00",LEGAL_FEES,2
"Attention: Mary Smith Date: September 11, 2025 Re: Multiple Legal Services (2 items) Please see the attached invoice for legal services below rendered by White Rivera & Lewis Law Office Office. For any questions or clarifications, feel free to contact us. Thank you for your trust. BILLING STATEMENT Description Qty Unit Price Amount Civil Case Acceptance - Municipal Trial Courts 9 PHP 50,000.00 PHP 450,000.00 Agrarian Case - Landowner Representation 2 PHP 80,000.00 PHP 160,000.00 Subtotal: PHP 610,000.00",LEGAL_FEES,2
"Attention: Jessica Herman Date: December 16, 1996 Re: Comprehensive Legal Services Package (6 items) Please see the attached invoice for legal services below rendered by James Warren & Vega Law Office Office. For any questions or clarifications, feel free to contact us. Thank you for your trust. BILLING STATEMENT Description Qty Unit Price Amount Registered Agent Registration Documents 2 PHP 10,000.00 PHP 20,000.00 Appellate Jurisdiction Agency Case 8 PHP 75,000.00 PHP 600,000.00 Criminal Case Acceptance - Supreme Court 10 PHP 150,000.00 PHP 1,500,000.00 Appellate Jurisdiction Agency Case 3 PHP 75,000.00 PHP 225,000.00 Husband & Wife Insolvency (Additional) 4 PHP 30,000.00 PHP 120,000.00 Civil Case Acceptance - Supreme Court 3 PHP 150,000.00 PHP 450,000.00 Subtotal: PHP 2,915,000.00",LEGAL_FEES,2
"Attention: Matthew Hill Date: June 09, 1999 Re: Multiple Legal Services (2 items) Please see the attached invoice for legal services below rendered by Walters Clark & Hodge Law Office Office. For any questions or clarifications, feel free to contact us. Thank you for your trust. BILLING STATEMENT Description Qty Unit Price Amount Corporate Dissolution Documents 8 PHP 25,000.00 PHP 200,000.00 CBA Preparation & Acknowledgement 7 PHP 30,000.00 PHP 210,000.00 Subtotal: PHP 410,000.00",LEGAL_FEES,2
"Attention: James Graham Date: October 21, 1998 Re: Comprehensive Legal Services Package (7 items) Please see the attached invoice for legal services below rendered by Stanley Joseph & Reyes Law Office Office. For any questions or clarifications, feel free to contact us. Thank you for your trust. BILLING STATEMENT Description Qty Unit Price Amount Original Jurisdiction Agency Case 8 PHP 60,000.00 PHP 480,000.00 Agrarian Case - Tenant Representation 3 PHP 76,000.00 PHP 228,000.00 Agrarian Case - Tenant Representation 7 PHP 79,000.00 PHP 553,000.00 Corporate Dissolution Documents 9 PHP 25,000.00 PHP 225,000.00 Non-Stock Articles & By-Laws Preparation 10 PHP 35,000.00 PHP 350,000.00 Non-Stock Articles & By-Laws Preparation 8 PHP 35,000.00 PHP 280,000.00 Appellate Jurisdiction Agency Case 6 PHP 75,000.00 PHP 450,000.00 Subtotal: PHP 2,566,000.00",LEGAL_FEES,2
"Attention: Paula Singh Date: February 11, 2004 Re: Comprehensive Legal Services Package (7 items) Please see the attached invoice for legal services below rendered by Casey Johnson & Castro Law Office Office. For any questions or clarifications, feel free to contact us. Thank you for your trust. BILLING STATEMENT Description Qty Unit Price Amount Individual Insolvency Proceedings 2 PHP 50,000.00 PHP 100,000.00 Bond/Collateral/Indemnity Agreement 9 PHP 5,000.00 PHP 45,000.00 Authentication of documents 5 PHP 500.00 PHP 2,500.00 Monthly Legal Retainer Fee 1 PHP 8,000.00 PHP 8,000.00 Bond/Collateral/Indemnity Agreement 1 PHP 5,000.00 PHP 5,000.00 Husband & Wife Insolvency (Additional) 2 PHP 30,000.00 PHP 60,000.00 Creditor's Claim Filing 3 PHP 10,000.00 PHP 30,000.00 Subtotal: PHP 250,500.00",LEGAL_FEES,2
"Attention: Chase James Date: February 26, 2014 Re: Dissolution, including notices to creditors and agreements Please see the attached invoice for legal services below rendered by Hart Meyer & Harding Law Office Office. For any questions or clarifications, feel free to contact us. Thank you for your trust. BILLING STATEMENT Description Qty Unit Price Amount Partnership Dissolution 5 PHP 35,000.00 PHP 175,000.00 Subtotal: PHP 175,000.00",LEGAL_FEES,2
"Attention: Becky Gonzalez Date: August 24, 2017 Re: Comprehensive Legal Services Package (5 items) Please see the attached invoice for legal services below rendered by Sullivan Thompson & Meyer Law Office Office. For any questions or clarifications, feel free to contact us. Thank you for your trust. BILLING STATEMENT Description Qty Unit Price Amount Non-Stock Articles & By-Laws Preparation 9 PHP 35,000.00 PHP 315,000.00 Civil Case Acceptance - Regional Trial Courts 6 PHP 75,000.00 PHP 450,000.00 Authority to Do Business in PH 4 PHP 35,000.00 PHP 140,000.00 Appellate Jurisdiction Agency Case 10 PHP 75,000.00 PHP 750,000.00 Non-Stock Articles & By-Laws Preparation 7 PHP 35,000.00 PHP 245,000.00 Subtotal: PHP 1,900,000.00",LEGAL_FEES,2
"Attention: Julie Perez Date: November 01, 2010 Re: Comprehensive Legal Services Package (5 items) Please see the attached invoice for legal services below rendered by Stewart Hernandez & Hernandez Law Office Office. For any questions or clarifications, feel free to contact us. Thank you for your trust. BILLING STATEMENT Description Qty Unit Price Amount Testate/Intestate Proceedings with Opposition 4 PHP 768,497.00 PHP 3,073,988.00 Foreign Corp Registered Agent Documents 3 PHP 35,000.00 PHP 105,000.00 Court Appearance - Sandiganbayan 5 PHP 10,000.00 PHP 50,000.00 Court Appearance - Ombudsman 2 PHP 10,000.00 PHP 20,000.00 Change of Registered Agent/Office - Foreign 8 PHP 25,000.00 PHP 200,000.00 Subtotal: PHP 3,448,988.00",LEGAL_FEES,2
"Attention: Tanya Rogers Date: September 01, 2006 Re: Multiple Legal Services (3 items) Please see the attached invoice for legal services below rendered by Johnson Spencer & Hughes Law Office Office. For any questions or clarifications, feel free to contact us. Thank you for your trust. BILLING STATEMENT Description Qty Unit Price Amount Civil Case Acceptance - Regional Trial Courts 3 PHP 75,000.00 PHP 225,000.00 Monthly Legal Retainer Fee 9 PHP 8,000.00 PHP 72,000.00 Civil Case Acceptance - Municipal Trial Courts 9 PHP 50,000.00 PHP 450,000.00 Subtotal: PHP 747,000.00",LEGAL_FEES,2
"Attention: Alicia Stewart Date: February 07, 1999 Re: Comprehensive Legal Services Package (6 items) Please see the attached invoice for legal services below rendered by Smith Snyder & Johnson Law Office Office. For any questions or clarifications, feel free to contact us. Thank you for your trust. BILLING STATEMENT Description Qty Unit Price Amount Preparation of Attorney's Letter 1 PHP 500.00 PHP 500.00 Corporate Dissolution Documents 4 PHP 25,000.00 PHP 100,000.00 Criminal Case Acceptance - Court of Appeals 2 PHP 85,000.00 PHP 170,000.00 Building Contract Review/Preparation 1 PHP 121,702.00 PHP 121,702.00 Civil Case Acceptance - Municipal Trial Courts 2 PHP 50,000.00 PHP 100,000.00 Non-Stock Articles & By-Laws Preparation 9 PHP 35,000.00 PHP 315,000.00 Subtotal: PHP 807,202.00",LEGAL_FEES,2
"Attention: Veronica Edwards Date: March 10, 2017 Re: Multiple Legal Services (2 items) Please see the attached invoice for legal services below rendered by Johnson Roberts & Young Law Office Office. For any questions or clarifications, feel free to contact us. Thank you for your trust. BILLING STATEMENT Description Qty Unit Price Amount Eminent Domain/Expropriation Proceedings 5 PHP 435,149.00 PHP 2,175,745.00 Option to Purchase Real Estate 3 PHP 120,994.00 PHP 362,982.00 Subtotal: PHP 2,538,727.00",LEGAL_FEES,2
"Attention: Wayne Armstrong Date: February 25, 2007 Re: Comprehensive Legal Services Package (7 items) Please see the attached invoice for legal services below rendered by Copeland Sanchez & Garcia Law Office Office. For any questions or clarifications, feel free to contact us. Thank you for your trust. BILLING STATEMENT Description Qty Unit Price Amount Preparation and notarization of simple affidavits (jurat) 10 PHP 1,000.00 PHP 10,000.00 Partnership Agreement (per month) 3 PHP 8,612.00 PHP 25,836.00 Bond/Collateral/Indemnity Agreement 6 PHP 5,000.00 PHP 30,000.00 Building Contract Review/Preparation 1 PHP 230,004.00 PHP 230,004.00 Agrarian Case - Landowner Representation 1 PHP 85,000.00 PHP 85,000.00 Monthly Legal Retainer Fee 4 PHP 8,000.00 PHP 32,000.00 Monthly Legal Retainer Fee 7 PHP 8,000.00 PHP 56,000.00 Subtotal: PHP 468,840.00",LEGAL_FEES,2
"Attention: Stephen Lynn Date: March 30, 2015 Re: Comprehensive Legal Services Package (5 items) Please see the attached invoice for legal services below rendered by Wright Rivera & Raymond Law Office Office. For any questions or clarifications, feel free to contact us. Thank you for your trust. BILLING STATEMENT Description Qty Unit Price Amount Building Contract Review/Preparation 4 PHP 95,621.00 PHP 382,484.00 Stockholders Agreement/Voting Trust 2 PHP 30,000.00 PHP 60,000.00 Eminent Domain/Expropriation Proceedings 10 PHP 455,605.00 PHP 4,556,050.00 Preparation and notarization of simple affidavits (jurat) 3 PHP 1,000.00 PHP 3,000.00 Foreign Corp Registered Agent Documents 4 PHP 35,000.00 PHP 140,000.00 Subtotal: PHP 5,141,534.00",LEGAL_FEES,2
"Attention: Billy Lewis Date: July 30, 2021 Re: Multiple Legal Services (2 items) Please see the attached invoice for legal services below rendered by Alvarez Thomas & Jones Law Office Office. For any questions or clarifications, feel free to contact us. Thank you for your trust. BILLING STATEMENT Description Qty Unit Price Amount Option to Purchase Real Estate 2 PHP 209,168.00 PHP 418,336.00 Preparation of contracts not involving sale 1 PHP 1,500.00 PHP 1,500.00 Subtotal: PHP 419,836.00",LEGAL_FEES,2
"Attention: Monica Bowen Date: January 19, 2016 Re: Multiple Legal Services (3 items) Please see the attached invoice for legal services below rendered by Nielsen Wright & Harris Law Office Office. For any questions or clarifications, feel free to contact us. Thank you for your trust. BILLING STATEMENT Description Qty Unit Price Amount Business Insolvency Proceedings 4 PHP 25,000.00 PHP 100,000.00 Agrarian Case - Landowner Representation 8 PHP 95,000.00 PHP 760,000.00 Agrarian Case - Tenant Representation 9 PHP 77,000.00 PHP 693,000.00 Subtotal: PHP 1,553,000.00",LEGAL_FEES,2
"Attention: Taylor Hahn Date: December 28, 2017 Re: Multiple Legal Services (3 items) Please see the attached invoice for legal services below rendered by Guerrero Adams & Sexton Law Office Office. For any questions or clarifications, feel free to contact us. Thank you for your trust. BILLING STATEMENT Description Qty Unit Price Amount Preparation of contracts not involving sale 5 PHP 1,500.00 PHP 7,500.00 Preparation of contracts not involving sale 8 PHP 1,500.00 PHP 12,000.00 Non-Stock Articles & By-Laws Preparation 10 PHP 35,000.00 PHP 350,000.00 Subtotal: PHP 369,500.00",LEGAL_FEES,2
"Attention: Kristine Steele Date: December 01, 2006 Re: Comprehensive Legal Services Package (6 items) Please see the attached invoice for legal services below rendered by Lopez Peters & Phelps Law Office Office. For any questions or clarifications, feel free to contact us. Thank you for your trust. BILLING STATEMENT Description Qty Unit Price Amount CBA Preparation & Acknowledgement 7 PHP 30,000.00 PHP 210,000.00 Withdrawal from Country Documents 10 PHP 35,000.00 PHP 350,000.00 Articles of Partnership Drafting 6 PHP 100,000.00 PHP 600,000.00 Trade Name Registration 4 PHP 10,000.00 PHP 40,000.00 Civil Case Acceptance - Municipal Trial Courts 2 PHP 50,000.00 PHP 100,000.00 Consultation with written advice (per hour or per page) 1 PHP 1,000.00 PHP 1,000.00 Subtotal: PHP 1,301,000.00",LEGAL_FEES,2
"Attention: Thomas Thompson Date: April 11, 2006 Re: Multiple Legal Services (3 items) Please see the attached invoice for legal services below rendered by Snyder Cox & Jackson Law Office Office. For any questions or clarifications, feel free to contact us. Thank you for your trust. BILLING STATEMENT Description Qty Unit Price Amount Corporate Reports Filing Preparation 3 PHP 6,000.00 PHP 18,000.00 Original Jurisdiction Agency Case 10 PHP 60,000.00 PHP 600,000.00 Non-Stock Articles & By-Laws Preparation 4 PHP 35,000.00 PHP 140,000.00 Subtotal: PHP 758,000.00",LEGAL_FEES,2
"Attention: Brandy Johnson Date: May 11, 1997 Re: Comprehensive Legal Services Package (4 items) Please see the attached invoice for legal services below rendered by Sanders Cole & Robertson Law Office Office. For any questions or clarifications, feel free to contact us. Thank you for your trust. BILLING STATEMENT Description Qty Unit Price Amount Business Insolvency Proceedings 6 PHP 25,000.00 PHP 150,000.00 Change of Registered Agent/Office - Foreign 4 PHP 25,000.00 PHP 100,000.00 Eminent Domain/Expropriation Proceedings 4 PHP 100,000.00 PHP 400,000.00 Non-Stock Articles & By-Laws Preparation 7 PHP 35,000.00 PHP 245,000.00 Subtotal: PHP 895,000.00",LEGAL_FEES,2
"Attention: Samuel Allen Date: December 24, 2000 Re: Comprehensive Legal Services Package (6 items) Please see the attached invoice for legal services below rendered by Williams Ramos & Hale Law Office Office. For any questions or clarifications, feel free to contact us. Thank you for your trust. BILLING STATEMENT Description Qty Unit Price Amount Civil Case Acceptance - Regional Trial Courts 2 PHP 75,000.00 PHP 150,000.00 Trade Name Registration 7 PHP 10,000.00 PHP 70,000.00 Monthly Legal Retainer Fee 10 PHP 8,000.00 PHP 80,000.00 Non-Stock Articles & By-Laws Preparation 5 PHP 35,000.00 PHP 175,000.00 Authority to Do Business in PH 8 PHP 35,000.00 PHP 280,000.00 Monthly Legal Retainer Fee 5 PHP 8,000.00 PHP 40,000.00 Subtotal: PHP 795,000.00",LEGAL_FEES,2
"Attention: Dustin Willis Date: January 24, 2020 Re: Multiple Legal Services (2 items) Please see the attached invoice for legal services below rendered by Contreras Sanchez & Hoffman Law Office Office. For any questions or clarifications, feel free to contact us. Thank you for your trust. BILLING STATEMENT Description Qty Unit Price Amount Mortgage Release/Extension 1 PHP 3,000.00 PHP 3,000.00 Individual Insolvency Proceedings 3 PHP 50,000.00 PHP 150,000.00 Subtotal: PHP 153,000.00",LEGAL_FEES,2
"Attention: Kayla Reynolds Date: April 20, 2002 Re: Civil Case - Supreme Court Please see the attached invoice for legal services below rendered by Hendricks Davis & Mccoy Law Office Office. For any questions or clarifications, feel free to contact us. Thank you for your trust. BILLING STATEMENT Description Qty Unit Price Amount Civil Case Acceptance - Supreme Court 1 PHP 150,000.00 PHP 150,000.00 Subtotal: PHP 150,000.00",LEGAL_FEES,2
"Attention: Alyssa Barry Date: September 29, 2003 Re: Comprehensive Legal Services Package (5 items) Please see the attached invoice for legal services below rendered by Thomas Wolfe & Jones Law Office Office. For any questions or clarifications, feel free to contact us. Thank you for your trust. BILLING STATEMENT Description Qty Unit Price Amount Civil Case Acceptance - Regional Trial Courts 8 PHP 75,000.00 PHP 600,000.00 Appellate Jurisdiction Agency Case 3 PHP 75,000.00 PHP 225,000.00 Husband & Wife Insolvency (Additional) 7 PHP 30,000.00 PHP 210,000.00 Building Contract Review/Preparation 3 PHP 266,165.00 PHP 798,495.00 Deed of Donation Preparation 6 PHP 74,592.00 PHP 447,552.00 Subtotal: PHP 2,281,047.00",LEGAL_FEES,2
"Attention: Tara Faulkner Date: October 12, 1999 Re: NLRC Appearance Please see the attached invoice for legal services below rendered by Ramos Turner & Stewart Law Office Office. For any questions or clarifications, feel free to contact us. Thank you for your trust. BILLING STATEMENT Description Qty Unit Price Amount Appearance - NLRC 7 PHP 3,000.00 PHP 21,000.00 Subtotal: PHP 21,000.00",LEGAL_FEES,2
"Attention: Patricia Collins Date: June 29, 1996 Re: Multiple Legal Services (3 items) Please see the attached invoice for legal services below rendered by Carter Neal & Richards Law Office Office. For any questions or clarifications, feel free to contact us. Thank you for your trust. BILLING STATEMENT Description Qty Unit Price Amount Foreign Corp Registered Agent Documents 8 PHP 35,000.00 PHP 280,000.00 Testate/Intestate Proceedings with Opposition 8 PHP 370,096.00 PHP 2,960,768.00 Authentication of documents 8 PHP 500.00 PHP 4,000.00 Subtotal: PHP 3,244,768.00",LEGAL_FEES,2
"Attention: Samuel Kaiser Date: February 11, 2024 Re: Comprehensive Legal Services Package (7 items) Please see the attached invoice for legal services below rendered by Young Acosta & Hernandez Law Office Office. For any questions or clarifications, feel free to contact us. Thank you for your trust. BILLING STATEMENT Description Qty Unit Price Amount Non-Stock Articles & By-Laws Preparation 5 PHP 35,000.00 PHP 175,000.00 Articles of Incorporation and By-Laws Preparation 3 PHP 38,000.00 PHP 114,000.00 Stockholders Agreement/Voting Trust 3 PHP 30,000.00 PHP 90,000.00 Court Appearance - Supreme Court 4 PHP 20,000.00 PHP 80,000.00 Trade Name Registration 5 PHP 10,000.00 PHP 50,000.00 Preparation of contracts not involving sale 1 PHP 1,500.00 PHP 1,500.00 Appearance - OMB 5 PHP 2,500.00 PHP 12,500.00 Subtotal: PHP 523,000.00",LEGAL_FEES,2
"Attention: Rachel Nichols Date: August 27, 1996 Re: Partnership Agreement Please see the attached invoice for legal services below rendered by Jones Sanchez & Lopez Law Office Office. For any questions or clarifications, feel free to contact us. Thank you for your trust. BILLING STATEMENT Description Qty Unit Price Amount Partnership Agreement (per month) 2 PHP 9,038.00 PHP 18,076.00 Subtotal: PHP 18,076.00",LEGAL_FEES,2
"Attention: Michael Moore Date: January 16, 2024 Re: Articles of Incorporation and By-Laws of non-stock Please see the attached invoice for legal services below rendered by Tapia Richardson & Mann Law Office Office. For any questions or clarifications, feel free to contact us. Thank you for your trust. BILLING STATEMENT Description Qty Unit Price Amount Non-Stock Articles & By-Laws Preparation 2 PHP 35,000.00 PHP 70,000.00 Subtotal: PHP 70,000.00",LEGAL_FEES,2
"Attention: Aaron Valentine Date: October 18, 2017 Re: Correction of entries/Change of Name Please see the attached invoice for legal services below rendered by Grant Hayes & Wilson Law Office Office. For any questions or clarifications, feel free to contact us. Thank you for your trust. BILLING STATEMENT Description Qty Unit Price Amount Correction of entries/Change of Name 8 PHP 40,000.00 PHP 320,000.00 Subtotal: PHP 320,000.00",LEGAL_FEES,2
"Attention: Matthew Lee Date: February 09, 2005 Re: Registration of trade name Please see the attached invoice for legal services below rendered by Johns Vincent & Cherry Law Office Office. For any questions or clarifications, feel free to contact us. Thank you for your trust. BILLING STATEMENT Description Qty Unit Price Amount Trade Name Registration 1 PHP 10,000.00 PHP 10,000.00 Subtotal: PHP 10,000.00",LEGAL_FEES,2
"Attention: Susan Glenn Date: October 18, 1996 Re: Comprehensive Legal Services Package (7 items) Please see the attached invoice for legal services below rendered by White Powers & Miller Law Office Office. For any questions or clarifications, feel free to contact us. Thank you for your trust. BILLING STATEMENT Description Qty Unit Price Amount Appearance - DOLE/POEA/NCMB 4 PHP 2,500.00 PHP 10,000.00 Articles of Partnership Drafting 6 PHP 55,000.00 PHP 330,000.00 Preparation of contracts involving sale 9 PHP 64,777.00 PHP 582,993.00 Authentication of documents 6 PHP 500.00 PHP 3,000.00 Monthly Legal Retainer Fee 3 PHP 8,000.00 PHP 24,000.00 Stockholders Agreement/Voting Trust 7 PHP 30,000.00 PHP 210,000.00 Original Jurisdiction Agency Case 4 PHP 60,000.00 PHP 240,000.00 Subtotal: PHP 1,399,993.00",LEGAL_FEES,2
"Attention: Keith Thompson Date: February 14, 2013 Re: Multiple Legal Services (3 items) Please see the attached invoice for legal services below rendered by Walter Barber & Moss Law Office Office. For any questions or clarifications, feel free to contact us. Thank you for your trust. BILLING STATEMENT Description Qty Unit Price Amount Agrarian Case - Landowner Representation 4 PHP 85,000.00 PHP 340,000.00 Appellate Jurisdiction Agency Case 4 PHP 75,000.00 PHP 300,000.00 Criminal Case Acceptance - Supreme Court 3 PHP 150,000.00 PHP 450,000.00 Subtotal: PHP 1,090,000.00",LEGAL_FEES,2
"Attention: Michael Knox Date: August 08, 1996 Re: Comprehensive Legal Services Package (6 items) Please see the attached invoice for legal services below rendered by Roberts Smith & Sullivan Law Office Office. For any questions or clarifications, feel free to contact us. Thank you for your trust. BILLING STATEMENT Description Qty Unit Price Amount Deed of Donation Preparation 10 PHP 20,000.00 PHP 200,000.00 Preparation of contracts involving sale 6 PHP 94,167.00 PHP 565,002.00 Appearance - Other Administrative Agencies 3 PHP 7,500.00 PHP 22,500.00 Monthly Legal Retainer Fee 10 PHP 8,000.00 PHP 80,000.00 Monthly Legal Retainer Fee 6 PHP 8,000.00 PHP 48,000.00 Original Jurisdiction Agency Case 10 PHP 60,000.00 PHP 600,000.00 Subtotal: PHP 1,515,502.00",LEGAL_FEES,2
"Attention: Samuel Perkins Date: December 24, 2003 Re: Appellate Jurisdiction Please see the attached invoice for legal services below rendered by Knight Reynolds & King Law Office Office. For any questions or clarifications, feel free to contact us. Thank you for your trust. BILLING STATEMENT Description Qty Unit Price Amount Appellate Jurisdiction Agency Case 4 PHP 75,000.00 PHP 300,000.00 Subtotal: PHP 300,000.00",LEGAL_FEES,2
"Attention: Trevor Fisher Date: June 11, 1998 Re: Comprehensive Legal Services Package (7 items) Please see the attached invoice for legal services below rendered by Sheppard Martin & Johnson Law Office Office. For any questions or clarifications, feel free to contact us. Thank you for your trust. BILLING STATEMENT Description Qty Unit Price Amount Deed of Donation Preparation 10 PHP 87,513.00 PHP 875,130.00 Partnership Agreement (per month) 8 PHP 9,786.00 PHP 78,288.00 Building Contract Review/Preparation 3 PHP 161,444.00 PHP 484,332.00 Civil Case Acceptance - Supreme Court 2 PHP 150,000.00 PHP 300,000.00 Court Appearance - Supreme Court 1 PHP 15,000.00 PHP 15,000.00 Partnership Agreement (per month) 10 PHP 8,813.00 PHP 88,130.00 Civil Case Acceptance - Regional Trial Courts 10 PHP 75,000.00 PHP 750,000.00 Subtotal: PHP 2,590,880.00",LEGAL_FEES,2
"Attention: Aaron Lane Date: September 16, 1996 Re: Agrarian Relation - For Tenant Please see the attached invoice for legal services below rendered by Lopez Rodgers & Johnson Law Office Office. For any questions or clarifications, feel free to contact us. Thank you for your trust. BILLING STATEMENT Description Qty Unit Price Amount Agrarian Case - Tenant Representation 7 PHP 79,000.00 PHP 553,000.00 Subtotal: PHP 553,000.00",LEGAL_FEES,2
"Attention: Erica Stewart Date: June 08, 2026 Re: Comprehensive Legal Services Package (6 items) Please see the attached invoice for legal services below rendered by Mullins Osborne & Ramirez Law Office Office. For any questions or clarifications, feel free to contact us. Thank you for your trust. BILLING STATEMENT Description Qty Unit Price Amount Mortgage Release/Extension 1 PHP 3,000.00 PHP 3,000.00 Appearance - Labor Arbiter 6 PHP 4,000.00 PHP 24,000.00 Criminal Case Acceptance - Supreme Court 8 PHP 150,000.00 PHP 1,200,000.00 Agrarian Case - Tenant Representation 8 PHP 80,000.00 PHP 640,000.00 Civil Case Acceptance - Municipal Trial Courts 9 PHP 50,000.00 PHP 450,000.00 Agrarian Case - Tenant Representation 4 PHP 77,000.00 PHP 308,000.00 Subtotal: PHP 2,625,000.00",LEGAL_FEES,2
"Attention: Jaime Hudson Date: February 23, 2026 Re: Comprehensive Legal Services Package (6 items) Please see the attached invoice for legal services below rendered by Peters Ramos & Miller Law Office Office. For any questions or clarifications, feel free to contact us. Thank you for your trust. BILLING STATEMENT Description Qty Unit Price Amount Preparation and notarization of simple affidavits (jurat) 4 PHP 1,000.00 PHP 4,000.00 Corporate Reports Filing Preparation 5 PHP 6,000.00 PHP 30,000.00 Preparation and notarization of simple affidavits (jurat) 9 PHP 1,000.00 PHP 9,000.00 Trade Name Registration 3 PHP 10,000.00 PHP 30,000.00 Civil Case Acceptance - Regional Trial Courts 2 PHP 75,000.00 PHP 150,000.00 Agrarian Case - Tenant Representation 10 PHP 77,000.00 PHP 770,000.00 Subtotal: PHP 993,000.00",LEGAL_FEES,2
"Attention: Travis Green Date: October 17, 2021 Re: Comprehensive Legal Services Package (4 items) Please see the attached invoice for legal services below rendered by Austin Thompson & Williams Law Office Office. For any questions or clarifications, feel free to contact us. Thank you for your trust. BILLING STATEMENT Description Qty Unit Price Amount Criminal Case Acceptance - Municipal Trial Courts 9 PHP 50,000.00 PHP 450,000.00 Authentication of documents 7 PHP 900.00 PHP 6,300.00 CBA Preparation & Acknowledgement 8 PHP 30,000.00 PHP 240,000.00 Preparation of contracts involving sale 8 PHP 30,859.00 PHP 246,872.00 Subtotal: PHP 943,172.00",LEGAL_FEES,2
"Attention: Kaitlyn Jones Date: February 13, 2024 Re: Multiple Legal Services (2 items) Please see the attached invoice for legal services below rendered by Olson Jones & Alexander Law Office Office. For any questions or clarifications, feel free to contact us. Thank you for your trust. BILLING STATEMENT Description Qty Unit Price Amount Preparation and notarization of simple affidavits (jurat) 4 PHP 1,000.00 PHP 4,000.00 Eminent Domain/Expropriation Proceedings 10 PHP 100,000.00 PHP 1,000,000.00 Subtotal: PHP 1,004,000.00",LEGAL_FEES,2
"Attention: Kayla Johnson Date: May 05, 2009 Re: Plain Consultation Please see the attached invoice for legal services below rendered by Black Wright & Archer Law Office Office. For any questions or clarifications, feel free to contact us. Thank you for your trust. BILLING STATEMENT Description Qty Unit Price Amount Plain Consultation (per hour) 10 PHP 1,000.00 PHP 10,000.00 Subtotal: PHP 10,000.00",LEGAL_FEES,2
"Attention: Jake Cole Date: September 11, 2007 Re: Comprehensive Legal Services Package (4 items) Please see the attached invoice for legal services below rendered by Mcintosh Hunt & Higgins Law Office Office. For any questions or clarifications, feel free to contact us. Thank you for your trust. BILLING STATEMENT Description Qty Unit Price Amount Criminal Case Acceptance - Supreme Court 6 PHP 150,000.00 PHP 900,000.00 Preparation of Attorney's Letter 3 PHP 500.00 PHP 1,500.00 Monthly Legal Retainer Fee 3 PHP 8,000.00 PHP 24,000.00 Monthly Legal Retainer Fee 1 PHP 8,000.00 PHP 8,000.00 Subtotal: PHP 933,500.00",LEGAL_FEES,2
"Attention: Jacob Hill Date: February 10, 2023 Re: Comprehensive Legal Services Package (6 items) Please see the attached invoice for legal services below rendered by Clarke Davis & Allen Law Office Office. For any questions or clarifications, feel free to contact us. Thank you for your trust. BILLING STATEMENT Description Qty Unit Price Amount Court Appearance - Municipal Trial Courts 4 PHP 2,500.00 PHP 10,000.00 Agrarian Case - Landowner Representation 8 PHP 80,000.00 PHP 640,000.00 Husband & Wife Insolvency (Additional) 2 PHP 30,000.00 PHP 60,000.00 Articles of Partnership Drafting 5 PHP 40,000.00 PHP 200,000.00 Appearance - Other Administrative Agencies 9 PHP 4,500.00 PHP 40,500.00 Corporate Resolution Preparation 9 PHP 3,500.00 PHP 31,500.00 Subtotal: PHP 982,000.00",LEGAL_FEES,2
"Attention: Cynthia Young Date: October 17, 2025 Re: Preparation of Attorney's Letter Please see the attached invoice for legal services below rendered by Moore Thomas & Joseph Law Office Office. For any questions or clarifications, feel free to contact us. Thank you for your trust. BILLING STATEMENT Description Qty Unit Price Amount Preparation of Attorney's Letter 7 PHP 500.00 PHP 3,500.00 Subtotal: PHP 3,500.00",LEGAL_FEES,2
"Attention: Tasha Reed Date: March 04, 2012 Re: Comprehensive Legal Services Package (4 items) Please see the attached invoice for legal services below rendered by Salazar Fields & Wells Law Office Office. For any questions or clarifications, feel free to contact us. Thank you for your trust. BILLING STATEMENT Description Qty Unit Price Amount CBA Negotiation and Execution 8 PHP 22,500.00 PHP 180,000.00 Change of Registered Agent/Office 10 PHP 5,000.00 PHP 50,000.00 Consultation with written advice (per hour or per page) 5 PHP 2,500.00 PHP 12,500.00 Agrarian Case - Tenant Representation 10 PHP 80,000.00 PHP 800,000.00 Subtotal: PHP 1,042,500.00",LEGAL_FEES,2
"Attention: Diamond Joseph Date: November 05, 2014 Re: Comprehensive Legal Services Package (7 items) Please see the attached invoice for legal services below rendered by Brock Johnson & Lynch Law Office Office. For any questions or clarifications, feel free to contact us. Thank you for your trust. BILLING STATEMENT Description Qty Unit Price Amount Trade Name Registration 2 PHP 10,000.00 PHP 20,000.00 Corporate Dissolution Documents 8 PHP 25,000.00 PHP 200,000.00 Court Appearance - Supreme Court 10 PHP 20,000.00 PHP 200,000.00 Criminal Case Acceptance - Court of Appeals 5 PHP 85,000.00 PHP 425,000.00 Corporate Resolution Preparation 6 PHP 3,500.00 PHP 21,000.00 Plain Consultation (per hour) 2 PHP 1,000.00 PHP 2,000.00 Election Case Representation 1 PHP 120,000.00 PHP 120,000.00 Subtotal: PHP 988,000.00",LEGAL_FEES,2
"Attention: Kelly Williams Date: March 30, 2002 Re: Comprehensive Legal Services Package (6 items) Please see the attached invoice for legal services below rendered by Lucas Cruz & Estrada Law Office Office. For any questions or clarifications, feel free to contact us. Thank you for your trust. BILLING STATEMENT Description Qty Unit Price Amount Eminent Domain/Expropriation Proceedings 3 PHP 499,258.00 PHP 1,497,774.00 Testate/Intestate Proceedings without Opposition 1 PHP 435,496.00 PHP 435,496.00 Corporate Dissolution Documents 10 PHP 25,000.00 PHP 250,000.00 Agrarian Case - Landowner Representation 3 PHP 100,000.00 PHP 300,000.00 Agrarian Case - Tenant Representation 8 PHP 76,000.00 PHP 608,000.00 Authority to Do Business in PH 10 PHP 35,000.00 PHP 350,000.00 Subtotal: PHP 3,441,270.00",LEGAL_FEES,2
"Attention: Tracy Anderson Date: November 14, 2008 Re: Preparation of contracts involving sale Please see the attached invoice for legal services below rendered by Willis Huerta & Allen Law Office Office. For any questions or clarifications, feel free to contact us. Thank you for your trust. BILLING STATEMENT Description Qty Unit Price Amount Preparation of contracts involving sale 10 PHP 87,806.00 PHP 878,060.00 Subtotal: PHP 878,060.00",LEGAL_FEES,2
"Attention: Stephen Sims Date: November 27, 2021 Re: Multiple Legal Services (3 items) Please see the attached invoice for legal services below rendered by Morris Tucker & Coleman Law Office Office. For any questions or clarifications, feel free to contact us. Thank you for your trust. BILLING STATEMENT Description Qty Unit Price Amount Agrarian Case - Tenant Representation 1 PHP 79,000.00 PHP 79,000.00 Authority to Do Business in PH 10 PHP 35,000.00 PHP 350,000.00 Mortgage Release/Extension 6 PHP 3,000.00 PHP 18,000.00 Subtotal: PHP 447,000.00",LEGAL_FEES,2
"Attention: Michael Escobar Date: October 27, 2014 Re: Bond, collateral or indemnity Please see the attached invoice for legal services below rendered by Smith Ewing & Bennett Law Office Office. For any questions or clarifications, feel free to contact us. Thank you for your trust. BILLING STATEMENT Description Qty Unit Price Amount Bond/Collateral/Indemnity Agreement 10 PHP 5,000.00 PHP 50,000.00 Subtotal: PHP 50,000.00",LEGAL_FEES,2
"Attention: Matthew Allen Date: September 03, 1997 Re: Comprehensive Legal Services Package (6 items) Please see the attached invoice for legal services below rendered by Gallagher Moore & Alvarez Law Office Office. For any questions or clarifications, feel free to contact us. Thank you for your trust. BILLING STATEMENT Description Qty Unit Price Amount Monthly Legal Retainer Fee 2 PHP 8,000.00 PHP 16,000.00 Preparation and notarization of simple affidavits (jurat) 9 PHP 1,000.00 PHP 9,000.00 Corporate Dissolution Documents 7 PHP 25,000.00 PHP 175,000.00 Criminal Case Acceptance - Municipal Trial Courts 1 PHP 50,000.00 PHP 50,000.00 Original Jurisdiction Agency Case 9 PHP 60,000.00 PHP 540,000.00 Eminent Domain/Expropriation Proceedings 4 PHP 362,125.00 PHP 1,448,500.00 Subtotal: PHP 2,238,500.00",LEGAL_FEES,2
"Attention: Jesse Bond Date: January 13, 1999 Re: Articles of Incorporation and By-Laws of non-stock Please see the attached invoice for legal services below rendered by Bradford Davis & Adams Law Office Office. For any questions or clarifications, feel free to contact us. Thank you for your trust. BILLING STATEMENT Description Qty Unit Price Amount Non-Stock Articles & By-Laws Preparation 1 PHP 35,000.00 PHP 35,000.00 Subtotal: PHP 35,000.00",LEGAL_FEES,2
"Attention: Pam Steele Date: August 02, 2025 Re: Agrarian Relation - For Tenant Please see the attached invoice for legal services below rendered by Fitzgerald Rodgers & Cardenas Law Office Office. For any questions or clarifications, feel free to contact us. Thank you for your trust. BILLING STATEMENT Description Qty Unit Price Amount Agrarian Case - Tenant Representation 4 PHP 78,000.00 PHP 312,000.00 Subtotal: PHP 312,000.00",LEGAL_FEES,2
"Attention: Jessica Conway Date: May 28, 2007 Re: Comprehensive Legal Services Package (4 items) Please see the attached invoice for legal services below rendered by Snyder Pugh & Knight Law Office Office. For any questions or clarifications, feel free to contact us. Thank you for your trust. BILLING STATEMENT Description Qty Unit Price Amount Civil Case Acceptance - Supreme Court 9 PHP 150,000.00 PHP 1,350,000.00 Partnership Agreement (per month) 2 PHP 8,262.00 PHP 16,524.00 Corporate Dissolution Documents 2 PHP 25,000.00 PHP 50,000.00 Monthly Legal Retainer Fee 10 PHP 8,000.00 PHP 80,000.00 Subtotal: PHP 1,496,524.00",LEGAL_FEES,2
"Attention: Steven Brewer Date: March 11, 2010 Re: Registration of trade name Please see the attached invoice for legal services below rendered by Harmon Daniels & Ayala Law Office Office. For any questions or clarifications, feel free to contact us. Thank you for your trust. BILLING STATEMENT Description Qty Unit Price Amount Trade Name Registration 9 PHP 10,000.00 PHP 90,000.00 Subtotal: PHP 90,000.00",LEGAL_FEES,2
"Attention: Rachel Reynolds Date: October 27, 2006 Re: Preparation of documents for registration to act as registered agent Please see the attached invoice for legal services below rendered by Burton Thornton & Calderon Law Office Office. For any questions or clarifications, feel free to contact us. Thank you for your trust. BILLING STATEMENT Description Qty Unit Price Amount Registered Agent Registration Documents 8 PHP 10,000.00 PHP 80,000.00 Subtotal: PHP 80,000.00",LEGAL_FEES,2
"Attention: Chelsea Mullins Date: May 02, 2000 Re: Comprehensive Legal Services Package (7 items) Please see the attached invoice for legal services below rendered by Choi Montes & Ward Law Office Office. For any questions or clarifications, feel free to contact us. Thank you for your trust. BILLING STATEMENT Description Qty Unit Price Amount Preparation of contracts involving sale 4 PHP 6,820.00 PHP 27,280.00 Original Jurisdiction Agency Case 7 PHP 60,000.00 PHP 420,000.00 Court Appearance - Municipal Trial Courts 2 PHP 2,500.00 PHP 5,000.00 Appellate Jurisdiction Agency Case 7 PHP 75,000.00 PHP 525,000.00 Agrarian Case - Tenant Representation 3 PHP 78,000.00 PHP 234,000.00 Civil Case Acceptance - Supreme Court 8 PHP 150,000.00 PHP 1,200,000.00 Monthly Legal Retainer Fee 3 PHP 8,000.00 PHP 24,000.00 Subtotal: PHP 2,435,280.00",LEGAL_FEES,2
"Attention: Allison Watson Date: September 19, 2014 Re: Comprehensive Legal Services Package (7 items) Please see the attached invoice for legal services below rendered by Jordan Charles & Barnes Law Office Office. For any questions or clarifications, feel free to contact us. Thank you for your trust. BILLING STATEMENT Description Qty Unit Price Amount Corporate Resolution Preparation 4 PHP 3,500.00 PHP 14,000.00 Withdrawal from Country Documents 3 PHP 35,000.00 PHP 105,000.00 Plain Consultation (per hour) 7 PHP 1,000.00 PHP 7,000.00 Criminal Case Acceptance - Regional Trial Courts 4 PHP 75,000.00 PHP 300,000.00 Corporate Dissolution Documents 10 PHP 25,000.00 PHP 250,000.00 Option to Purchase Real Estate 2 PHP 238,499.00 PHP 476,998.00 Land Registration (Without Opposition) 5 PHP 957,191.00 PHP 4,785,955.00 Subtotal: PHP 5,938,953.00",LEGAL_FEES,2
"Attention: Evelyn Schmidt Date: March 21, 2019 Re: Multiple Legal Services (3 items) Please see the attached invoice for legal services below rendered by Rhodes Peterson & Thompson Law Office Office. For any questions or clarifications, feel free to contact us. Thank you for your trust. BILLING STATEMENT Description Qty Unit Price Amount Authority to Do Business in PH 10 PHP 35,000.00 PHP 350,000.00 Agrarian Case - Tenant Representation 10 PHP 79,000.00 PHP 790,000.00 Original Jurisdiction Agency Case 7 PHP 60,000.00 PHP 420,000.00 Subtotal: PHP 1,560,000.00",LEGAL_FEES,2
"Attention: Kirsten Adams Date: October 20, 2016 Re: Comprehensive Legal Services Package (5 items) Please see the attached invoice for legal services below rendered by Valenzuela Moss & Powers Law Office Office. For any questions or clarifications, feel free to contact us. Thank you for your trust. BILLING STATEMENT Description Qty Unit Price Amount Monthly Legal Retainer Fee 6 PHP 8,000.00 PHP 48,000.00 Agrarian Case - Tenant Representation 8 PHP 79,000.00 PHP 632,000.00 Authentication of documents 3 PHP 500.00 PHP 1,500.00 Trade Name Registration 9 PHP 10,000.00 PHP 90,000.00 Business Insolvency Proceedings 2 PHP 25,000.00 PHP 50,000.00 Subtotal: PHP 821,500.00",LEGAL_FEES,2
"Attention: Robert Morgan Date: September 02, 2009 Re: Comprehensive Legal Services Package (4 items) Please see the attached invoice for legal services below rendered by Adams Reyes & May Law Office Office. For any questions or clarifications, feel free to contact us. Thank you for your trust. BILLING STATEMENT Description Qty Unit Price Amount Deed of Donation Preparation 8 PHP 120,305.00 PHP 962,440.00 Articles of Partnership Drafting 3 PHP 40,000.00 PHP 120,000.00 Deed of Donation Preparation 5 PHP 97,745.00 PHP 488,725.00 Withdrawal from Country Documents 3 PHP 35,000.00 PHP 105,000.00 Subtotal: PHP 1,676,165.00",LEGAL_FEES,2
"Attention: Rachel Cuevas Date: October 11, 2022 Re: Comprehensive Legal Services Package (4 items) Please see the attached invoice for legal services below rendered by Savage Reyes & Branch Law Office Office. For any questions or clarifications, feel free to contact us. Thank you for your trust. BILLING STATEMENT Description Qty Unit Price Amount Foreign Corp Registered Agent Documents 10 PHP 35,000.00 PHP 350,000.00 Husband & Wife Insolvency (Additional) 9 PHP 30,000.00 PHP 270,000.00 Deed of Donation Preparation 6 PHP 127,785.00 PHP 766,710.00 Withdrawal from Country Documents 9 PHP 35,000.00 PHP 315,000.00 Subtotal: PHP 1,701,710.00",LEGAL_FEES,2
"Attention: Courtney Neal Date: August 12, 2025 Re: Comprehensive Legal Services Package (4 items) Please see the attached invoice for legal services below rendered by Miles Cooper & Morris Law Office Office. For any questions or clarifications, feel free to contact us. Thank you for your trust. BILLING STATEMENT Description Qty Unit Price Amount Bond/Collateral/Indemnity Agreement 3 PHP 5,000.00 PHP 15,000.00 Building Contract Review/Preparation 10 PHP 150,556.00 PHP 1,505,560.00 Building Contract Review/Preparation 4 PHP 229,139.00 PHP 916,556.00 Withdrawal from Country Documents 1 PHP 35,000.00 PHP 35,000.00 Subtotal: PHP 2,472,116.00",LEGAL_FEES,2
"Attention: Michael Black Date: April 23, 2014 Re: Comprehensive Legal Services Package (5 items) Please see the attached invoice for legal services below rendered by Escobar Williams & Taylor Law Office Office. For any questions or clarifications, feel free to contact us. Thank you for your trust. BILLING STATEMENT Description Qty Unit Price Amount Agrarian Case - Tenant Representation 6 PHP 77,000.00 PHP 462,000.00 Change of Registered Agent/Office - Foreign 1 PHP 25,000.00 PHP 25,000.00 Appellate Jurisdiction Agency Case 6 PHP 75,000.00 PHP 450,000.00 Civil Case Acceptance - Regional Trial Courts 1 PHP 75,000.00 PHP 75,000.00 Non-Stock Articles & By-Laws Preparation 5 PHP 35,000.00 PHP 175,000.00 Subtotal: PHP 1,187,000.00",LEGAL_FEES,2
"Attention: Thomas May Date: June 05, 1999 Re: Comprehensive Legal Services Package (7 items) Please see the attached invoice for legal services below rendered by Sanchez Gallagher & Cameron Law Office Office. For any questions or clarifications, feel free to contact us. Thank you for your trust. BILLING STATEMENT Description Qty Unit Price Amount New Owner's Duplicate of Title 10 PHP 50,000.00 PHP 500,000.00 Criminal Case Acceptance - Court of Appeals 8 PHP 85,000.00 PHP 680,000.00 Original Jurisdiction Agency Case 1 PHP 60,000.00 PHP 60,000.00 Partnership Agreement (per month) 3 PHP 9,559.00 PHP 28,677.00 Agrarian Case - Landowner Representation 1 PHP 100,000.00 PHP 100,000.00 Civil Case Acceptance - Supreme Court 5 PHP 150,000.00 PHP 750,000.00 Land Registration (with Opposition) 5 PHP 468,158.00 PHP 2,340,790.00 Subtotal: PHP 4,459,467.00",LEGAL_FEES,2
"Attention: Nicholas Huang Date: October 25, 1999 Re: Comprehensive Legal Services Package (5 items) Please see the attached invoice for legal services below rendered by Lin Hall & Mann Law Office Office. For any questions or clarifications, feel free to contact us. Thank you for your trust. BILLING STATEMENT Description Qty Unit Price Amount Partnership Agreement (per month) 1 PHP 8,728.00 PHP 8,728.00 Reconstitution of Title 7 PHP 75,000.00 PHP 525,000.00 Criminal Case Acceptance - Regional Trial Courts 1 PHP 75,000.00 PHP 75,000.00 Monthly Legal Retainer Fee 2 PHP 8,000.00 PHP 16,000.00 Criminal Case Acceptance - Supreme Court 2 PHP 150,000.00 PHP 300,000.00 Subtotal: PHP 924,728.00",LEGAL_FEES,2
"Attention: Mark Clark Date: January 23, 2014 Re: Multiple Legal Services (2 items) Please see the attached invoice for legal services below rendered by Frazier Schmidt & Miller Law Office Office. For any questions or clarifications, feel free to contact us. Thank you for your trust. BILLING STATEMENT Description Qty Unit Price Amount Non-Stock Articles & By-Laws Preparation 6 PHP 35,000.00 PHP 210,000.00 Non-Stock Articles & By-Laws Preparation 5 PHP 35,000.00 PHP 175,000.00 Subtotal: PHP 385,000.00",LEGAL_FEES,2
"Attention: James Francis Date: August 04, 2015 Re: Multiple Legal Services (2 items) Please see the attached invoice for legal services below rendered by Chung Hall & Green Law Office Office. For any questions or clarifications, feel free to contact us. Thank you for your trust. BILLING STATEMENT Description Qty Unit Price Amount Non-Stock Articles & By-Laws Preparation 10 PHP 35,000.00 PHP 350,000.00 Preparation of contracts not involving sale 7 PHP 1,500.00 PHP 10,500.00 Subtotal: PHP 360,500.00",LEGAL_FEES,2
"Attention: Eric Johnson Date: March 23, 2025 Re: Multiple Legal Services (2 items) Please see the attached invoice for legal services below rendered by Villa Harding & Lewis Law Office Office. For any questions or clarifications, feel free to contact us. Thank you for your trust. BILLING STATEMENT Description Qty Unit Price Amount Authority to Do Business in PH 10 PHP 35,000.00 PHP 350,000.00 Agrarian Case - Tenant Representation 6 PHP 80,000.00 PHP 480,000.00 Subtotal: PHP 830,000.00",LEGAL_FEES,2
"Attention: Robert Jones Date: April 29, 2021 Re: Comprehensive Legal Services Package (4 items) Please see the attached invoice for legal services below rendered by Villa Fernandez & Carter Law Office Office. For any questions or clarifications, feel free to contact us. Thank you for your trust. BILLING STATEMENT Description Qty Unit Price Amount Immigration Services 4 PHP 50,000.00 PHP 200,000.00 Agrarian Case - Landowner Representation 5 PHP 100,000.00 PHP 500,000.00 Intercountry Adoption Proceedings 8 PHP 150,000.00 PHP 1,200,000.00 Civil Case Acceptance - Supreme Court 9 PHP 150,000.00 PHP 1,350,000.00 Subtotal: PHP 3,250,000.00",LEGAL_FEES,2
"Attention: Sara Rivera Date: February 04, 2008 Re: Partnership Agreement Please see the attached invoice for legal services below rendered by Guzman Dunn & Marshall Law Office Office. For any questions or clarifications, feel free to contact us. Thank you for your trust. BILLING STATEMENT Description Qty Unit Price Amount Partnership Agreement (per month) 9 PHP 9,505.00 PHP 85,545.00 Subtotal: PHP 85,545.00",LEGAL_FEES,2
"Attention: Garrett Atkins Date: February 22, 1995 Re: Comprehensive Legal Services Package (4 items) Please see the attached invoice for legal services below rendered by Cross Banks & Guerrero Law Office Office. For any questions or clarifications, feel free to contact us. Thank you for your trust. BILLING STATEMENT Description Qty Unit Price Amount Partnership Agreement (per month) 4 PHP 9,152.00 PHP 36,608.00 Corporate Reports Filing Preparation 1 PHP 6,000.00 PHP 6,000.00 Criminal Case Acceptance - Court of Appeals 6 PHP 85,000.00 PHP 510,000.00 Foreign Corp Registered Agent Documents 4 PHP 35,000.00 PHP 140,000.00 Subtotal: PHP 692,608.00",LEGAL_FEES,2
"Attention: Rebecca Wade Date: August 11, 2025 Re: Research/Preliminary Study Please see the attached invoice for legal services below rendered by Morales Perez & Adams Law Office Office. For any questions or clarifications, feel free to contact us. Thank you for your trust. BILLING STATEMENT Description Qty Unit Price Amount Research/Preliminary Study (per hour) 5 PHP 1,500.00 PHP 7,500.00 Subtotal: PHP 7,500.00",LEGAL_FEES,2
"Attention: Darlene Anderson Date: August 04, 2009 Re: Multiple Legal Services (2 items) Please see the attached invoice for legal services below rendered by Moore Bentley & Whitehead Law Office Office. For any questions or clarifications, feel free to contact us. Thank you for your trust. BILLING STATEMENT Description Qty Unit Price Amount Non-Stock Articles & By-Laws Preparation 9 PHP 35,000.00 PHP 315,000.00 Civil Case Acceptance - Regional Trial Courts 2 PHP 75,000.00 PHP 150,000.00 Subtotal: PHP 465,000.00",LEGAL_FEES,2
"Attention: Alyssa Hill Date: May 15, 2016 Re: Civil Case - Court of Appeals Please see the attached invoice for legal services below rendered by Glass Phillips & Joseph Law Office Office. For any questions or clarifications, feel free to contact us. Thank you for your trust. BILLING STATEMENT Description Qty Unit Price Amount Civil Case Acceptance - Court of Appeals 4 PHP 85,000.00 PHP 340,000.00 Subtotal: PHP 340,000.00",LEGAL_FEES,2
"Attention: Brittany Alexander Date: March 23, 2001 Re: Comprehensive Legal Services Package (4 items) Please see the attached invoice for legal services below rendered by Hall Alexander & Wilson Law Office Office. For any questions or clarifications, feel free to contact us. Thank you for your trust. BILLING STATEMENT Description Qty Unit Price Amount Appellate Jurisdiction Agency Case 4 PHP 75,000.00 PHP 300,000.00 Criminal Case Acceptance - Regional Trial Courts 8 PHP 75,000.00 PHP 600,000.00 Appearance - Labor Arbiter 3 PHP 2,000.00 PHP 6,000.00 Building Contract Review/Preparation 5 PHP 250,004.00 PHP 1,250,020.00 Subtotal: PHP 2,156,020.00",LEGAL_FEES,2
"Attention: Kelly Sheppard Date: January 13, 2025 Re: Multiple Legal Services (2 items) Please see the attached invoice for legal services below rendered by Rojas Rivera & Hensley Law Office Office. For any questions or clarifications, feel free to contact us. Thank you for your trust. BILLING STATEMENT Description Qty Unit Price Amount Agrarian Case - Tenant Representation 9 PHP 77,000.00 PHP 693,000.00 Building Contract Review/Preparation 2 PHP 295,418.00 PHP 590,836.00 Subtotal: PHP 1,283,836.00",LEGAL_FEES,2
"Attention: Michelle Ferguson Date: November 15, 1997 Re: Multiple Legal Services (2 items) Please see the attached invoice for legal services below rendered by Collins Calderon & Hardin Law Office Office. For any questions or clarifications, feel free to contact us. Thank you for your trust. BILLING STATEMENT Description Qty Unit Price Amount Original Jurisdiction Agency Case 3 PHP 60,000.00 PHP 180,000.00 Corporate Resolution Preparation 9 PHP 3,500.00 PHP 31,500.00 Subtotal: PHP 211,500.00",LEGAL_FEES,2
"Attention: Kendra Jackson Date: May 24, 2006 Re: Comprehensive Legal Services Package (5 items) Please see the attached invoice for legal services below rendered by Miller Coleman & Turner Law Office Office. For any questions or clarifications, feel free to contact us. Thank you for your trust. BILLING STATEMENT Description Qty Unit Price Amount Criminal Case Acceptance - Regional Trial Courts 10 PHP 75,000.00 PHP 750,000.00 Agrarian Case - Landowner Representation 4 PHP 95,000.00 PHP 380,000.00 Partnership Dissolution 8 PHP 35,000.00 PHP 280,000.00 Appellate Jurisdiction Agency Case 6 PHP 75,000.00 PHP 450,000.00 Appellate Jurisdiction Agency Case 1 PHP 75,000.00 PHP 75,000.00 Subtotal: PHP 1,935,000.00",LEGAL_FEES,2
"Attention: Diane Boyd Date: June 22, 2011 Re: Comprehensive Legal Services Package (4 items) Please see the attached invoice for legal services below rendered by Carson Holloway & Williams Law Office Office. For any questions or clarifications, feel free to contact us. Thank you for your trust. BILLING STATEMENT Description Qty Unit Price Amount Civil Case Acceptance - Municipal Trial Courts 4 PHP 50,000.00 PHP 200,000.00 Correction of entries/Change of Name 7 PHP 40,000.00 PHP 280,000.00 Articles of Partnership Drafting 9 PHP 95,000.00 PHP 855,000.00 Plain Consultation (per hour) 7 PHP 1,000.00 PHP 7,000.00 Subtotal: PHP 1,342,000.00",LEGAL_FEES,2
"Attention: Nicole Johnson Date: July 01, 2016 Re: Comprehensive Legal Services Package (4 items) Please see the attached invoice for legal services below rendered by Lopez Willis & Wolfe Law Office Office. For any questions or clarifications, feel free to contact us. Thank you for your trust. BILLING STATEMENT Description Qty Unit Price Amount Option to Purchase Real Estate 10 PHP 59,495.00 PHP 594,950.00 Criminal Case Acceptance - Supreme Court 4 PHP 150,000.00 PHP 600,000.00 Civil Case Acceptance - Supreme Court 7 PHP 150,000.00 PHP 1,050,000.00 Bond/Collateral/Indemnity Agreement 5 PHP 5,000.00 PHP 25,000.00 Subtotal: PHP 2,269,950.00",LEGAL_FEES,2
"Attention: Kevin Mccarty Date: November 02, 2023 Re: Appellate Jurisdiction Please see the attached invoice for legal services below rendered by Fritz Larsen & Graham Law Office Office. For any questions or clarifications, feel free to contact us. Thank you for your trust. BILLING STATEMENT Description Qty Unit Price Amount Appellate Jurisdiction Agency Case 9 PHP 75,000.00 PHP 675,000.00 Subtotal: PHP 675,000.00",LEGAL_FEES,2
"Attention: Wendy French Date: April 04, 2008 Re: Articles of Incorporation and By-Laws of non-stock Please see the attached invoice for legal services below rendered by Casey Thomas & Ellis Law Office Office. For any questions or clarifications, feel free to contact us. Thank you for your trust. BILLING STATEMENT Description Qty Unit Price Amount Non-Stock Articles & By-Laws Preparation 8 PHP 35,000.00 PHP 280,000.00 Subtotal: PHP 280,000.00",LEGAL_FEES,2
"Attention: Erik Gilbert Date: April 06, 1997 Re: Comprehensive Legal Services Package (6 items) Please see the attached invoice for legal services below rendered by Stewart Clark & Stewart Law Office Office. For any questions or clarifications, feel free to contact us. Thank you for your trust. BILLING STATEMENT Description Qty Unit Price Amount Corporate Charter Amendment 7 PHP 30,000.00 PHP 210,000.00 Civil Case Acceptance - Regional Trial Courts 6 PHP 75,000.00 PHP 450,000.00 CBA Preparation & Acknowledgement 10 PHP 30,000.00 PHP 300,000.00 Election Case Representation 8 PHP 120,000.00 PHP 960,000.00 Original Jurisdiction Agency Case 8 PHP 60,000.00 PHP 480,000.00 Corporate Resolution Preparation 3 PHP 3,500.00 PHP 10,500.00 Subtotal: PHP 2,410,500.00",LEGAL_FEES,2
"Attention: Whitney Molina Date: November 27, 1997 Re: Building Contract Please see the attached invoice for legal services below rendered by Lopez Brock & Brooks Law Office Office. For any questions or clarifications, feel free to contact us. Thank you for your trust. BILLING STATEMENT Description Qty Unit Price Amount Building Contract Review/Preparation 6 PHP 234,246.00 PHP 1,405,476.00 Subtotal: PHP 1,405,476.00",LEGAL_FEES,2
"Attention: Andrew Willis Date: February 14, 2002 Re: Comprehensive Legal Services Package (7 items) Please see the attached invoice for legal services below rendered by Mcintosh Fox & Ellis Law Office Office. For any questions or clarifications, feel free to contact us. Thank you for your trust. BILLING STATEMENT Description Qty Unit Price Amount Civil Case Acceptance - Regional Trial Courts 6 PHP 75,000.00 PHP 450,000.00 Election Case Representation 10 PHP 120,000.00 PHP 1,200,000.00 Partnership Agreement (per month) 4 PHP 8,585.00 PHP 34,340.00 Corporate Resolution Preparation 4 PHP 3,500.00 PHP 14,000.00 Land Registration (with Opposition) 3 PHP 605,674.00 PHP 1,817,022.00 Civil Case Acceptance - Municipal Trial Courts 6 PHP 50,000.00 PHP 300,000.00 Non-Stock Articles & By-Laws Preparation 6 PHP 35,000.00 PHP 210,000.00 Subtotal: PHP 4,025,362.00",LEGAL_FEES,2
"Attention: Austin King Date: December 19, 2011 Re: Comprehensive Legal Services Package (6 items) Please see the attached invoice for legal services below rendered by Garner Ware & Ruiz Law Office Office. For any questions or clarifications, feel free to contact us. Thank you for your trust. BILLING STATEMENT Description Qty Unit Price Amount Monthly Legal Retainer Fee 4 PHP 8,000.00 PHP 32,000.00 Non-Stock Articles & By-Laws Preparation 4 PHP 35,000.00 PHP 140,000.00 New Owner's Duplicate of Title 4 PHP 50,000.00 PHP 200,000.00 Withdrawal from Country Documents 7 PHP 35,000.00 PHP 245,000.00 Criminal Case Acceptance - Municipal Trial Courts 6 PHP 50,000.00 PHP 300,000.00 Withdrawal from Country Documents 4 PHP 35,000.00 PHP 140,000.00 Subtotal: PHP 1,057,000.00",LEGAL_FEES,2
"Attention: Lindsey Jones Date: December 19, 2005 Re: Comprehensive Legal Services Package (5 items) Please see the attached invoice for legal services below rendered by Sullivan Mendoza & Mueller Law Office Office. For any questions or clarifications, feel free to contact us. Thank you for your trust. BILLING STATEMENT Description Qty Unit Price Amount Non-Stock Articles & By-Laws Preparation 5 PHP 35,000.00 PHP 175,000.00 Authority to Do Business in PH 6 PHP 35,000.00 PHP 210,000.00 Deed of Donation Preparation 3 PHP 73,366.00 PHP 220,098.00 Consultation with written advice (per hour or per page) 2 PHP 1,000.00 PHP 2,000.00 Testate/Intestate Proceedings with Opposition 5 PHP 568,138.00 PHP 2,840,690.00 Subtotal: PHP 3,447,788.00",LEGAL_FEES,2
"Attention: Monica Solis Date: September 22, 2001 Re: Other Administrative Agencies Appearance Please see the attached invoice for legal services below rendered by Schneider Ellis & Perez Law Office Office. For any questions or clarifications, feel free to contact us. Thank you for your trust. BILLING STATEMENT Description Qty Unit Price Amount Appearance - Other Administrative Agencies 9 PHP 4,500.00 PHP 40,500.00 Subtotal: PHP 40,500.00",LEGAL_FEES,2
"Attention: Madison King Date: August 27, 1998 Re: Consultation with written advice Please see the attached invoice for legal services below rendered by Wallace Taylor & Dean Law Office Office. For any questions or clarifications, feel free to contact us. Thank you for your trust. BILLING STATEMENT Description Qty Unit Price Amount Consultation with written advice (per hour or per page) 2 PHP 1,000.00 PHP 2,000.00 Subtotal: PHP 2,000.00",LEGAL_FEES,2
"Attention: Michael Velasquez Date: December 12, 2019 Re: Comprehensive Legal Services Package (6 items) Please see the attached invoice for legal services below rendered by King Marsh & Nelson Law Office Office. For any questions or clarifications, feel free to contact us. Thank you for your trust. BILLING STATEMENT Description Qty Unit Price Amount Agrarian Case - Landowner Representation 6 PHP 100,000.00 PHP 600,000.00 Bond/Collateral/Indemnity Agreement 1 PHP 5,000.00 PHP 5,000.00 Criminal Case Acceptance - Court of Appeals 6 PHP 85,000.00 PHP 510,000.00 Authentication of documents 1 PHP 500.00 PHP 500.00 Civil Case Acceptance - Municipal Trial Courts 8 PHP 50,000.00 PHP 400,000.00 Corporate Resolution Preparation 3 PHP 3,500.00 PHP 10,500.00 Subtotal: PHP 1,526,000.00",LEGAL_FEES,2
"Attention: David Pena Date: November 14, 2002 Re: Comprehensive Legal Services Package (7 items) Please see the attached invoice for legal services below rendered by Abbott Stewart & Ray Law Office Office. For any questions or clarifications, feel free to contact us. Thank you for your trust. BILLING STATEMENT Description Qty Unit Price Amount Civil Case Acceptance - Regional Trial Courts 7 PHP 75,000.00 PHP 525,000.00 Preparation and notarization of simple affidavits (jurat) 2 PHP 1,000.00 PHP 2,000.00 Articles of Partnership Drafting 4 PHP 95,000.00 PHP 380,000.00 Naturalization Proceedings 8 PHP 150,000.00 PHP 1,200,000.00 Preparation and notarization of simple affidavits (jurat) 9 PHP 1,000.00 PHP 9,000.00 Non-Stock Articles & By-Laws Preparation 1 PHP 35,000.00 PHP 35,000.00 Court Appearance - Regional Trial Courts 9 PHP 3,500.00 PHP 31,500.00 Subtotal: PHP 2,182,500.00",LEGAL_FEES,2
"Attention: Joe Lynn Date: October 27, 2001 Re: Comprehensive Legal Services Package (4 items) Please see the attached invoice for legal services below rendered by Moreno Jones & Brown Law Office Office. For any questions or clarifications, feel free to contact us. Thank you for your trust. BILLING STATEMENT Description Qty Unit Price Amount Corporate Reports Filing Preparation 7 PHP 6,000.00 PHP 42,000.00 Agrarian Case - Landowner Representation 2 PHP 85,000.00 PHP 170,000.00 Individual Insolvency Proceedings 9 PHP 50,000.00 PHP 450,000.00 Non-Stock Articles & By-Laws Preparation 10 PHP 35,000.00 PHP 350,000.00 Subtotal: PHP 1,012,000.00",LEGAL_FEES,2
"Attention: Michael Morris Date: April 22, 2002 Re: Multiple Legal Services (3 items) Please see the attached invoice for legal services below rendered by Crawford Stevens & Jones Law Office Office. For any questions or clarifications, feel free to contact us. Thank you for your trust. BILLING STATEMENT Description Qty Unit Price Amount Trade Name Registration 3 PHP 10,000.00 PHP 30,000.00 Mortgage Release/Extension 1 PHP 3,000.00 PHP 3,000.00 Court Appearance - Municipal Trial Courts 8 PHP 7,000.00 PHP 56,000.00 Subtotal: PHP 89,000.00",LEGAL_FEES,2
"Attention: Robert Wise Date: January 16, 2013 Re: Comprehensive Legal Services Package (5 items) Please see the attached invoice for legal services below rendered by Arnold Anderson & Taylor Law Office Office. For any questions or clarifications, feel free to contact us. Thank you for your trust. BILLING STATEMENT Description Qty Unit Price Amount Criminal Case Acceptance - Court of Appeals 2 PHP 85,000.00 PHP 170,000.00 Original Jurisdiction Agency Case 6 PHP 60,000.00 PHP 360,000.00 Individual Insolvency Proceedings 2 PHP 50,000.00 PHP 100,000.00 Agrarian Case - Tenant Representation 5 PHP 76,000.00 PHP 380,000.00 Non-Stock Articles & By-Laws Preparation 10 PHP 35,000.00 PHP 350,000.00 Subtotal: PHP 1,360,000.00",LEGAL_FEES,2
"Attention: Betty Jones Date: January 30, 2020 Re: Comprehensive Legal Services Package (5 items) Please see the attached invoice for legal services below rendered by Stafford Smith & Ayala Law Office Office. For any questions or clarifications, feel free to contact us. Thank you for your trust. BILLING STATEMENT Description Qty Unit Price Amount Husband & Wife Insolvency (Additional) 2 PHP 30,000.00 PHP 60,000.00 Civil Case Acceptance - Regional Trial Courts 6 PHP 75,000.00 PHP 450,000.00 Preparation of contracts not involving sale 4 PHP 1,500.00 PHP 6,000.00 Preparation and notarization of simple affidavits (jurat) 8 PHP 1,000.00 PHP 8,000.00 CBA Preparation & Acknowledgement 6 PHP 30,000.00 PHP 180,000.00 Subtotal: PHP 704,000.00",LEGAL_FEES,2
"Attention: William Harris Date: January 03, 2005 Re: Articles of Incorporation and By-Laws of non-stock Please see the attached invoice for legal services below rendered by Jones Sherman & Williams Law Office Office. For any questions or clarifications, feel free to contact us. Thank you for your trust. BILLING STATEMENT Description Qty Unit Price Amount Non-Stock Articles & By-Laws Preparation 3 PHP 35,000.00 PHP 105,000.00 Subtotal: PHP 105,000.00",LEGAL_FEES,2
"Attention: Amy Scott Date: August 18, 2013 Re: Multiple Legal Services (2 items) Please see the attached invoice for legal services below rendered by Holloway Richardson & Thomas Law Office Office. For any questions or clarifications, feel free to contact us. Thank you for your trust. BILLING STATEMENT Description Qty Unit Price Amount Creditor's Claim Filing 5 PHP 10,000.00 PHP 50,000.00 Criminal Case Acceptance - Supreme Court 2 PHP 150,000.00 PHP 300,000.00 Subtotal: PHP 350,000.00",LEGAL_FEES,2
"Attention: Claudia Swanson Date: October 03, 2006 Re: Multiple Legal Services (2 items) Please see the attached invoice for legal services below rendered by Doyle Wagner & Peterson Law Office Office. For any questions or clarifications, feel free to contact us. Thank you for your trust. BILLING STATEMENT Description Qty Unit Price Amount Foreign Corp Registered Agent Documents 7 PHP 35,000.00 PHP 245,000.00 Articles of Partnership Drafting 8 PHP 50,000.00 PHP 400,000.00 Subtotal: PHP 645,000.00",LEGAL_FEES,2
"Attention: Jessica Graham Date: October 15, 2004 Re: Comprehensive Legal Services Package (6 items) Please see the attached invoice for legal services below rendered by Chavez Jacobson & Rojas Law Office Office. For any questions or clarifications, feel free to contact us. Thank you for your trust. BILLING STATEMENT Description Qty Unit Price Amount Appearance - DOLE/POEA/NCMB 5 PHP 6,000.00 PHP 30,000.00 Monthly Legal Retainer Fee 10 PHP 8,000.00 PHP 80,000.00 Appearance - NLRC 9 PHP 3,000.00 PHP 27,000.00 Preparation of contracts involving sale 10 PHP 96,626.00 PHP 966,260.00 Non-Stock Articles & By-Laws Preparation 9 PHP 35,000.00 PHP 315,000.00 Civil Case Acceptance - Municipal Trial Courts 1 PHP 50,000.00 PHP 50,000.00 Subtotal: PHP 1,468,260.00",LEGAL_FEES,2
"Attention: Mary Welch Date: October 18, 2024 Re: Multiple Legal Services (2 items) Please see the attached invoice for legal services below rendered by Smith Nguyen & Patel Law Office Office. For any questions or clarifications, feel free to contact us. Thank you for your trust. BILLING STATEMENT Description Qty Unit Price Amount Articles of Incorporation and By-Laws Preparation 3 PHP 150,000.00 PHP 450,000.00 Original Jurisdiction Agency Case 3 PHP 60,000.00 PHP 180,000.00 Subtotal: PHP 630,000.00",LEGAL_FEES,2
"Attention: Steven Gardner Date: October 21, 2005 Re: Comprehensive Legal Services Package (5 items) Please see the attached invoice for legal services below rendered by Parker Faulkner & Brown Law Office Office. For any questions or clarifications, feel free to contact us. Thank you for your trust. BILLING STATEMENT Description Qty Unit Price Amount Foreign Corp Registered Agent Documents 8 PHP 35,000.00 PHP 280,000.00 Articles of Incorporation and By-Laws Preparation 7 PHP 98,000.00 PHP 686,000.00 Corporate Resolution Preparation 6 PHP 3,500.00 PHP 21,000.00 CBA Preparation & Acknowledgement 7 PHP 30,000.00 PHP 210,000.00 Criminal Case Acceptance - Court of Appeals 9 PHP 85,000.00 PHP 765,000.00 Subtotal: PHP 1,962,000.00",LEGAL_FEES,2
"Attention: Jessica Hoover Date: October 06, 2020 Re: Multiple Legal Services (2 items) Please see the attached invoice for legal services below rendered by Perkins Baker & Smith Law Office Office. For any questions or clarifications, feel free to contact us. Thank you for your trust. BILLING STATEMENT Description Qty Unit Price Amount Articles of Incorporation and By-Laws Preparation 9 PHP 166,000.00 PHP 1,494,000.00 Monthly Legal Retainer Fee 1 PHP 8,000.00 PHP 8,000.00 Subtotal: PHP 1,502,000.00",LEGAL_FEES,2
"Attention: Ryan Crawford Date: August 18, 2010 Re: Comprehensive Legal Services Package (5 items) Please see the attached invoice for legal services below rendered by Lloyd Griffin & Hill Law Office Office. For any questions or clarifications, feel free to contact us. Thank you for your trust. BILLING STATEMENT Description Qty Unit Price Amount Original Jurisdiction Agency Case 5 PHP 60,000.00 PHP 300,000.00 Articles of Incorporation and By-Laws Preparation 10 PHP 34,000.00 PHP 340,000.00 Criminal Case Acceptance - Municipal Trial Courts 6 PHP 50,000.00 PHP 300,000.00 Mortgage Release/Extension 5 PHP 3,000.00 PHP 15,000.00 Authority to Do Business in PH 7 PHP 35,000.00 PHP 245,000.00 Subtotal: PHP 1,200,000.00",LEGAL_FEES,2
"Attention: Kelly Cooper Date: June 16, 2010 Re: Registration of trade name Please see the attached invoice for legal services below rendered by Simmons Castaneda & Cross Law Office Office. For any questions or clarifications, feel free to contact us. Thank you for your trust. BILLING STATEMENT Description Qty Unit Price Amount Trade Name Registration 10 PHP 10,000.00 PHP 100,000.00 Subtotal: PHP 100,000.00",LEGAL_FEES,2
"Attention: Michelle Vaughn Date: March 28, 2008 Re: Comprehensive Legal Services Package (6 items) Please see the attached invoice for legal services below rendered by Ware Joseph & Gonzales Law Office Office. For any questions or clarifications, feel free to contact us. Thank you for your trust. BILLING STATEMENT Description Qty Unit Price Amount Deed of Donation Preparation 9 PHP 130,876.00 PHP 1,177,884.00 Foreign Corp Registered Agent Documents 3 PHP 35,000.00 PHP 105,000.00 Non-Stock Articles & By-Laws Preparation 5 PHP 35,000.00 PHP 175,000.00 Monthly Legal Retainer Fee 8 PHP 8,000.00 PHP 64,000.00 Appearance - Labor Arbiter 4 PHP 4,000.00 PHP 16,000.00 Non-Stock Articles & By-Laws Preparation 4 PHP 35,000.00 PHP 140,000.00 Subtotal: PHP 1,677,884.00",LEGAL_FEES,2
"Attention: Mary Miller Date: May 01, 1995 Re: Multiple Legal Services (2 items) Please see the attached invoice for legal services below rendered by Miller Barry & Long Law Office Office. For any questions or clarifications, feel free to contact us. Thank you for your trust. BILLING STATEMENT Description Qty Unit Price Amount Preparation of contracts involving sale 4 PHP 110,834.00 PHP 443,336.00 Corporate Dissolution Documents 9 PHP 25,000.00 PHP 225,000.00 Subtotal: PHP 668,336.00",LEGAL_FEES,2
"Attention: Julia Hill Date: May 29, 1995 Re: Comprehensive Legal Services Package (5 items) Please see the attached invoice for legal services below rendered by White Allen & Todd Law Office Office. For any questions or clarifications, feel free to contact us. Thank you for your trust. BILLING STATEMENT Description Qty Unit Price Amount Civil Case Acceptance - Regional Trial Courts 8 PHP 75,000.00 PHP 600,000.00 Motion to Discharge Preparation 6 PHP 25,000.00 PHP 150,000.00 Change of Registered Agent/Office 4 PHP 5,000.00 PHP 20,000.00 Appellate Jurisdiction Agency Case 9 PHP 75,000.00 PHP 675,000.00 Trade Name Registration 3 PHP 10,000.00 PHP 30,000.00 Subtotal: PHP 1,475,000.00",LEGAL_FEES,2
"Attention: Ryan Reid Date: December 12, 2016 Re: Multiple Legal Services (2 items) Please see the attached invoice for legal services below rendered by Monroe Castro & Thomas Law Office Office. For any questions or clarifications, feel free to contact us. Thank you for your trust. BILLING STATEMENT Description Qty Unit Price Amount Criminal Case Acceptance - Court of Appeals 6 PHP 85,000.00 PHP 510,000.00 CBA Negotiation and Execution 4 PHP 22,500.00 PHP 90,000.00 Subtotal: PHP 600,000.00",LEGAL_FEES,2
"Attention: Cole Mclaughlin Date: January 29, 2021 Re: Comprehensive Legal Services Package (7 items) Please see the attached invoice for legal services below rendered by Ayers Herrera & Bruce Law Office Office. For any questions or clarifications, feel free to contact us. Thank you for your trust. BILLING STATEMENT Description Qty Unit Price Amount Trade Name Registration 10 PHP 10,000.00 PHP 100,000.00 Husband & Wife Insolvency (Additional) 4 PHP 30,000.00 PHP 120,000.00 Criminal Case Acceptance - Court of Appeals 9 PHP 85,000.00 PHP 765,000.00 Domestic Adoption Proceedings 9 PHP 75,000.00 PHP 675,000.00 Criminal Case Acceptance - Court of Appeals 4 PHP 85,000.00 PHP 340,000.00 Non-Stock Articles & By-Laws Preparation 10 PHP 35,000.00 PHP 350,000.00 Eminent Domain/Expropriation Proceedings 2 PHP 435,194.00 PHP 870,388.00 Subtotal: PHP 3,220,388.00",LEGAL_FEES,2
"Attention: Jennifer Hines Date: December 13, 2008 Re: Comprehensive Legal Services Package (7 items) Please see the attached invoice for legal services below rendered by Moss Richards & Gonzalez Law Office Office. For any questions or clarifications, feel free to contact us. Thank you for your trust. BILLING STATEMENT Description Qty Unit Price Amount Agrarian Case - Tenant Representation 4 PHP 77,000.00 PHP 308,000.00 Original Jurisdiction Agency Case 4 PHP 60,000.00 PHP 240,000.00 Criminal Case Acceptance - Court of Appeals 10 PHP 85,000.00 PHP 850,000.00 Domestic Adoption Proceedings 3 PHP 75,000.00 PHP 225,000.00 Civil Case Acceptance - Court of Appeals 7 PHP 85,000.00 PHP 595,000.00 Authentication of documents 2 PHP 800.00 PHP 1,600.00 Option to Purchase Real Estate 10 PHP 289,539.00 PHP 2,895,390.00 Subtotal: PHP 5,114,990.00",LEGAL_FEES,2
"Attention: Evan Ward Date: June 05, 1998 Re: Multiple Legal Services (3 items) Please see the attached invoice for legal services below rendered by Richards Webb & Sandoval Law Office Office. For any questions or clarifications, feel free to contact us. Thank you for your trust. BILLING STATEMENT Description Qty Unit Price Amount Intercountry Adoption Proceedings 4 PHP 150,000.00 PHP 600,000.00 Stockholders Agreement/Voting Trust 5 PHP 30,000.00 PHP 150,000.00 Research/Preliminary Study (per hour) 2 PHP 1,500.00 PHP 3,000.00 Subtotal: PHP 753,000.00",LEGAL_FEES,2
"Attention: Sean Oliver Date: June 25, 1996 Re: Comprehensive Legal Services Package (7 items) Please see the attached invoice for legal services below rendered by Davis Welch & West Law Office Office. For any questions or clarifications, feel free to contact us. Thank you for your trust. BILLING STATEMENT Description Qty Unit Price Amount Civil Case Acceptance - Supreme Court 1 PHP 150,000.00 PHP 150,000.00 Deed of Donation Preparation 5 PHP 62,413.00 PHP 312,065.00 Consultation with written advice (per hour or per page) 6 PHP 1,000.00 PHP 6,000.00 Articles of Partnership Drafting 3 PHP 35,000.00 PHP 105,000.00 Monthly Legal Retainer Fee 6 PHP 8,000.00 PHP 48,000.00 Agrarian Case - Tenant Representation 7 PHP 77,000.00 PHP 539,000.00 Foreign Corp Registered Agent Documents 9 PHP 35,000.00 PHP 315,000.00 Subtotal: PHP 1,475,065.00",LEGAL_FEES,2
"Attention: Ashley Graham Date: March 14, 2023 Re: Multiple Legal Services (2 items) Please see the attached invoice for legal services below rendered by Rodriguez Osborne & Wolf Law Office Office. For any questions or clarifications, feel free to contact us. Thank you for your trust. BILLING STATEMENT Description Qty Unit Price Amount Option to Purchase Real Estate 1 PHP 188,198.00 PHP 188,198.00 CBA Negotiation and Execution 10 PHP 50,000.00 PHP 500,000.00 Subtotal: PHP 688,198.00",LEGAL_FEES,2
"Attention: Caleb Macias Date: September 03, 2022 Re: Comprehensive Legal Services Package (4 items) Please see the attached invoice for legal services below rendered by Powell Mcfarland & Walker Law Office Office. For any questions or clarifications, feel free to contact us. Thank you for your trust. BILLING STATEMENT Description Qty Unit Price Amount Appearance - OMB 6 PHP 2,500.00 PHP 15,000.00 Civil Case Acceptance - Municipal Trial Courts 8 PHP 50,000.00 PHP 400,000.00 Preparation of contracts not involving sale 5 PHP 1,500.00 PHP 7,500.00 Corporate Reports Filing Preparation 7 PHP 6,000.00 PHP 42,000.00 Subtotal: PHP 464,500.00",LEGAL_FEES,2
"Attention: Julie Warner Date: October 14, 2010 Re: Drafting of Articles of Partnership Please see the attached invoice for legal services below rendered by Hunter Diaz & Lloyd Law Office Office. For any questions or clarifications, feel free to contact us. Thank you for your trust. BILLING STATEMENT Description Qty Unit Price Amount Articles of Partnership Drafting 6 PHP 40,000.00 PHP 240,000.00 Subtotal: PHP 240,000.00",LEGAL_FEES,2
"Attention: Steven Armstrong Date: January 26, 2013 Re: Comprehensive Legal Services Package (4 items) Please see the attached invoice for legal services below rendered by Santos Lane & Welch Law Office Office. For any questions or clarifications, feel free to contact us. Thank you for your trust. BILLING STATEMENT Description Qty Unit Price Amount Business Insolvency Proceedings 8 PHP 25,000.00 PHP 200,000.00 Consultation with written advice (per hour or per page) 6 PHP 1,500.00 PHP 9,000.00 Creditor's Claim Filing 5 PHP 10,000.00 PHP 50,000.00 Civil Case Acceptance - Municipal Trial Courts 8 PHP 50,000.00 PHP 400,000.00 Subtotal: PHP 659,000.00",LEGAL_FEES,2
"Attention: Nicholas Dennis Date: December 12, 2025 Re: Authority to do business in the Philippines Please see the attached invoice for legal services below rendered by Bowen Garrison & Nguyen Law Office Office. For any questions or clarifications, feel free to contact us. Thank you for your trust. BILLING STATEMENT Description Qty Unit Price Amount Authority to Do Business in PH 1 PHP 35,000.00 PHP 35,000.00 Subtotal: PHP 35,000.00",LEGAL_FEES,2
"Attention: Derrick Davila Date: March 07, 2003 Re: Multiple Legal Services (3 items) Please see the attached invoice for legal services below rendered by Hale Foster & Marshall Law Office Office. For any questions or clarifications, feel free to contact us. Thank you for your trust. BILLING STATEMENT Description Qty Unit Price Amount Withdrawal from Country Documents 4 PHP 35,000.00 PHP 140,000.00 Appellate Jurisdiction Agency Case 7 PHP 75,000.00 PHP 525,000.00 Withdrawal from Country Documents 5 PHP 35,000.00 PHP 175,000.00 Subtotal: PHP 840,000.00",LEGAL_FEES,2
"Attention: Carl Cunningham Date: September 02, 2004 Re: Multiple Legal Services (2 items) Please see the attached invoice for legal services below rendered by Lee Guzman & Leblanc Law Office Office. For any questions or clarifications, feel free to contact us. Thank you for your trust. BILLING STATEMENT Description Qty Unit Price Amount Criminal Case Acceptance - Supreme Court 4 PHP 150,000.00 PHP 600,000.00 Corporate Dissolution Documents 4 PHP 25,000.00 PHP 100,000.00 Subtotal: PHP 700,000.00",LEGAL_FEES,2
"Attention: Jody Smith Date: November 14, 2000 Re: Comprehensive Legal Services Package (5 items) Please see the attached invoice for legal services below rendered by King Jordan & Lopez Law Office Office. For any questions or clarifications, feel free to contact us. Thank you for your trust. BILLING STATEMENT Description Qty Unit Price Amount Appearance - DOLE/POEA/NCMB 1 PHP 1,500.00 PHP 1,500.00 Agrarian Case - Landowner Representation 9 PHP 85,000.00 PHP 765,000.00 Civil Case Acceptance - Regional Trial Courts 8 PHP 75,000.00 PHP 600,000.00 CBA Preparation & Acknowledgement 6 PHP 30,000.00 PHP 180,000.00 Civil Case Acceptance - Regional Trial Courts 7 PHP 75,000.00 PHP 525,000.00 Subtotal: PHP 2,071,500.00",LEGAL_FEES,2
"Attention: Kristy Moore Date: June 03, 1997 Re: OMB Appearance Please see the attached invoice for legal services below rendered by Mcclain Oliver & Tran Law Office Office. For any questions or clarifications, feel free to contact us. Thank you for your trust. BILLING STATEMENT Description Qty Unit Price Amount Appearance - OMB 7 PHP 1,500.00 PHP 10,500.00 Subtotal: PHP 10,500.00",LEGAL_FEES,2
"Attention: Hannah Vasquez Date: October 24, 2001 Re: Comprehensive Legal Services Package (7 items) Please see the attached invoice for legal services below rendered by Murray Hansen & Compton Law Office Office. For any questions or clarifications, feel free to contact us. Thank you for your trust. BILLING STATEMENT Description Qty Unit Price Amount CBA Preparation & Acknowledgement 9 PHP 30,000.00 PHP 270,000.00 Criminal Case Acceptance - Municipal Trial Courts 6 PHP 50,000.00 PHP 300,000.00 Authority to Do Business in PH 5 PHP 35,000.00 PHP 175,000.00 Criminal Case Acceptance - Municipal Trial Courts 5 PHP 50,000.00 PHP 250,000.00 Original Jurisdiction Agency Case 10 PHP 60,000.00 PHP 600,000.00 Original Jurisdiction Agency Case 10 PHP 60,000.00 PHP 600,000.00 Building Contract Review/Preparation 5 PHP 270,689.00 PHP 1,353,445.00 Subtotal: PHP 3,548,445.00",LEGAL_FEES,2
"Attention: Christopher Daniels Date: December 18, 2013 Re: Comprehensive Legal Services Package (5 items) Please see the attached invoice for legal services below rendered by Carlson Joseph & Jackson Law Office Office. For any questions or clarifications, feel free to contact us. Thank you for your trust. BILLING STATEMENT Description Qty Unit Price Amount Criminal Case Acceptance - Court of Appeals 3 PHP 85,000.00 PHP 255,000.00 Agrarian Case - Landowner Representation 10 PHP 85,000.00 PHP 850,000.00 Agrarian Case - Landowner Representation 5 PHP 85,000.00 PHP 425,000.00 Non-Stock Articles & By-Laws Preparation 6 PHP 35,000.00 PHP 210,000.00 Articles of Partnership Drafting 1 PHP 60,000.00 PHP 60,000.00 Subtotal: PHP 1,800,000.00",LEGAL_FEES,2
"Attention: Troy Taylor Date: August 10, 2016 Re: Comprehensive Legal Services Package (6 items) Please see the attached invoice for legal services below rendered by Wade Bishop & Chandler Law Office Office. For any questions or clarifications, feel free to contact us. Thank you for your trust. BILLING STATEMENT Description Qty Unit Price Amount Criminal Case Acceptance - Regional Trial Courts 5 PHP 75,000.00 PHP 375,000.00 Withdrawal from Country Documents 6 PHP 35,000.00 PHP 210,000.00 Preparation of contracts not involving sale 7 PHP 1,500.00 PHP 10,500.00 Criminal Case Acceptance - Court of Appeals 9 PHP 85,000.00 PHP 765,000.00 Court Appearance - Sandiganbayan 6 PHP 10,000.00 PHP 60,000.00 Non-Stock Articles & By-Laws Preparation 1 PHP 35,000.00 PHP 35,000.00 Subtotal: PHP 1,455,500.00",LEGAL_FEES,2
"Attention: Rebecca Steele Date: July 08, 2020 Re: Drafting of Articles of Partnership Please see the attached invoice for legal services below rendered by Horton Smith & Sloan Law Office Office. For any questions or clarifications, feel free to contact us. Thank you for your trust. BILLING STATEMENT Description Qty Unit Price Amount Articles of Partnership Drafting 3 PHP 45,000.00 PHP 135,000.00 Subtotal: PHP 135,000.00",LEGAL_FEES,2
"Attention: Nicole Smith Date: February 03, 2007 Re: Plain Consultation Please see the attached invoice for legal services below rendered by Jones Pacheco & Brown Law Office Office. For any questions or clarifications, feel free to contact us. Thank you for your trust. BILLING STATEMENT Description Qty Unit Price Amount Plain Consultation (per hour) 7 PHP 1,000.00 PHP 7,000.00 Subtotal: PHP 7,000.00",LEGAL_FEES,2
"Attention: Betty Crawford Date: February 11, 2009 Re: Multiple Legal Services (2 items) Please see the attached invoice for legal services below rendered by Henry King & Nelson Law Office Office. For any questions or clarifications, feel free to contact us. Thank you for your trust. BILLING STATEMENT Description Qty Unit Price Amount Corporate Reports Filing Preparation 5 PHP 6,000.00 PHP 30,000.00 Trade Name Registration 6 PHP 10,000.00 PHP 60,000.00 Subtotal: PHP 90,000.00",LEGAL_FEES,2
"Attention: Brittany Chambers Date: April 20, 2014 Re: Comprehensive Legal Services Package (4 items) Please see the attached invoice for legal services below rendered by Hayes Scott & Macias Law Office Office. For any questions or clarifications, feel free to contact us. Thank you for your trust. BILLING STATEMENT Description Qty Unit Price Amount Eminent Domain/Expropriation Proceedings 4 PHP 262,055.00 PHP 1,048,220.00 Partnership Dissolution 7 PHP 35,000.00 PHP 245,000.00 Trade Name Registration 9 PHP 10,000.00 PHP 90,000.00 Monthly Legal Retainer Fee 8 PHP 8,000.00 PHP 64,000.00 Subtotal: PHP 1,447,220.00",LEGAL_FEES,2
"Attention: Billy Nelson Date: April 20, 2010 Re: Comprehensive Legal Services Package (5 items) Please see the attached invoice for legal services below rendered by Barnes Holland & Reynolds Law Office Office. For any questions or clarifications, feel free to contact us. Thank you for your trust. BILLING STATEMENT Description Qty Unit Price Amount Option to Purchase Real Estate 8 PHP 261,683.00 PHP 2,093,464.00 Agrarian Case - Tenant Representation 2 PHP 76,000.00 PHP 152,000.00 Criminal Case Acceptance - Supreme Court 9 PHP 150,000.00 PHP 1,350,000.00 Criminal Case Acceptance - Municipal Trial Courts 4 PHP 50,000.00 PHP 200,000.00 Agrarian Case - Tenant Representation 3 PHP 80,000.00 PHP 240,000.00 Subtotal: PHP 4,035,464.00",LEGAL_FEES,2
"Attention: Jamie Harrison Date: August 10, 2012 Re: Multiple Legal Services (2 items) Please see the attached invoice for legal services below rendered by Mccormick Gardner & Cervantes Law Office Office. For any questions or clarifications, feel free to contact us. Thank you for your trust. BILLING STATEMENT Description Qty Unit Price Amount Appearance - Labor Arbiter 5 PHP 2,000.00 PHP 10,000.00 Original Jurisdiction Agency Case 2 PHP 60,000.00 PHP 120,000.00 Subtotal: PHP 130,000.00",LEGAL_FEES,2
"Attention: Richard Smith Date: April 04, 2021 Re: Comprehensive Legal Services Package (5 items) Please see the attached invoice for legal services below rendered by Wright Davis & Franklin Law Office Office. For any questions or clarifications, feel free to contact us. Thank you for your trust. BILLING STATEMENT Description Qty Unit Price Amount Preparation of contracts not involving sale 9 PHP 1,500.00 PHP 13,500.00 Agrarian Case - Landowner Representation 4 PHP 95,000.00 PHP 380,000.00 Agrarian Case - Landowner Representation 8 PHP 85,000.00 PHP 680,000.00 Monthly Legal Retainer Fee 9 PHP 8,000.00 PHP 72,000.00 Articles of Partnership Drafting 1 PHP 120,000.00 PHP 120,000.00 Subtotal: PHP 1,265,500.00",LEGAL_FEES,2
"Attention: William Mendez Date: February 28, 2011 Re: Comprehensive Legal Services Package (5 items) Please see the attached invoice for legal services below rendered by Lopez Fisher & King Law Office Office. For any questions or clarifications, feel free to contact us. Thank you for your trust. BILLING STATEMENT Description Qty Unit Price Amount Consultation with written advice (per hour or per page) 1 PHP 2,000.00 PHP 2,000.00 Non-Stock Articles & By-Laws Preparation 5 PHP 35,000.00 PHP 175,000.00 Election Case Representation 9 PHP 120,000.00 PHP 1,080,000.00 Appearance - Labor Arbiter 5 PHP 2,000.00 PHP 10,000.00 Plain Consultation (per hour) 9 PHP 1,000.00 PHP 9,000.00 Subtotal: PHP 1,276,000.00",LEGAL_FEES,2
"Attention: David Miller Date: December 07, 2007 Re: Comprehensive Legal Services Package (7 items) Please see the attached invoice for legal services below rendered by Kelly Parks & Griffin Law Office Office. For any questions or clarifications, feel free to contact us. Thank you for your trust. BILLING STATEMENT Description Qty Unit Price Amount Monthly Legal Retainer Fee 6 PHP 8,000.00 PHP 48,000.00 Individual Insolvency Proceedings 3 PHP 50,000.00 PHP 150,000.00 Appellate Jurisdiction Agency Case 6 PHP 75,000.00 PHP 450,000.00 Appearance - NLRC 6 PHP 3,000.00 PHP 18,000.00 Change of Registered Agent/Office - Foreign 1 PHP 25,000.00 PHP 25,000.00 Original Jurisdiction Agency Case 8 PHP 60,000.00 PHP 480,000.00 Criminal Case Acceptance - Supreme Court 2 PHP 150,000.00 PHP 300,000.00 Subtotal: PHP 1,471,000.00",LEGAL_FEES,2
"Attention: Jessica Johnson Date: April 22, 2025 Re: Multiple Legal Services (2 items) Please see the attached invoice for legal services below rendered by Gray Alexander & Fuller Law Office Office. For any questions or clarifications, feel free to contact us. Thank you for your trust. BILLING STATEMENT Description Qty Unit Price Amount Appearance - NLRC 4 PHP 12,000.00 PHP 48,000.00 CBA Preparation & Acknowledgement 5 PHP 30,000.00 PHP 150,000.00 Subtotal: PHP 198,000.00",LEGAL_FEES,2
"Attention: Heather Miller Date: July 12, 2022 Re: Comprehensive Legal Services Package (5 items) Please see the attached invoice for legal services below rendered by Bennett Jones & Fletcher Law Office Office. For any questions or clarifications, feel free to contact us. Thank you for your trust. BILLING STATEMENT Description Qty Unit Price Amount Domestic Adoption Proceedings 9 PHP 75,000.00 PHP 675,000.00 Criminal Case Acceptance - Regional Trial Courts 6 PHP 75,000.00 PHP 450,000.00 Agrarian Case - Landowner Representation 3 PHP 85,000.00 PHP 255,000.00 Agrarian Case - Landowner Representation 7 PHP 100,000.00 PHP 700,000.00 Monthly Legal Retainer Fee 6 PHP 8,000.00 PHP 48,000.00 Subtotal: PHP 2,128,000.00",LEGAL_FEES,2
"Attention: Sheila Escobar Date: February 20, 2017 Re: Multiple Legal Services (2 items) Please see the attached invoice for legal services below rendered by Nielsen Schmidt & Smith Law Office Office. For any questions or clarifications, feel free to contact us. Thank you for your trust. BILLING STATEMENT Description Qty Unit Price Amount Civil Case Acceptance - Court of Appeals 10 PHP 85,000.00 PHP 850,000.00 Deed of Donation Preparation 9 PHP 35,469.00 PHP 319,221.00 Subtotal: PHP 1,169,221.00",LEGAL_FEES,2
"Attention: Michael Salazar Date: December 07, 2012 Re: Comprehensive Legal Services Package (5 items) Please see the attached invoice for legal services below rendered by King Combs & Green Law Office Office. For any questions or clarifications, feel free to contact us. Thank you for your trust. BILLING STATEMENT Description Qty Unit Price Amount Criminal Case Acceptance - Court of Appeals 4 PHP 85,000.00 PHP 340,000.00 Change of Registered Agent/Office 5 PHP 5,000.00 PHP 25,000.00 Civil Case Acceptance - Regional Trial Courts 8 PHP 75,000.00 PHP 600,000.00 Non-Stock Articles & By-Laws Preparation 7 PHP 35,000.00 PHP 245,000.00 Agrarian Case - Landowner Representation 2 PHP 85,000.00 PHP 170,000.00 Subtotal: PHP 1,380,000.00",LEGAL_FEES,2
"Attention: Victoria Hudson Date: October 06, 1999 Re: Agrarian Relation - For Tenant Please see the attached invoice for legal services below rendered by Scott Wood & Thompson Law Office Office. For any questions or clarifications, feel free to contact us. Thank you for your trust. BILLING STATEMENT Description Qty Unit Price Amount Agrarian Case - Tenant Representation 6 PHP 78,000.00 PHP 468,000.00 Subtotal: PHP 468,000.00",LEGAL_FEES,2
"Attention: Angel Johnson Date: June 14, 1997 Re: Comprehensive Legal Services Package (5 items) Please see the attached invoice for legal services below rendered by Chang Cooper & Jones Law Office Office. For any questions or clarifications, feel free to contact us. Thank you for your trust. BILLING STATEMENT Description Qty Unit Price Amount Deed of Donation Preparation 2 PHP 56,795.00 PHP 113,590.00 New Owner's Duplicate of Title 1 PHP 50,000.00 PHP 50,000.00 Authority to Do Business in PH 10 PHP 35,000.00 PHP 350,000.00 Criminal Case Acceptance - Court of Appeals 8 PHP 85,000.00 PHP 680,000.00 Preparation of contracts not involving sale 2 PHP 1,500.00 PHP 3,000.00 Subtotal: PHP 1,196,590.00",LEGAL_FEES,2
"Attention: Katrina Stewart Date: September 03, 2020 Re: Preparations and filing of motion to discharge Please see the attached invoice for legal services below rendered by Williams Bailey & Gamble Law Office Office. For any questions or clarifications, feel free to contact us. Thank you for your trust. BILLING STATEMENT Description Qty Unit Price Amount Motion to Discharge Preparation 2 PHP 25,000.00 PHP 50,000.00 Subtotal: PHP 50,000.00",LEGAL_FEES,2
"Attention: Pamela Arroyo Date: March 12, 2002 Re: Multiple Legal Services (3 items) Please see the attached invoice for legal services below rendered by Sims Ramirez & Floyd Law Office Office. For any questions or clarifications, feel free to contact us. Thank you for your trust. BILLING STATEMENT Description Qty Unit Price Amount Creditor's Claim Filing 9 PHP 10,000.00 PHP 90,000.00 Corporate Reports Filing Preparation 7 PHP 6,000.00 PHP 42,000.00 Criminal Case Acceptance - Court of Appeals 1 PHP 85,000.00 PHP 85,000.00 Subtotal: PHP 217,000.00",LEGAL_FEES,2
"Attention: Troy Stein Date: August 18, 2025 Re: Comprehensive Legal Services Package (6 items) Please see the attached invoice for legal services below rendered by Curry Shannon & Hayden Law Office Office. For any questions or clarifications, feel free to contact us. Thank you for your trust. BILLING STATEMENT Description Qty Unit Price Amount Criminal Case Acceptance - Court of Appeals 9 PHP 85,000.00 PHP 765,000.00 Monthly Legal Retainer Fee 10 PHP 8,000.00 PHP 80,000.00 Partnership Dissolution 1 PHP 35,000.00 PHP 35,000.00 Non-Stock Articles & By-Laws Preparation 6 PHP 35,000.00 PHP 210,000.00 CBA Negotiation and Execution 4 PHP 50,000.00 PHP 200,000.00 Preparation of contracts not involving sale 8 PHP 1,500.00 PHP 12,000.00 Subtotal: PHP 1,302,000.00",LEGAL_FEES,2
"Attention: Haley Mckenzie Date: October 29, 1999 Re: Articles of Incorporation and By-Laws of non-stock Please see the attached invoice for legal services below rendered by Parrish Bean & Todd Law Office Office. For any questions or clarifications, feel free to contact us. Thank you for your trust. BILLING STATEMENT Description Qty Unit Price Amount Non-Stock Articles & By-Laws Preparation 9 PHP 35,000.00 PHP 315,000.00 Subtotal: PHP 315,000.00",LEGAL_FEES,2
"Attention: Tara Long Date: May 01, 2009 Re: Preparation and Acknowledgement of Collective Bargaining Agreement Please see the attached invoice for legal services below rendered by Roberts Lee & Mueller Law Office Office. For any questions or clarifications, feel free to contact us. Thank you for your trust. BILLING STATEMENT Description Qty Unit Price Amount CBA Preparation & Acknowledgement 8 PHP 30,000.00 PHP 240,000.00 Subtotal: PHP 240,000.00",LEGAL_FEES,2
"Attention: Alyssa Miller Date: March 05, 2013 Re: Multiple Legal Services (3 items) Please see the attached invoice for legal services below rendered by Cross Sullivan & Rivera Law Office Office. For any questions or clarifications, feel free to contact us. Thank you for your trust. BILLING STATEMENT Description Qty Unit Price Amount Authority to Do Business in PH 7 PHP 35,000.00 PHP 245,000.00 CBA Preparation & Acknowledgement 9 PHP 30,000.00 PHP 270,000.00 Appearance - Other Administrative Agencies 6 PHP 4,500.00 PHP 27,000.00 Subtotal: PHP 542,000.00",LEGAL_FEES,2
"Attention: Howard Baker Date: April 17, 2017 Re: Multiple Legal Services (3 items) Please see the attached invoice for legal services below rendered by Davis Dougherty & Davis Law Office Office. For any questions or clarifications, feel free to contact us. Thank you for your trust. BILLING STATEMENT Description Qty Unit Price Amount Non-Stock Articles & By-Laws Preparation 8 PHP 35,000.00 PHP 280,000.00 Corporate Resolution Preparation 7 PHP 3,500.00 PHP 24,500.00 Individual Insolvency Proceedings 8 PHP 50,000.00 PHP 400,000.00 Subtotal: PHP 704,500.00",LEGAL_FEES,2
"Attention: Kathleen Lloyd Date: May 07, 1996 Re: Comprehensive Legal Services Package (6 items) Please see the attached invoice for legal services below rendered by Moore Washington & Phillips Law Office Office. For any questions or clarifications, feel free to contact us. Thank you for your trust. BILLING STATEMENT Description Qty Unit Price Amount Criminal Case Acceptance - Municipal Trial Courts 10 PHP 50,000.00 PHP 500,000.00 Criminal Case Acceptance - Regional Trial Courts 3 PHP 75,000.00 PHP 225,000.00 Authentication of documents 2 PHP 500.00 PHP 1,000.00 Civil Case Acceptance - Regional Trial Courts 10 PHP 75,000.00 PHP 750,000.00 Preparation and notarization of simple affidavits (jurat) 6 PHP 1,000.00 PHP 6,000.00 Trade Name Registration 10 PHP 10,000.00 PHP 100,000.00 Subtotal: PHP 1,582,000.00",LEGAL_FEES,2
"Attention: Gregory Hebert Date: January 17, 2009 Re: Comprehensive Legal Services Package (6 items) Please see the attached invoice for legal services below rendered by Curry Roberts & Ayers Law Office Office. For any questions or clarifications, feel free to contact us. Thank you for your trust. BILLING STATEMENT Description Qty Unit Price Amount Partnership Dissolution 4 PHP 35,000.00 PHP 140,000.00 Motion to Discharge Preparation 2 PHP 25,000.00 PHP 50,000.00 Partnership Dissolution 3 PHP 35,000.00 PHP 105,000.00 Corporate Dissolution Documents 5 PHP 25,000.00 PHP 125,000.00 Preparation of contracts not involving sale 4 PHP 1,500.00 PHP 6,000.00 Partnership Dissolution 1 PHP 35,000.00 PHP 35,000.00 Subtotal: PHP 461,000.00",LEGAL_FEES,2
"Attention: Christopher Buchanan Date: September 28, 2002 Re: Multiple Legal Services (3 items) Please see the attached invoice for legal services below rendered by Cohen Lopez & Fowler Law Office Office. For any questions or clarifications, feel free to contact us. Thank you for your trust. BILLING STATEMENT Description Qty Unit Price Amount Criminal Case Acceptance - Municipal Trial Courts 1 PHP 50,000.00 PHP 50,000.00 Appellate Jurisdiction Agency Case 7 PHP 75,000.00 PHP 525,000.00 Criminal Case Acceptance - Court of Appeals 10 PHP 85,000.00 PHP 850,000.00 Subtotal: PHP 1,425,000.00",LEGAL_FEES,2
"Attention: Steven Eaton Date: August 08, 1996 Re: Criminal Case - Regional Trial Courts Please see the attached invoice for legal services below rendered by Burke Christensen & Choi Law Office Office. For any questions or clarifications, feel free to contact us. Thank you for your trust. BILLING STATEMENT Description Qty Unit Price Amount Criminal Case Acceptance - Regional Trial Courts 3 PHP 75,000.00 PHP 225,000.00 Subtotal: PHP 225,000.00",LEGAL_FEES,2
"Attention: John Carr Date: October 15, 2021 Re: Preparations and filing of motion to discharge Please see the attached invoice for legal services below rendered by Williams Jones & Brown Law Office Office. For any questions or clarifications, feel free to contact us. Thank you for your trust. BILLING STATEMENT Description Qty Unit Price Amount Motion to Discharge Preparation 5 PHP 25,000.00 PHP 125,000.00 Subtotal: PHP 125,000.00",LEGAL_FEES,2
"Attention: Manuel Miller Date: July 05, 2018 Re: Comprehensive Legal Services Package (6 items) Please see the attached invoice for legal services below rendered by Hodge Murray & Clayton Law Office Office. For any questions or clarifications, feel free to contact us. Thank you for your trust. BILLING STATEMENT Description Qty Unit Price Amount Appearance - Labor Arbiter 10 PHP 7,000.00 PHP 70,000.00 Preparation of contracts involving sale 9 PHP 62,874.00 PHP 565,866.00 Agrarian Case - Tenant Representation 6 PHP 80,000.00 PHP 480,000.00 Non-Stock Articles & By-Laws Preparation 4 PHP 35,000.00 PHP 140,000.00 Original Jurisdiction Agency Case 9 PHP 60,000.00 PHP 540,000.00 Partnership Dissolution 2 PHP 35,000.00 PHP 70,000.00 Subtotal: PHP 1,865,866.00",LEGAL_FEES,2
"Attention: April Jones Date: September 07, 1995 Re: Comprehensive Legal Services Package (5 items) Please see the attached invoice for legal services below rendered by Roberts Valentine & Reeves Law Office Office. For any questions or clarifications, feel free to contact us. Thank you for your trust. BILLING STATEMENT Description Qty Unit Price Amount Business Insolvency Proceedings 1 PHP 25,000.00 PHP 25,000.00 Corporate Charter Amendment 1 PHP 30,000.00 PHP 30,000.00 Non-Stock Articles & By-Laws Preparation 2 PHP 35,000.00 PHP 70,000.00 Consultation with written advice (per hour or per page) 1 PHP 500.00 PHP 500.00 Consultation with written advice (per hour or per page) 4 PHP 1,500.00 PHP 6,000.00 Subtotal: PHP 131,500.00",LEGAL_FEES,2
"Attention: Kimberly Thompson Date: May 02, 2013 Re: Comprehensive Legal Services Package (4 items) Please see the attached invoice for legal services below rendered by Nunez Norton & Rodriguez Law Office Office. For any questions or clarifications, feel free to contact us. Thank you for your trust. BILLING STATEMENT Description Qty Unit Price Amount Preparation and notarization of simple affidavits (jurat) 6 PHP 1,000.00 PHP 6,000.00 Appellate Jurisdiction Agency Case 6 PHP 75,000.00 PHP 450,000.00 Civil Case Acceptance - Supreme Court 9 PHP 150,000.00 PHP 1,350,000.00 Authority to Do Business in PH 6 PHP 35,000.00 PHP 210,000.00 Subtotal: PHP 2,016,000.00",LEGAL_FEES,2
"Attention: Stephen Haynes Date: May 20, 2013 Re: Multiple Legal Services (3 items) Please see the attached invoice for legal services below rendered by Fuller Moore & Davis Law Office Office. For any questions or clarifications, feel free to contact us. Thank you for your trust. BILLING STATEMENT Description Qty Unit Price Amount Appellate Jurisdiction Agency Case 5 PHP 75,000.00 PHP 375,000.00 CBA Preparation & Acknowledgement 5 PHP 30,000.00 PHP 150,000.00 Non-Stock Articles & By-Laws Preparation 9 PHP 35,000.00 PHP 315,000.00 Subtotal: PHP 840,000.00",LEGAL_FEES,2
"Attention: William Harvey Date: July 27, 1997 Re: Multiple Legal Services (3 items) Please see the attached invoice for legal services below rendered by James Carpenter & Carpenter Law Office Office. For any questions or clarifications, feel free to contact us. Thank you for your trust. BILLING STATEMENT Description Qty Unit Price Amount Authentication of documents 6 PHP 500.00 PHP 3,000.00 Corporate Charter Amendment 6 PHP 30,000.00 PHP 180,000.00 Criminal Case Acceptance - Regional Trial Courts 10 PHP 75,000.00 PHP 750,000.00 Subtotal: PHP 933,000.00",LEGAL_FEES,2
"Attention: Tracey Cooper Date: June 22, 2008 Re: Comprehensive Legal Services Package (6 items) Please see the attached invoice for legal services below rendered by Johnson Carter & Novak Law Office Office. For any questions or clarifications, feel free to contact us. Thank you for your trust. BILLING STATEMENT Description Qty Unit Price Amount Criminal Case Acceptance - Court of Appeals 8 PHP 85,000.00 PHP 680,000.00 Research/Preliminary Study (per hour) 8 PHP 1,500.00 PHP 12,000.00 Bond/Collateral/Indemnity Agreement 3 PHP 5,000.00 PHP 15,000.00 Agrarian Case - Landowner Representation 7 PHP 80,000.00 PHP 560,000.00 Corporate Dissolution Documents 6 PHP 25,000.00 PHP 150,000.00 Original Jurisdiction Agency Case 2 PHP 60,000.00 PHP 120,000.00 Subtotal: PHP 1,537,000.00",LEGAL_FEES,2
"Attention: Nathan Kelly Date: April 15, 1998 Re: Comprehensive Legal Services Package (5 items) Please see the attached invoice for legal services below rendered by Nichols Robinson & Ryan Law Office Office. For any questions or clarifications, feel free to contact us. Thank you for your trust. BILLING STATEMENT Description Qty Unit Price Amount Withdrawal from Country Documents 7 PHP 35,000.00 PHP 245,000.00 Agrarian Case - Tenant Representation 10 PHP 78,000.00 PHP 780,000.00 Research/Preliminary Study (per hour) 1 PHP 1,500.00 PHP 1,500.00 Articles of Partnership Drafting 9 PHP 105,000.00 PHP 945,000.00 Monthly Legal Retainer Fee 2 PHP 8,000.00 PHP 16,000.00 Subtotal: PHP 1,987,500.00",LEGAL_FEES,2
"Attention: Michelle Booker Date: May 18, 1996 Re: Monthly Retainer for Legal Services Please see the attached invoice for legal services below rendered by Johnson Ware & George Law Office Office. For any questions or clarifications, feel free to contact us. Thank you for your trust. BILLING STATEMENT Description Qty Unit Price Amount Monthly Legal Retainer Fee 3 PHP 8,000.00 PHP 24,000.00 Subtotal: PHP 24,000.00",LEGAL_FEES,2
"Attention: Susan Turner Date: November 13, 2019 Re: Original Jurisdiction Please see the attached invoice for legal services below rendered by Rodgers Paul & Knight Law Office Office. For any questions or clarifications, feel free to contact us. Thank you for your trust. BILLING STATEMENT Description Qty Unit Price Amount Original Jurisdiction Agency Case 1 PHP 60,000.00 PHP 60,000.00 Subtotal: PHP 60,000.00",LEGAL_FEES,2
"Attention: Elizabeth Moody Date: March 07, 2018 Re: Comprehensive Legal Services Package (5 items) Please see the attached invoice for legal services below rendered by Hernandez Duran & Garcia Law Office Office. For any questions or clarifications, feel free to contact us. Thank you for your trust. BILLING STATEMENT Description Qty Unit Price Amount Individual Insolvency Proceedings 2 PHP 50,000.00 PHP 100,000.00 Monthly Legal Retainer Fee 2 PHP 8,000.00 PHP 16,000.00 Original Jurisdiction Agency Case 8 PHP 60,000.00 PHP 480,000.00 Preparation of Attorney's Letter 3 PHP 500.00 PHP 1,500.00 Agrarian Case - Landowner Representation 10 PHP 85,000.00 PHP 850,000.00 Subtotal: PHP 1,447,500.00",LEGAL_FEES,2
"Attention: Michael Butler Date: February 21, 2022 Re: Comprehensive Legal Services Package (6 items) Please see the attached invoice for legal services below rendered by Nichols Cooper & Griffin Law Office Office. For any questions or clarifications, feel free to contact us. Thank you for your trust. BILLING STATEMENT Description Qty Unit Price Amount Trade Name Registration 4 PHP 10,000.00 PHP 40,000.00 Change of Registered Agent/Office 6 PHP 5,000.00 PHP 30,000.00 Criminal Case Acceptance - Court of Appeals 2 PHP 85,000.00 PHP 170,000.00 Trade Name Registration 3 PHP 10,000.00 PHP 30,000.00 Motion to Discharge Preparation 2 PHP 25,000.00 PHP 50,000.00 Agrarian Case - Landowner Representation 9 PHP 95,000.00 PHP 855,000.00 Subtotal: PHP 1,175,000.00",LEGAL_FEES,2
"Attention: Samuel Davis Date: October 07, 1995 Re: Adoption Involving Foreigners (Intercountry Adoption) Please see the attached invoice for legal services below rendered by Young Morgan & Schultz Law Office Office. For any questions or clarifications, feel free to contact us. Thank you for your trust. BILLING STATEMENT Description Qty Unit Price Amount Intercountry Adoption Proceedings 3 PHP 150,000.00 PHP 450,000.00 Subtotal: PHP 450,000.00",LEGAL_FEES,2
"Attention: Jessica Brown Date: February 01, 2015 Re: Multiple Legal Services (2 items) Please see the attached invoice for legal services below rendered by Hall Hughes & Robbins Law Office Office. For any questions or clarifications, feel free to contact us. Thank you for your trust. BILLING STATEMENT Description Qty Unit Price Amount Land Registration (with Opposition) 10 PHP 293,107.00 PHP 2,931,070.00 Preparation of contracts not involving sale 9 PHP 1,500.00 PHP 13,500.00 Subtotal: PHP 2,944,570.00",LEGAL_FEES,2
"Attention: Isaac Alvarez Date: March 24, 2017 Re: Comprehensive Legal Services Package (4 items) Please see the attached invoice for legal services below rendered by Smith Johnson & Mann Law Office Office. For any questions or clarifications, feel free to contact us. Thank you for your trust. BILLING STATEMENT Description Qty Unit Price Amount Authority to Do Business in PH 10 PHP 35,000.00 PHP 350,000.00 Original Jurisdiction Agency Case 9 PHP 60,000.00 PHP 540,000.00 Trade Name Registration 8 PHP 10,000.00 PHP 80,000.00 Criminal Case Acceptance - Regional Trial Courts 2 PHP 75,000.00 PHP 150,000.00 Subtotal: PHP 1,120,000.00",LEGAL_FEES,2
"Attention: Benjamin Rosario Date: March 09, 2020 Re: Multiple Legal Services (2 items) Please see the attached invoice for legal services below rendered by Dalton Cantrell & Armstrong Law Office Office. For any questions or clarifications, feel free to contact us. Thank you for your trust. BILLING STATEMENT Description Qty Unit Price Amount CBA Negotiation and Execution 3 PHP 50,000.00 PHP 150,000.00 Naturalization Proceedings 3 PHP 150,000.00 PHP 450,000.00 Subtotal: PHP 600,000.00",LEGAL_FEES,2
"Attention: Christine Jordan Date: October 08, 2009 Re: Comprehensive Legal Services Package (4 items) Please see the attached invoice for legal services below rendered by Wright Murphy & Williams Law Office Office. For any questions or clarifications, feel free to contact us. Thank you for your trust. BILLING STATEMENT Description Qty Unit Price Amount Articles of Partnership Drafting 8 PHP 55,000.00 PHP 440,000.00 Appearance - Other Administrative Agencies 7 PHP 3,500.00 PHP 24,500.00 Building Contract Review/Preparation 5 PHP 116,506.00 PHP 582,530.00 Corporate Charter Amendment 2 PHP 30,000.00 PHP 60,000.00 Subtotal: PHP 1,107,030.00",LEGAL_FEES,2
"Attention: Nancy Ayala Date: November 29, 1997 Re: Multiple Legal Services (3 items) Please see the attached invoice for legal services below rendered by Cook Reynolds & Berry Law Office Office. For any questions or clarifications, feel free to contact us. Thank you for your trust. BILLING STATEMENT Description Qty Unit Price Amount Preparation and notarization of simple affidavits (jurat) 7 PHP 1,000.00 PHP 7,000.00 Election Case Representation 7 PHP 120,000.00 PHP 840,000.00 Civil Case Acceptance - Supreme Court 3 PHP 150,000.00 PHP 450,000.00 Subtotal: PHP 1,297,000.00",LEGAL_FEES,2
"Attention: Patrick Warren Date: June 18, 2021 Re: Multiple Legal Services (2 items) Please see the attached invoice for legal services below rendered by Ferguson Wolfe & Ferrell Law Office Office. For any questions or clarifications, feel free to contact us. Thank you for your trust. BILLING STATEMENT Description Qty Unit Price Amount Deed of Donation Preparation 8 PHP 38,770.00 PHP 310,160.00 Change of Registered Agent/Office - Foreign 9 PHP 25,000.00 PHP 225,000.00 Subtotal: PHP 535,160.00",LEGAL_FEES,2
"Attention: Samantha Bauer Date: January 16, 2006 Re: Comprehensive Legal Services Package (4 items) Please see the attached invoice for legal services below rendered by Baker Johnson & Hill Law Office Office. For any questions or clarifications, feel free to contact us. Thank you for your trust. BILLING STATEMENT Description Qty Unit Price Amount Monthly Legal Retainer Fee 8 PHP 8,000.00 PHP 64,000.00 Partnership Agreement (per month) 5 PHP 9,235.00 PHP 46,175.00 Monthly Legal Retainer Fee 5 PHP 8,000.00 PHP 40,000.00 Monthly Legal Retainer Fee 8 PHP 8,000.00 PHP 64,000.00 Subtotal: PHP 214,175.00",LEGAL_FEES,2
"Attention: Amy Macias Date: May 10, 1999 Re: Multiple Legal Services (3 items) Please see the attached invoice for legal services below rendered by Robbins Torres & Day Law Office Office. For any questions or clarifications, feel free to contact us. Thank you for your trust. BILLING STATEMENT Description Qty Unit Price Amount Corporate Reports Filing Preparation 5 PHP 6,000.00 PHP 30,000.00 Registered Agent Registration Documents 3 PHP 10,000.00 PHP 30,000.00 Monthly Legal Retainer Fee 4 PHP 8,000.00 PHP 32,000.00 Subtotal: PHP 92,000.00",LEGAL_FEES,2
"Attention: Kim Ochoa Date: October 15, 1996 Re: Comprehensive Legal Services Package (5 items) Please see the attached invoice for legal services below rendered by Jacobs Brown & Blake Law Office Office. For any questions or clarifications, feel free to contact us. Thank you for your trust. BILLING STATEMENT Description Qty Unit Price Amount Criminal Case Acceptance - Regional Trial Courts 3 PHP 75,000.00 PHP 225,000.00 Research/Preliminary Study (per hour) 1 PHP 1,500.00 PHP 1,500.00 Original Jurisdiction Agency Case 4 PHP 60,000.00 PHP 240,000.00 Civil Case Acceptance - Municipal Trial Courts 10 PHP 50,000.00 PHP 500,000.00 Bond/Collateral/Indemnity Agreement 10 PHP 5,000.00 PHP 50,000.00 Subtotal: PHP 1,016,500.00",LEGAL_FEES,2
"Attention: Courtney Williams Date: January 15, 2015 Re: Comprehensive Legal Services Package (4 items) Please see the attached invoice for legal services below rendered by Williams Johnson & Murphy Law Office Office. For any questions or clarifications, feel free to contact us. Thank you for your trust. BILLING STATEMENT Description Qty Unit Price Amount Preparation of contracts not involving sale 8 PHP 1,500.00 PHP 12,000.00 Eminent Domain/Expropriation Proceedings 10 PHP 466,295.00 PHP 4,662,950.00 Appearance - Labor Arbiter 5 PHP 2,000.00 PHP 10,000.00 Civil Case Acceptance - Supreme Court 9 PHP 150,000.00 PHP 1,350,000.00 Subtotal: PHP 6,034,950.00",LEGAL_FEES,2
"Attention: Heather Mathis Date: December 11, 2006 Re: Comprehensive Legal Services Package (4 items) Please see the attached invoice for legal services below rendered by Gilbert Stevens & Eaton Law Office Office. For any questions or clarifications, feel free to contact us. Thank you for your trust. BILLING STATEMENT Description Qty Unit Price Amount Partnership Dissolution 3 PHP 35,000.00 PHP 105,000.00 Non-Stock Articles & By-Laws Preparation 5 PHP 35,000.00 PHP 175,000.00 Reconstitution of Title 9 PHP 75,000.00 PHP 675,000.00 Individual Insolvency Proceedings 6 PHP 50,000.00 PHP 300,000.00 Subtotal: PHP 1,255,000.00",LEGAL_FEES,2
"Attention: Hannah Myers Date: October 10, 2006 Re: Comprehensive Legal Services Package (6 items) Please see the attached invoice for legal services below rendered by Payne Liu & Ellis Law Office Office. For any questions or clarifications, feel free to contact us. Thank you for your trust. BILLING STATEMENT Description Qty Unit Price Amount Monthly Legal Retainer Fee 6 PHP 8,000.00 PHP 48,000.00 Monthly Legal Retainer Fee 5 PHP 8,000.00 PHP 40,000.00 Building Contract Review/Preparation 9 PHP 253,422.00 PHP 2,280,798.00 Agrarian Case - Tenant Representation 6 PHP 77,000.00 PHP 462,000.00 Appearance - DOLE/POEA/NCMB 1 PHP 1,500.00 PHP 1,500.00 Civil Case Acceptance - Supreme Court 6 PHP 150,000.00 PHP 900,000.00 Subtotal: PHP 3,732,298.00",LEGAL_FEES,2
"Attention: Kathy Green Date: August 29, 2023 Re: Multiple Legal Services (2 items) Please see the attached invoice for legal services below rendered by Mueller Butler & Larson Law Office Office. For any questions or clarifications, feel free to contact us. Thank you for your trust. BILLING STATEMENT Description Qty Unit Price Amount Partnership Agreement (per month) 5 PHP 8,098.00 PHP 40,490.00 Monthly Legal Retainer Fee 6 PHP 8,000.00 PHP 48,000.00 Subtotal: PHP 88,490.00",LEGAL_FEES,2
"Attention: Kevin Garcia Date: October 31, 2007 Re: Preparation and notarization of simple affidavits (jurat) Please see the attached invoice for legal services below rendered by Carter Arias & Adams Law Office Office. For any questions or clarifications, feel free to contact us. Thank you for your trust. BILLING STATEMENT Description Qty Unit Price Amount Preparation and notarization of simple affidavits (jurat) 2 PHP 1,000.00 PHP 2,000.00 Subtotal: PHP 2,000.00",LEGAL_FEES,2
"Attention: Michael Nicholson Date: December 27, 2012 Re: Multiple Legal Services (3 items) Please see the attached invoice for legal services below rendered by Norris Vega & Serrano Law Office Office. For any questions or clarifications, feel free to contact us. Thank you for your trust. BILLING STATEMENT Description Qty Unit Price Amount Authority to Do Business in PH 10 PHP 35,000.00 PHP 350,000.00 Agrarian Case - Tenant Representation 8 PHP 78,000.00 PHP 624,000.00 Trade Name Registration 10 PHP 10,000.00 PHP 100,000.00 Subtotal: PHP 1,074,000.00",LEGAL_FEES,2
"Attention: Randy Jacobs Date: March 27, 2005 Re: Comprehensive Legal Services Package (6 items) Please see the attached invoice for legal services below rendered by Griffin Young & Torres Law Office Office. For any questions or clarifications, feel free to contact us. Thank you for your trust. BILLING STATEMENT Description Qty Unit Price Amount Corporate Reports Filing Preparation 3 PHP 6,000.00 PHP 18,000.00 Civil Case Acceptance - Court of Appeals 6 PHP 85,000.00 PHP 510,000.00 Naturalization Proceedings 10 PHP 150,000.00 PHP 1,500,000.00 Criminal Case Acceptance - Supreme Court 9 PHP 150,000.00 PHP 1,350,000.00 Monthly Legal Retainer Fee 7 PHP 8,000.00 PHP 56,000.00 Creditor's Claim Filing 8 PHP 10,000.00 PHP 80,000.00 Subtotal: PHP 3,514,000.00",LEGAL_FEES,2
"Attention: Stephen Garcia Date: May 11, 2004 Re: Comprehensive Legal Services Package (4 items) Please see the attached invoice for legal services below rendered by Burns Hahn & Wolfe Law Office Office. For any questions or clarifications, feel free to contact us. Thank you for your trust. BILLING STATEMENT Description Qty Unit Price Amount Monthly Legal Retainer Fee 3 PHP 8,000.00 PHP 24,000.00 CBA Preparation & Acknowledgement 10 PHP 30,000.00 PHP 300,000.00 Original Jurisdiction Agency Case 9 PHP 60,000.00 PHP 540,000.00 Motion to Discharge Preparation 2 PHP 25,000.00 PHP 50,000.00 Subtotal: PHP 914,000.00",LEGAL_FEES,2
"Attention: Amanda Spencer Date: September 28, 1999 Re: Authentication of documents Please see the attached invoice for legal services below rendered by Hill Pearson & Nielsen Law Office Office. For any questions or clarifications, feel free to contact us. Thank you for your trust. BILLING STATEMENT Description Qty Unit Price Amount Authentication of documents 6 PHP 500.00 PHP 3,000.00 Subtotal: PHP 3,000.00",LEGAL_FEES,2
"Attention: Kevin Reid Date: May 28, 2015 Re: Comprehensive Legal Services Package (4 items) Please see the attached invoice for legal services below rendered by Daniels Walters & Crawford Law Office Office. For any questions or clarifications, feel free to contact us. Thank you for your trust. BILLING STATEMENT Description Qty Unit Price Amount Appearance - NLRC 4 PHP 3,000.00 PHP 12,000.00 Agrarian Case - Tenant Representation 4 PHP 80,000.00 PHP 320,000.00 Civil Case Acceptance - Regional Trial Courts 4 PHP 75,000.00 PHP 300,000.00 Preparation of Attorney's Letter 8 PHP 500.00 PHP 4,000.00 Subtotal: PHP 636,000.00",LEGAL_FEES,2
"Attention: Stanley Nolan Date: July 08, 2016 Re: Drafting of Articles of Partnership Please see the attached invoice for legal services below rendered by Serrano Frederick & Lewis Law Office Office. For any questions or clarifications, feel free to contact us. Thank you for your trust. BILLING STATEMENT Description Qty Unit Price Amount Articles of Partnership Drafting 8 PHP 100,000.00 PHP 800,000.00 Subtotal: PHP 800,000.00",LEGAL_FEES,2
"Attention: Jeffrey Miller Date: September 04, 2004 Re: Comprehensive Legal Services Package (6 items) Please see the attached invoice for legal services below rendered by Sullivan Cruz & Cantu Law Office Office. For any questions or clarifications, feel free to contact us. Thank you for your trust. BILLING STATEMENT Description Qty Unit Price Amount Criminal Case Acceptance - Municipal Trial Courts 2 PHP 50,000.00 PHP 100,000.00 Court Appearance - Municipal Trial Courts 2 PHP 2,500.00 PHP 5,000.00 Authority to Do Business in PH 10 PHP 35,000.00 PHP 350,000.00 Original Jurisdiction Agency Case 9 PHP 60,000.00 PHP 540,000.00 Original Jurisdiction Agency Case 3 PHP 60,000.00 PHP 180,000.00 Civil Case Acceptance - Municipal Trial Courts 6 PHP 50,000.00 PHP 300,000.00 Subtotal: PHP 1,475,000.00",LEGAL_FEES,2
"Attention: Heather Dickerson Date: August 07, 2025 Re: Comprehensive Legal Services Package (7 items) Please see the attached invoice for legal services below rendered by Lewis Garcia & Lowe Law Office Office. For any questions or clarifications, feel free to contact us. Thank you for your trust. BILLING STATEMENT Description Qty Unit Price Amount Non-Stock Articles & By-Laws Preparation 10 PHP 35,000.00 PHP 350,000.00 Eminent Domain/Expropriation Proceedings 6 PHP 234,912.00 PHP 1,409,472.00 Preparation of contracts involving sale 2 PHP 13,462.00 PHP 26,924.00 Preparation of contracts involving sale 7 PHP 22,237.00 PHP 155,659.00 Criminal Case Acceptance - Municipal Trial Courts 9 PHP 50,000.00 PHP 450,000.00 Monthly Legal Retainer Fee 4 PHP 8,000.00 PHP 32,000.00 Monthly Legal Retainer Fee 1 PHP 8,000.00 PHP 8,000.00 Subtotal: PHP 2,432,055.00",LEGAL_FEES,2
"Attention: Martin Sheppard Date: July 15, 2022 Re: Comprehensive Legal Services Package (4 items) Please see the attached invoice for legal services below rendered by Mcguire Lane & Perez Law Office Office. For any questions or clarifications, feel free to contact us. Thank you for your trust. BILLING STATEMENT Description Qty Unit Price Amount Creditor's Claim Filing 6 PHP 10,000.00 PHP 60,000.00 Partnership Agreement (per month) 1 PHP 9,150.00 PHP 9,150.00 Criminal Case Acceptance - Supreme Court 7 PHP 150,000.00 PHP 1,050,000.00 Consultation with written advice (per hour or per page) 8 PHP 1,000.00 PHP 8,000.00 Subtotal: PHP 1,127,150.00",LEGAL_FEES,2
"Attention: Katelyn Ruiz Date: December 16, 2011 Re: Multiple Legal Services (2 items) Please see the attached invoice for legal services below rendered by Rivera Garcia & Jackson Law Office Office. For any questions or clarifications, feel free to contact us. Thank you for your trust. BILLING STATEMENT Description Qty Unit Price Amount Original Jurisdiction Agency Case 3 PHP 60,000.00 PHP 180,000.00 Election Case Representation 5 PHP 120,000.00 PHP 600,000.00 Subtotal: PHP 780,000.00",LEGAL_FEES,2
"Attention: Regina Williams Date: December 10, 2001 Re: Comprehensive Legal Services Package (4 items) Please see the attached invoice for legal services below rendered by Kramer Ellis & Knight Law Office Office. For any questions or clarifications, feel free to contact us. Thank you for your trust. BILLING STATEMENT Description Qty Unit Price Amount Court Appearance - Municipal Trial Courts 6 PHP 2,500.00 PHP 15,000.00 Agrarian Case - Landowner Representation 5 PHP 100,000.00 PHP 500,000.00 Foreign Corp Registered Agent Documents 3 PHP 35,000.00 PHP 105,000.00 Preparation and notarization of simple affidavits (jurat) 6 PHP 1,000.00 PHP 6,000.00 Subtotal: PHP 626,000.00",LEGAL_FEES,2
"Attention: Tyler Stevens Date: June 06, 2008 Re: Multiple Legal Services (2 items) Please see the attached invoice for legal services below rendered by Richards Cunningham & Williams Law Office Office. For any questions or clarifications, feel free to contact us. Thank you for your trust. BILLING STATEMENT Description Qty Unit Price Amount Eminent Domain/Expropriation Proceedings 5 PHP 100,000.00 PHP 500,000.00 Monthly Legal Retainer Fee 8 PHP 8,000.00 PHP 64,000.00 Subtotal: PHP 564,000.00",LEGAL_FEES,2
"Attention: Michael Lewis Date: February 07, 2013 Re: Comprehensive Legal Services Package (5 items) Please see the attached invoice for legal services below rendered by Allen Bennett & Fletcher Law Office Office. For any questions or clarifications, feel free to contact us. Thank you for your trust. BILLING STATEMENT Description Qty Unit Price Amount Civil Case Acceptance - Supreme Court 9 PHP 150,000.00 PHP 1,350,000.00 Non-Stock Articles & By-Laws Preparation 10 PHP 35,000.00 PHP 350,000.00 Agrarian Case - Tenant Representation 2 PHP 79,000.00 PHP 158,000.00 Preparation of contracts not involving sale 3 PHP 1,500.00 PHP 4,500.00 Bond/Collateral/Indemnity Agreement 3 PHP 5,000.00 PHP 15,000.00 Subtotal: PHP 1,877,500.00",LEGAL_FEES,2
"Attention: Greg Barnes Date: July 02, 2005 Re: Multiple Legal Services (3 items) Please see the attached invoice for legal services below rendered by Anderson Trevino & Peters Law Office Office. For any questions or clarifications, feel free to contact us. Thank you for your trust. BILLING STATEMENT Description Qty Unit Price Amount Authentication of documents 6 PHP 900.00 PHP 5,400.00 Preparation of contracts not involving sale 10 PHP 1,500.00 PHP 15,000.00 Articles of Partnership Drafting 7 PHP 95,000.00 PHP 665,000.00 Subtotal: PHP 685,400.00",LEGAL_FEES,2
"Attention: Sara Williams Date: January 09, 2014 Re: Multiple Legal Services (2 items) Please see the attached invoice for legal services below rendered by Garcia Hunter & Thomas Law Office Office. For any questions or clarifications, feel free to contact us. Thank you for your trust. BILLING STATEMENT Description Qty Unit Price Amount Court Appearance - Supreme Court 7 PHP 25,000.00 PHP 175,000.00 Original Jurisdiction Agency Case 2 PHP 60,000.00 PHP 120,000.00 Subtotal: PHP 295,000.00",LEGAL_FEES,2
"Attention: James Graham Date: March 17, 2013 Re: Comprehensive Legal Services Package (5 items) Please see the attached invoice for legal services below rendered by Cox Moss & Price Law Office Office. For any questions or clarifications, feel free to contact us. Thank you for your trust. BILLING STATEMENT Description Qty Unit Price Amount Court Appearance - Sandiganbayan 6 PHP 10,000.00 PHP 60,000.00 Non-Stock Articles & By-Laws Preparation 4 PHP 35,000.00 PHP 140,000.00 Agrarian Case - Landowner Representation 10 PHP 85,000.00 PHP 850,000.00 Appearance - DOLE/POEA/NCMB 6 PHP 7,500.00 PHP 45,000.00 Preparation of contracts not involving sale 4 PHP 1,500.00 PHP 6,000.00 Subtotal: PHP 1,101,000.00",LEGAL_FEES,2
"Attention: Reginald Waller Date: November 12, 2017 Re: Comprehensive Legal Services Package (6 items) Please see the attached invoice for legal services below rendered by Klein Brown & Vasquez Law Office Office. For any questions or clarifications, feel free to contact us. Thank you for your trust. BILLING STATEMENT Description Qty Unit Price Amount Change of Registered Agent/Office 3 PHP 5,000.00 PHP 15,000.00 Criminal Case Acceptance - Regional Trial Courts 3 PHP 75,000.00 PHP 225,000.00 Foreign Corp Registered Agent Documents 7 PHP 35,000.00 PHP 245,000.00 Business Insolvency Proceedings 3 PHP 25,000.00 PHP 75,000.00 Articles of Partnership Drafting 8 PHP 45,000.00 PHP 360,000.00 Partnership Dissolution 8 PHP 35,000.00 PHP 280,000.00 Subtotal: PHP 1,200,000.00",LEGAL_FEES,2
"Attention: Marcus Cox Date: December 11, 2003 Re: Comprehensive Legal Services Package (5 items) Please see the attached invoice for legal services below rendered by Everett Ramirez & Martin Law Office Office. For any questions or clarifications, feel free to contact us. Thank you for your trust. BILLING STATEMENT Description Qty Unit Price Amount Appellate Jurisdiction Agency Case 10 PHP 75,000.00 PHP 750,000.00 Criminal Case Acceptance - Regional Trial Courts 1 PHP 75,000.00 PHP 75,000.00 Husband & Wife Insolvency (Additional) 4 PHP 30,000.00 PHP 120,000.00 Agrarian Case - Landowner Representation 1 PHP 80,000.00 PHP 80,000.00 Business Insolvency Proceedings 4 PHP 25,000.00 PHP 100,000.00 Subtotal: PHP 1,125,000.00",LEGAL_FEES,2
"Attention: Randy Morgan Date: January 30, 2012 Re: Multiple Legal Services (2 items) Please see the attached invoice for legal services below rendered by Rodriguez Smith & Nelson Law Office Office. For any questions or clarifications, feel free to contact us. Thank you for your trust. BILLING STATEMENT Description Qty Unit Price Amount Reconstitution of Title 1 PHP 75,000.00 PHP 75,000.00 Articles of Incorporation and By-Laws Preparation 7 PHP 34,000.00 PHP 238,000.00 Subtotal: PHP 313,000.00",LEGAL_FEES,2
"Attention: Diana Curry Date: May 30, 2023 Re: Comprehensive Legal Services Package (7 items) Please see the attached invoice for legal services below rendered by Lowe Brown & Pierce Law Office Office. For any questions or clarifications, feel free to contact us. Thank you for your trust. BILLING STATEMENT Description Qty Unit Price Amount Civil Case Acceptance - Supreme Court 7 PHP 150,000.00 PHP 1,050,000.00 Building Contract Review/Preparation 10 PHP 28,809.00 PHP 288,090.00 Original Jurisdiction Agency Case 7 PHP 60,000.00 PHP 420,000.00 Change of Registered Agent/Office 7 PHP 5,000.00 PHP 35,000.00 Domestic Adoption Proceedings 7 PHP 75,000.00 PHP 525,000.00 Research/Preliminary Study (per hour) 4 PHP 1,500.00 PHP 6,000.00 Partnership Dissolution 2 PHP 35,000.00 PHP 70,000.00 Subtotal: PHP 2,394,090.00",LEGAL_FEES,2
"Attention: Matthew Fleming Date: March 07, 2007 Re: Election Cases Please see the attached invoice for legal services below rendered by Gonzalez Castillo & Garcia Law Office Office. For any questions or clarifications, feel free to contact us. Thank you for your trust. BILLING STATEMENT Description Qty Unit Price Amount Election Case Representation 10 PHP 120,000.00 PHP 1,200,000.00 Subtotal: PHP 1,200,000.00",LEGAL_FEES,2
"Attention: Sean Garner Date: September 02, 2024 Re: Comprehensive Legal Services Package (5 items) Please see the attached invoice for legal services below rendered by Navarro Hayes & Cunningham Law Office Office. For any questions or clarifications, feel free to contact us. Thank you for your trust. BILLING STATEMENT Description Qty Unit Price Amount Authority to Do Business in PH 2 PHP 35,000.00 PHP 70,000.00 Corporate Dissolution Documents 10 PHP 25,000.00 PHP 250,000.00 Trade Name Registration 5 PHP 10,000.00 PHP 50,000.00 Corporate Resolution Preparation 8 PHP 3,500.00 PHP 28,000.00 Corporate Dissolution Documents 8 PHP 25,000.00 PHP 200,000.00 Subtotal: PHP 598,000.00",LEGAL_FEES,2
"Attention: Stephen Thompson Date: February 27, 2013 Re: Multiple Legal Services (3 items) Please see the attached invoice for legal services below rendered by Little Padilla & Kim Law Office Office. For any questions or clarifications, feel free to contact us. Thank you for your trust. BILLING STATEMENT Description Qty Unit Price Amount CBA Negotiation and Execution 10 PHP 20,000.00 PHP 200,000.00 Monthly Legal Retainer Fee 2 PHP 8,000.00 PHP 16,000.00 Corporate Dissolution Documents 7 PHP 25,000.00 PHP 175,000.00 Subtotal: PHP 391,000.00",LEGAL_FEES,2
"Attention: Connor Ramirez Date: October 05, 2003 Re: Multiple Legal Services (3 items) Please see the attached invoice for legal services below rendered by Cardenas Johnson & Williams Law Office Office. For any questions or clarifications, feel free to contact us. Thank you for your trust. BILLING STATEMENT Description Qty Unit Price Amount Agrarian Case - Tenant Representation 1 PHP 78,000.00 PHP 78,000.00 Civil Case Acceptance - Court of Appeals 1 PHP 85,000.00 PHP 85,000.00 Husband & Wife Insolvency (Additional) 10 PHP 30,000.00 PHP 300,000.00 Subtotal: PHP 463,000.00",LEGAL_FEES,2
"Attention: Barbara Bennett Date: March 16, 2008 Re: Comprehensive Legal Services Package (4 items) Please see the attached invoice for legal services below rendered by Jones Paul & Perez Law Office Office. For any questions or clarifications, feel free to contact us. Thank you for your trust. BILLING STATEMENT Description Qty Unit Price Amount Agrarian Case - Landowner Representation 4 PHP 90,000.00 PHP 360,000.00 Monthly Legal Retainer Fee 5 PHP 8,000.00 PHP 40,000.00 Trade Name Registration 6 PHP 10,000.00 PHP 60,000.00 Change of Registered Agent/Office 7 PHP 5,000.00 PHP 35,000.00 Subtotal: PHP 495,000.00",LEGAL_FEES,2
"Attention: Jessica Harris Date: August 20, 2007 Re: Preparation of necessary documents for withdrawal from country Please see the attached invoice for legal services below rendered by Burns Erickson & Noble Law Office Office. For any questions or clarifications, feel free to contact us. Thank you for your trust. BILLING STATEMENT Description Qty Unit Price Amount Withdrawal from Country Documents 3 PHP 35,000.00 PHP 105,000.00 Subtotal: PHP 105,000.00",LEGAL_FEES,2
"Attention: Andrea Greer Date: May 18, 2011 Re: Comprehensive Legal Services Package (4 items) Please see the attached invoice for legal services below rendered by Kaiser Perez & Smith Law Office Office. For any questions or clarifications, feel free to contact us. Thank you for your trust. BILLING STATEMENT Description Qty Unit Price Amount Criminal Case Acceptance - Regional Trial Courts 9 PHP 75,000.00 PHP 675,000.00 Mortgage Release/Extension 10 PHP 3,000.00 PHP 30,000.00 Court Appearance - Supreme Court 2 PHP 10,000.00 PHP 20,000.00 Creditor's Claim Filing 2 PHP 10,000.00 PHP 20,000.00 Subtotal: PHP 745,000.00",LEGAL_FEES,2
"Attention: Francisco Burns Date: September 17, 2015 Re: Multiple Legal Services (2 items) Please see the attached invoice for legal services below rendered by Mcclain Hansen & Russell Law Office Office. For any questions or clarifications, feel free to contact us. Thank you for your trust. BILLING STATEMENT Description Qty Unit Price Amount Original Jurisdiction Agency Case 10 PHP 60,000.00 PHP 600,000.00 Reconstitution of Title 7 PHP 75,000.00 PHP 525,000.00 Subtotal: PHP 1,125,000.00",LEGAL_FEES,2
"Attention: Nicholas Rogers Date: March 13, 2009 Re: Comprehensive Legal Services Package (7 items) Please see the attached invoice for legal services below rendered by Miller Caldwell & Newman Law Office Office. For any questions or clarifications, feel free to contact us. Thank you for your trust. BILLING STATEMENT Description Qty Unit Price Amount Partnership Dissolution 1 PHP 35,000.00 PHP 35,000.00 Agrarian Case - Tenant Representation 3 PHP 80,000.00 PHP 240,000.00 Intercountry Adoption Proceedings 6 PHP 150,000.00 PHP 900,000.00 Preparation and notarization of simple affidavits (jurat) 3 PHP 1,000.00 PHP 3,000.00 Preparation and notarization of simple affidavits (jurat) 6 PHP 1,000.00 PHP 6,000.00 Land Registration (Without Opposition) 9 PHP 823,456.00 PHP 7,411,104.00 Monthly Legal Retainer Fee 8 PHP 8,000.00 PHP 64,000.00 Subtotal: PHP 8,659,104.00",LEGAL_FEES,2
"Attention: Derrick Miller Date: February 12, 1995 Re: Comprehensive Legal Services Package (7 items) Please see the attached invoice for legal services below rendered by Morgan Torres & Palmer Law Office Office. For any questions or clarifications, feel free to contact us. Thank you for your trust. BILLING STATEMENT Description Qty Unit Price Amount Authentication of documents 10 PHP 500.00 PHP 5,000.00 Appellate Jurisdiction Agency Case 3 PHP 75,000.00 PHP 225,000.00 Monthly Legal Retainer Fee 7 PHP 8,000.00 PHP 56,000.00 Trade Name Registration 10 PHP 10,000.00 PHP 100,000.00 Articles of Partnership Drafting 10 PHP 60,000.00 PHP 600,000.00 Civil Case Acceptance - Municipal Trial Courts 4 PHP 50,000.00 PHP 200,000.00 Civil Case Acceptance - Municipal Trial Courts 6 PHP 50,000.00 PHP 300,000.00 Subtotal: PHP 1,486,000.00",LEGAL_FEES,2
"Attention: Jeffery Mcfarland Date: November 06, 1997 Re: Comprehensive Legal Services Package (4 items) Please see the attached invoice for legal services below rendered by Mathis Bennett & Schneider Law Office Office. For any questions or clarifications, feel free to contact us. Thank you for your trust. BILLING STATEMENT Description Qty Unit Price Amount Non-Stock Articles & By-Laws Preparation 2 PHP 35,000.00 PHP 70,000.00 Agrarian Case - Landowner Representation 3 PHP 95,000.00 PHP 285,000.00 Partnership Agreement (per month) 2 PHP 8,109.00 PHP 16,218.00 Agrarian Case - Tenant Representation 8 PHP 80,000.00 PHP 640,000.00 Subtotal: PHP 1,011,218.00",LEGAL_FEES,2
"Attention: Jamie Silva Date: September 08, 2005 Re: Comprehensive Legal Services Package (7 items) Please see the attached invoice for legal services below rendered by Chavez Taylor & Hodge Law Office Office. For any questions or clarifications, feel free to contact us. Thank you for your trust. BILLING STATEMENT Description Qty Unit Price Amount Eminent Domain/Expropriation Proceedings 1 PHP 126,994.00 PHP 126,994.00 Plain Consultation (per hour) 1 PHP 1,000.00 PHP 1,000.00 Appellate Jurisdiction Agency Case 4 PHP 75,000.00 PHP 300,000.00 Domestic Adoption Proceedings 1 PHP 75,000.00 PHP 75,000.00 Immigration Services 3 PHP 50,000.00 PHP 150,000.00 Civil Case Acceptance - Municipal Trial Courts 10 PHP 50,000.00 PHP 500,000.00 Original Jurisdiction Agency Case 5 PHP 60,000.00 PHP 300,000.00 Subtotal: PHP 1,452,994.00",LEGAL_FEES,2
"Attention: Robert Castaneda Date: February 01, 2005 Re: Multiple Legal Services (2 items) Please see the attached invoice for legal services below rendered by Robinson Garza & Jordan Law Office Office. For any questions or clarifications, feel free to contact us. Thank you for your trust. BILLING STATEMENT Description Qty Unit Price Amount Mortgage Release/Extension 9 PHP 3,000.00 PHP 27,000.00 Non-Stock Articles & By-Laws Preparation 6 PHP 35,000.00 PHP 210,000.00 Subtotal: PHP 237,000.00",LEGAL_FEES,2
"Attention: Aaron Sanchez Date: August 13, 2015 Re: Comprehensive Legal Services Package (7 items) Please see the attached invoice for legal services below rendered by Hunter Bailey & James Law Office Office. For any questions or clarifications, feel free to contact us. Thank you for your trust. BILLING STATEMENT Description Qty Unit Price Amount Authentication of documents 4 PHP 700.00 PHP 2,800.00 Individual Insolvency Proceedings 10 PHP 50,000.00 PHP 500,000.00 Preparation of contracts not involving sale 8 PHP 1,500.00 PHP 12,000.00 Corporate Reports Filing Preparation 5 PHP 6,000.00 PHP 30,000.00 Non-Stock Articles & By-Laws Preparation 2 PHP 35,000.00 PHP 70,000.00 Registered Agent Registration Documents 6 PHP 10,000.00 PHP 60,000.00 Criminal Case Acceptance - Municipal Trial Courts 7 PHP 50,000.00 PHP 350,000.00 Subtotal: PHP 1,024,800.00",LEGAL_FEES,2
"Attention: Jason Baker Date: July 26, 2021 Re: Multiple Legal Services (2 items) Please see the attached invoice for legal services below rendered by Powell Armstrong & Wilson Law Office Office. For any questions or clarifications, feel free to contact us. Thank you for your trust. BILLING STATEMENT Description Qty Unit Price Amount Foreign Corp Registered Agent Documents 10 PHP 35,000.00 PHP 350,000.00 Research/Preliminary Study (per hour) 7 PHP 1,500.00 PHP 10,500.00 Subtotal: PHP 360,500.00",LEGAL_FEES,2
"Attention: Mario Mccoy Date: April 28, 2016 Re: Multiple Legal Services (3 items) Please see the attached invoice for legal services below rendered by Walker Mcconnell & Ashley Law Office Office. For any questions or clarifications, feel free to contact us. Thank you for your trust. BILLING STATEMENT Description Qty Unit Price Amount Original Jurisdiction Agency Case 5 PHP 60,000.00 PHP 300,000.00 Change of Registered Agent/Office - Foreign 7 PHP 25,000.00 PHP 175,000.00 Patent/Copyright Registration 7 PHP 150,000.00 PHP 1,050,000.00 Subtotal: PHP 1,525,000.00",LEGAL_FEES,2
"Attention: Nicholas Herrera Date: July 27, 2007 Re: Comprehensive Legal Services Package (7 items) Please see the attached invoice for legal services below rendered by Hubbard Sparks & Woods Law Office Office. For any questions or clarifications, feel free to contact us. Thank you for your trust. BILLING STATEMENT Description Qty Unit Price Amount Agrarian Case - Landowner Representation 7 PHP 90,000.00 PHP 630,000.00 Monthly Legal Retainer Fee 5 PHP 8,000.00 PHP 40,000.00 Non-Stock Articles & By-Laws Preparation 10 PHP 35,000.00 PHP 350,000.00 Monthly Legal Retainer Fee 5 PHP 8,000.00 PHP 40,000.00 Consultation with written advice (per hour or per page) 4 PHP 1,000.00 PHP 4,000.00 Plain Consultation (per hour) 3 PHP 1,000.00 PHP 3,000.00 Civil Case Acceptance - Regional Trial Courts 10 PHP 75,000.00 PHP 750,000.00 Subtotal: PHP 1,817,000.00",LEGAL_FEES,2
"Attention: Steven Guerrero Date: December 07, 1997 Re: Comprehensive Legal Services Package (7 items) Please see the attached invoice for legal services below rendered by Thompson Smith & Smith Law Office Office. For any questions or clarifications, feel free to contact us. Thank you for your trust. BILLING STATEMENT Description Qty Unit Price Amount Court Appearance - Sandiganbayan 5 PHP 40,000.00 PHP 200,000.00 Court Appearance - Supreme Court 3 PHP 20,000.00 PHP 60,000.00 Articles of Partnership Drafting 7 PHP 125,000.00 PHP 875,000.00 CBA Preparation & Acknowledgement 3 PHP 30,000.00 PHP 90,000.00 Criminal Case Acceptance - Supreme Court 3 PHP 150,000.00 PHP 450,000.00 Testate/Intestate Proceedings with Opposition 4 PHP 777,478.00 PHP 3,109,912.00 Foreign Corp Registered Agent Documents 1 PHP 35,000.00 PHP 35,000.00 Subtotal: PHP 4,819,912.00",LEGAL_FEES,2
"Attention: Laurie Harris Date: September 10, 2002 Re: Comprehensive Legal Services Package (7 items) Please see the attached invoice for legal services below rendered by Burns Johnson & Davis Law Office Office. For any questions or clarifications, feel free to contact us. Thank you for your trust. BILLING STATEMENT Description Qty Unit Price Amount Appearance - Other Administrative Agencies 2 PHP 3,500.00 PHP 7,000.00 Preparation and notarization of simple affidavits (jurat) 1 PHP 1,000.00 PHP 1,000.00 CBA Preparation & Acknowledgement 4 PHP 30,000.00 PHP 120,000.00 Non-Stock Articles & By-Laws Preparation 4 PHP 35,000.00 PHP 140,000.00 Preparation of contracts not involving sale 6 PHP 1,500.00 PHP 9,000.00 Monthly Legal Retainer Fee 5 PHP 8,000.00 PHP 40,000.00 Bond/Collateral/Indemnity Agreement 9 PHP 5,000.00 PHP 45,000.00 Subtotal: PHP 362,000.00",LEGAL_FEES,2
"Attention: Roy James Date: March 06, 2006 Re: Comprehensive Legal Services Package (7 items) Please see the attached invoice for legal services below rendered by Woods Walters & Bentley Law Office Office. For any questions or clarifications, feel free to contact us. Thank you for your trust. BILLING STATEMENT Description Qty Unit Price Amount Criminal Case Acceptance - Supreme Court 2 PHP 150,000.00 PHP 300,000.00 Agrarian Case - Landowner Representation 5 PHP 95,000.00 PHP 475,000.00 Criminal Case Acceptance - Regional Trial Courts 2 PHP 75,000.00 PHP 150,000.00 Criminal Case Acceptance - Court of Appeals 6 PHP 85,000.00 PHP 510,000.00 Individual Insolvency Proceedings 5 PHP 50,000.00 PHP 250,000.00 Court Appearance - Regional Trial Courts 2 PHP 9,000.00 PHP 18,000.00 Civil Case Acceptance - Regional Trial Courts 1 PHP 75,000.00 PHP 75,000.00 Subtotal: PHP 1,778,000.00",LEGAL_FEES,2
"Attention: Daniel Robertson Date: January 07, 2025 Re: Multiple Legal Services (3 items) Please see the attached invoice for legal services below rendered by White Clark & Gonzalez Law Office Office. For any questions or clarifications, feel free to contact us. Thank you for your trust. BILLING STATEMENT Description Qty Unit Price Amount Agrarian Case - Landowner Representation 3 PHP 90,000.00 PHP 270,000.00 Change of Registered Agent/Office 5 PHP 5,000.00 PHP 25,000.00 Articles of Partnership Drafting 3 PHP 40,000.00 PHP 120,000.00 Subtotal: PHP 415,000.00",LEGAL_FEES,2
"Attention: Travis Ramos Date: November 18, 2003 Re: Simple Articles of Incorporation and By-Laws Please see the attached invoice for legal services below rendered by Brown Nelson & Drake Law Office Office. For any questions or clarifications, feel free to contact us. Thank you for your trust. BILLING STATEMENT Description Qty Unit Price Amount Articles of Incorporation and By-Laws Preparation 8 PHP 66,000.00 PHP 528,000.00 Subtotal: PHP 528,000.00",LEGAL_FEES,2
"Attention: James Wagner Date: June 27, 2025 Re: Appellate Jurisdiction Please see the attached invoice for legal services below rendered by Bowman Lang & Scott Law Office Office. For any questions or clarifications, feel free to contact us. Thank you for your trust. BILLING STATEMENT Description Qty Unit Price Amount Appellate Jurisdiction Agency Case 7 PHP 75,000.00 PHP 525,000.00 Subtotal: PHP 525,000.00",LEGAL_FEES,2
"Attention: Rebecca Thomas Date: June 13, 2017 Re: Multiple Legal Services (3 items) Please see the attached invoice for legal services below rendered by Banks Pennington & Paul Law Office Office. For any questions or clarifications, feel free to contact us. Thank you for your trust. BILLING STATEMENT Description Qty Unit Price Amount Appellate Jurisdiction Agency Case 4 PHP 75,000.00 PHP 300,000.00 Original Jurisdiction Agency Case 6 PHP 60,000.00 PHP 360,000.00 Preparation of contracts not involving sale 10 PHP 1,500.00 PHP 15,000.00 Subtotal: PHP 675,000.00",LEGAL_FEES,2
"Attention: Joshua Meyer Date: March 26, 2012 Re: Comprehensive Legal Services Package (4 items) Please see the attached invoice for legal services below rendered by Griffin Mann & Robinson Law Office Office. For any questions or clarifications, feel free to contact us. Thank you for your trust. BILLING STATEMENT Description Qty Unit Price Amount Non-Stock Articles & By-Laws Preparation 8 PHP 35,000.00 PHP 280,000.00 Non-Stock Articles & By-Laws Preparation 6 PHP 35,000.00 PHP 210,000.00 Appearance - OMB 5 PHP 12,000.00 PHP 60,000.00 Building Contract Review/Preparation 3 PHP 34,079.00 PHP 102,237.00 Subtotal: PHP 652,237.00",LEGAL_FEES,2
"Attention: James Wilson Date: October 29, 2017 Re: Multiple Legal Services (3 items) Please see the attached invoice for legal services below rendered by Dixon Brooks & Townsend Law Office Office. For any questions or clarifications, feel free to contact us. Thank you for your trust. BILLING STATEMENT Description Qty Unit Price Amount Original Jurisdiction Agency Case 1 PHP 60,000.00 PHP 60,000.00 Registered Agent Registration Documents 2 PHP 10,000.00 PHP 20,000.00 Original Jurisdiction Agency Case 4 PHP 60,000.00 PHP 240,000.00 Subtotal: PHP 320,000.00",LEGAL_FEES,2
"Attention: Rodney Eaton Date: October 09, 2009 Re: Documents for registration to act as registered agent Please see the attached invoice for legal services below rendered by King King & Rogers Law Office Office. For any questions or clarifications, feel free to contact us. Thank you for your trust. BILLING STATEMENT Description Qty Unit Price Amount Foreign Corp Registered Agent Documents 5 PHP 35,000.00 PHP 175,000.00 Subtotal: PHP 175,000.00",LEGAL_FEES,2
"Attention: Brian Schultz Date: June 02, 1996 Re: Comprehensive Legal Services Package (7 items) Please see the attached invoice for legal services below rendered by Jefferson Gilbert & Lara Law Office Office. For any questions or clarifications, feel free to contact us. Thank you for your trust. BILLING STATEMENT Description Qty Unit Price Amount Non-Stock Articles & By-Laws Preparation 10 PHP 35,000.00 PHP 350,000.00 Monthly Legal Retainer Fee 8 PHP 8,000.00 PHP 64,000.00 Plain Consultation (per hour) 8 PHP 1,000.00 PHP 8,000.00 Non-Stock Articles & By-Laws Preparation 4 PHP 35,000.00 PHP 140,000.00 Agrarian Case - Landowner Representation 1 PHP 90,000.00 PHP 90,000.00 Court Appearance - Municipal Trial Courts 6 PHP 5,000.00 PHP 30,000.00 Monthly Legal Retainer Fee 9 PHP 8,000.00 PHP 72,000.00 Subtotal: PHP 754,000.00",LEGAL_FEES,2
"Attention: Dylan Doyle Date: December 22, 2004 Re: Comprehensive Legal Services Package (4 items) Please see the attached invoice for legal services below rendered by Dixon Brown & Parker Law Office Office. For any questions or clarifications, feel free to contact us. Thank you for your trust. BILLING STATEMENT Description Qty Unit Price Amount Criminal Case Acceptance - Supreme Court 7 PHP 150,000.00 PHP 1,050,000.00 Monthly Legal Retainer Fee 7 PHP 8,000.00 PHP 56,000.00 Land Registration (Without Opposition) 8 PHP 921,672.00 PHP 7,373,376.00 Court Appearance - Sandiganbayan 9 PHP 10,000.00 PHP 90,000.00 Subtotal: PHP 8,569,376.00",LEGAL_FEES,2
"Attention: Nathan Jones Date: October 01, 2012 Re: Comprehensive Legal Services Package (7 items) Please see the attached invoice for legal services below rendered by Pearson Wade & Parker Law Office Office. For any questions or clarifications, feel free to contact us. Thank you for your trust. BILLING STATEMENT Description Qty Unit Price Amount Non-Stock Articles & By-Laws Preparation 4 PHP 35,000.00 PHP 140,000.00 New Owner's Duplicate of Title 2 PHP 50,000.00 PHP 100,000.00 Original Jurisdiction Agency Case 6 PHP 60,000.00 PHP 360,000.00 Agrarian Case - Landowner Representation 4 PHP 100,000.00 PHP 400,000.00 Original Jurisdiction Agency Case 8 PHP 60,000.00 PHP 480,000.00 Appellate Jurisdiction Agency Case 9 PHP 75,000.00 PHP 675,000.00 Trade Name Registration 9 PHP 10,000.00 PHP 90,000.00 Subtotal: PHP 2,245,000.00",LEGAL_FEES,2
"Attention: Brandon Taylor Date: September 20, 2023 Re: Comprehensive Legal Services Package (5 items) Please see the attached invoice for legal services below rendered by Ortiz Boone & Vargas Law Office Office. For any questions or clarifications, feel free to contact us. Thank you for your trust. BILLING STATEMENT Description Qty Unit Price Amount Appearance - NLRC 3 PHP 1,500.00 PHP 4,500.00 Change of Registered Agent/Office - Foreign 6 PHP 25,000.00 PHP 150,000.00 Monthly Legal Retainer Fee 2 PHP 8,000.00 PHP 16,000.00 Articles of Partnership Drafting 3 PHP 35,000.00 PHP 105,000.00 Change of Registered Agent/Office - Foreign 2 PHP 25,000.00 PHP 50,000.00 Subtotal: PHP 325,500.00",LEGAL_FEES,2
"Attention: Nicolas Williams Date: December 19, 2014 Re: Drafting of Articles of Partnership Please see the attached invoice for legal services below rendered by Chambers Decker & Dillon Law Office Office. For any questions or clarifications, feel free to contact us. Thank you for your trust. BILLING STATEMENT Description Qty Unit Price Amount Articles of Partnership Drafting 2 PHP 55,000.00 PHP 110,000.00 Subtotal: PHP 110,000.00",LEGAL_FEES,2
"Attention: Edward Barton Date: November 14, 2006 Re: Comprehensive Legal Services Package (4 items) Please see the attached invoice for legal services below rendered by White Navarro & Shah Law Office Office. For any questions or clarifications, feel free to contact us. Thank you for your trust. BILLING STATEMENT Description Qty Unit Price Amount Original Jurisdiction Agency Case 2 PHP 60,000.00 PHP 120,000.00 Creditor's Claim Filing 7 PHP 10,000.00 PHP 70,000.00 Original Jurisdiction Agency Case 3 PHP 60,000.00 PHP 180,000.00 Registered Agent Registration Documents 7 PHP 10,000.00 PHP 70,000.00 Subtotal: PHP 440,000.00",LEGAL_FEES,2
"Attention: Gail Smith Date: June 08, 2007 Re: Insolvency Proceedings - Husband and Wife (additional) Please see the attached invoice for legal services below rendered by Ward Butler & Rogers Law Office Office. For any questions or clarifications, feel free to contact us. Thank you for your trust. BILLING STATEMENT Description Qty Unit Price Amount Husband & Wife Insolvency (Additional) 10 PHP 30,000.00 PHP 300,000.00 Subtotal: PHP 300,000.00",LEGAL_FEES,2
"Attention: Samuel Foster Date: November 22, 2025 Re: Preparation of contracts not involving sale (no pecuniary consideration) Please see the attached invoice for legal services below rendered by Davis Carrillo & Jordan Law Office Office. For any questions or clarifications, feel free to contact us. Thank you for your trust. BILLING STATEMENT Description Qty Unit Price Amount Preparation of contracts not involving sale 8 PHP 1,500.00 PHP 12,000.00 Subtotal: PHP 12,000.00",LEGAL_FEES,2
"Attention: Brandon Trevino Date: May 06, 2014 Re: Multiple Legal Services (2 items) Please see the attached invoice for legal services below rendered by Weber Graham & Ortiz Law Office Office. For any questions or clarifications, feel free to contact us. Thank you for your trust. BILLING STATEMENT Description Qty Unit Price Amount Partnership Dissolution 1 PHP 35,000.00 PHP 35,000.00 Civil Case Acceptance - Court of Appeals 1 PHP 85,000.00 PHP 85,000.00 Subtotal: PHP 120,000.00",LEGAL_FEES,2
"Attention: Craig Bradford Date: October 04, 2019 Re: Comprehensive Legal Services Package (6 items) Please see the attached invoice for legal services below rendered by Miller Townsend & Carter Law Office Office. For any questions or clarifications, feel free to contact us. Thank you for your trust. BILLING STATEMENT Description Qty Unit Price Amount Agrarian Case - Tenant Representation 7 PHP 77,000.00 PHP 539,000.00 Land Registration (with Opposition) 1 PHP 962,067.00 PHP 962,067.00 Option to Purchase Real Estate 9 PHP 61,382.00 PHP 552,438.00 Preparation of Attorney's Letter 9 PHP 500.00 PHP 4,500.00 Creditor's Claim Filing 6 PHP 10,000.00 PHP 60,000.00 Corporate Charter Amendment 5 PHP 30,000.00 PHP 150,000.00 Subtotal: PHP 2,268,005.00",LEGAL_FEES,2
"Attention: Charles Marshall Date: November 24, 2007 Re: Comprehensive Legal Services Package (5 items) Please see the attached invoice for legal services below rendered by Garcia Peterson & Perkins Law Office Office. For any questions or clarifications, feel free to contact us. Thank you for your trust. BILLING STATEMENT Description Qty Unit Price Amount Monthly Legal Retainer Fee 3 PHP 8,000.00 PHP 24,000.00 Monthly Legal Retainer Fee 4 PHP 8,000.00 PHP 32,000.00 Building Contract Review/Preparation 10 PHP 149,169.00 PHP 1,491,690.00 Corporate Charter Amendment 1 PHP 30,000.00 PHP 30,000.00 Civil Case Acceptance - Court of Appeals 1 PHP 85,000.00 PHP 85,000.00 Subtotal: PHP 1,662,690.00",LEGAL_FEES,2
"Attention: Mark Roberson Date: October 10, 2013 Re: Comprehensive Legal Services Package (7 items) Please see the attached invoice for legal services below rendered by Sullivan Mccormick & Rasmussen Law Office Office. For any questions or clarifications, feel free to contact us. Thank you for your trust. BILLING STATEMENT Description Qty Unit Price Amount Criminal Case Acceptance - Supreme Court 2 PHP 150,000.00 PHP 300,000.00 Appellate Jurisdiction Agency Case 6 PHP 75,000.00 PHP 450,000.00 New Owner's Duplicate of Title 5 PHP 50,000.00 PHP 250,000.00 Criminal Case Acceptance - Regional Trial Courts 6 PHP 75,000.00 PHP 450,000.00 Preparation of contracts not involving sale 7 PHP 1,500.00 PHP 10,500.00 Intercountry Adoption Proceedings 2 PHP 150,000.00 PHP 300,000.00 Preparation of contracts involving sale 3 PHP 39,086.00 PHP 117,258.00 Subtotal: PHP 1,877,758.00",LEGAL_FEES,2
"Attention: Tammy Colon Date: November 19, 1999 Re: Comprehensive Legal Services Package (7 items) Please see the attached invoice for legal services below rendered by Green Allison & Pena Law Office Office. For any questions or clarifications, feel free to contact us. Thank you for your trust. BILLING STATEMENT Description Qty Unit Price Amount Business Insolvency Proceedings 8 PHP 25,000.00 PHP 200,000.00 Appearance - NLRC 8 PHP 10,500.00 PHP 84,000.00 Appearance - Other Administrative Agencies 5 PHP 3,500.00 PHP 17,500.00 Criminal Case Acceptance - Supreme Court 7 PHP 150,000.00 PHP 1,050,000.00 Stockholders Agreement/Voting Trust 2 PHP 30,000.00 PHP 60,000.00 Monthly Legal Retainer Fee 4 PHP 8,000.00 PHP 32,000.00 Civil Case Acceptance - Supreme Court 4 PHP 150,000.00 PHP 600,000.00 Subtotal: PHP 2,043,500.00",LEGAL_FEES,2
"Attention: Mark Diaz Date: July 24, 2018 Re: Agrarian Relation - For landowner Please see the attached invoice for legal services below rendered by Stewart Johnson & Carson Law Office Office. For any questions or clarifications, feel free to contact us. Thank you for your trust. BILLING STATEMENT Description Qty Unit Price Amount Agrarian Case - Landowner Representation 7 PHP 80,000.00 PHP 560,000.00 Subtotal: PHP 560,000.00",LEGAL_FEES,2
"Attention: Hannah Huerta Date: September 03, 2024 Re: Comprehensive Legal Services Package (7 items) Please see the attached invoice for legal services below rendered by Chen Lewis & Lewis Law Office Office. For any questions or clarifications, feel free to contact us. Thank you for your trust. BILLING STATEMENT Description Qty Unit Price Amount Authority to Do Business in PH 10 PHP 35,000.00 PHP 350,000.00 Intercountry Adoption Proceedings 1 PHP 150,000.00 PHP 150,000.00 Consultation with written advice (per hour or per page) 2 PHP 2,500.00 PHP 5,000.00 Authentication of documents 7 PHP 500.00 PHP 3,500.00 Partnership Dissolution 3 PHP 35,000.00 PHP 105,000.00 Authority to Do Business in PH 7 PHP 35,000.00 PHP 245,000.00 Preparation of contracts not involving sale 5 PHP 1,500.00 PHP 7,500.00 Subtotal: PHP 866,000.00",LEGAL_FEES,2
"Attention: Brendan Murillo Date: October 06, 2007 Re: Preparations and filing of motion to discharge Please see the attached invoice for legal services below rendered by Shannon Gonzalez & Thompson Law Office Office. For any questions or clarifications, feel free to contact us. Thank you for your trust. BILLING STATEMENT Description Qty Unit Price Amount Motion to Discharge Preparation 8 PHP 25,000.00 PHP 200,000.00 Subtotal: PHP 200,000.00",LEGAL_FEES,2
"Attention: Eugene King Date: February 10, 2002 Re: Comprehensive Legal Services Package (6 items) Please see the attached invoice for legal services below rendered by Butler Rodriguez & Kemp Law Office Office. For any questions or clarifications, feel free to contact us. Thank you for your trust. BILLING STATEMENT Description Qty Unit Price Amount Non-Stock Articles & By-Laws Preparation 7 PHP 35,000.00 PHP 245,000.00 Non-Stock Articles & By-Laws Preparation 4 PHP 35,000.00 PHP 140,000.00 Bond/Collateral/Indemnity Agreement 6 PHP 5,000.00 PHP 30,000.00 Articles of Incorporation and By-Laws Preparation 10 PHP 38,000.00 PHP 380,000.00 Eminent Domain/Expropriation Proceedings 10 PHP 140,648.00 PHP 1,406,480.00 Articles of Partnership Drafting 9 PHP 80,000.00 PHP 720,000.00 Subtotal: PHP 2,921,480.00",LEGAL_FEES,2
"Attention: Tracey Hardin Date: August 03, 2011 Re: Multiple Legal Services (3 items) Please see the attached invoice for legal services below rendered by Freeman Ward & Mccarty Law Office Office. For any questions or clarifications, feel free to contact us. Thank you for your trust. BILLING STATEMENT Description Qty Unit Price Amount Testate/Intestate Proceedings with Opposition 4 PHP 200,317.00 PHP 801,268.00 Change of Registered Agent/Office - Foreign 5 PHP 25,000.00 PHP 125,000.00 Non-Stock Articles & By-Laws Preparation 2 PHP 35,000.00 PHP 70,000.00 Subtotal: PHP 996,268.00",LEGAL_FEES,2
"Attention: Christopher Ponce Date: October 08, 1996 Re: Comprehensive Legal Services Package (7 items) Please see the attached invoice for legal services below rendered by Hernandez Pierce & Jones Law Office Office. For any questions or clarifications, feel free to contact us. Thank you for your trust. BILLING STATEMENT Description Qty Unit Price Amount Agrarian Case - Tenant Representation 5 PHP 80,000.00 PHP 400,000.00 Change of Registered Agent/Office - Foreign 9 PHP 25,000.00 PHP 225,000.00 Non-Stock Articles & By-Laws Preparation 4 PHP 35,000.00 PHP 140,000.00 Partnership Agreement (per month) 1 PHP 9,608.00 PHP 9,608.00 Preparation of Attorney's Letter 5 PHP 500.00 PHP 2,500.00 Criminal Case Acceptance - Regional Trial Courts 1 PHP 75,000.00 PHP 75,000.00 Non-Stock Articles & By-Laws Preparation 10 PHP 35,000.00 PHP 350,000.00 Subtotal: PHP 1,202,108.00",LEGAL_FEES,2
"Attention: Jared Rios Date: February 21, 1999 Re: Multiple Legal Services (2 items) Please see the attached invoice for legal services below rendered by Middleton Hill & Ramirez Law Office Office. For any questions or clarifications, feel free to contact us. Thank you for your trust. BILLING STATEMENT Description Qty Unit Price Amount Authority to Do Business in PH 4 PHP 35,000.00 PHP 140,000.00 Research/Preliminary Study (per hour) 5 PHP 1,500.00 PHP 7,500.00 Subtotal: PHP 147,500.00",LEGAL_FEES,2
"Attention: Christopher Jones Date: December 28, 2003 Re: Multiple Legal Services (3 items) Please see the attached invoice for legal services below rendered by Soto Harrison & Caldwell Law Office Office. For any questions or clarifications, feel free to contact us. Thank you for your trust. BILLING STATEMENT Description Qty Unit Price Amount Partnership Agreement (per month) 1 PHP 8,557.00 PHP 8,557.00 Preparation of contracts not involving sale 6 PHP 1,500.00 PHP 9,000.00 CBA Preparation & Acknowledgement 5 PHP 30,000.00 PHP 150,000.00 Subtotal: PHP 167,557.00",LEGAL_FEES,2
"Attention: Megan Taylor Date: February 13, 2006 Re: Comprehensive Legal Services Package (4 items) Please see the attached invoice for legal services below rendered by Harding Smith & Gonzalez Law Office Office. For any questions or clarifications, feel free to contact us. Thank you for your trust. BILLING STATEMENT Description Qty Unit Price Amount Business Insolvency Proceedings 7 PHP 25,000.00 PHP 175,000.00 Monthly Legal Retainer Fee 8 PHP 8,000.00 PHP 64,000.00 Corporate Reports Filing Preparation 5 PHP 6,000.00 PHP 30,000.00 Criminal Case Acceptance - Municipal Trial Courts 9 PHP 50,000.00 PHP 450,000.00 Subtotal: PHP 719,000.00",LEGAL_FEES,2
"Attention: William Mcintosh Date: December 14, 2020 Re: Criminal Case - Municipal Trial Courts Please see the attached invoice for legal services below rendered by Woodward Shelton & Chavez Law Office Office. For any questions or clarifications, feel free to contact us. Thank you for your trust. BILLING STATEMENT Description Qty Unit Price Amount Criminal Case Acceptance - Municipal Trial Courts 9 PHP 50,000.00 PHP 450,000.00 Subtotal: PHP 450,000.00",LEGAL_FEES,2
"Attention: Daniel Rogers Date: July 10, 2000 Re: Comprehensive Legal Services Package (6 items) Please see the attached invoice for legal services below rendered by Heath Garrison & Campos Law Office Office. For any questions or clarifications, feel free to contact us. Thank you for your trust. BILLING STATEMENT Description Qty Unit Price Amount Agrarian Case - Landowner Representation 9 PHP 90,000.00 PHP 810,000.00 Preparation of contracts not involving sale 6 PHP 1,500.00 PHP 9,000.00 Original Jurisdiction Agency Case 9 PHP 60,000.00 PHP 540,000.00 Appearance - NLRC 5 PHP 10,500.00 PHP 52,500.00 Trade Name Registration 3 PHP 10,000.00 PHP 30,000.00 Agrarian Case - Landowner Representation 10 PHP 90,000.00 PHP 900,000.00 Subtotal: PHP 2,341,500.00",LEGAL_FEES,2
"Attention: Christopher Calderon Date: December 25, 1996 Re: Registration of patents, copyrights Please see the attached invoice for legal services below rendered by Schmidt Moss & Koch Law Office Office. For any questions or clarifications, feel free to contact us. Thank you for your trust. BILLING STATEMENT Description Qty Unit Price Amount Patent/Copyright Registration 2 PHP 150,000.00 PHP 300,000.00 Subtotal: PHP 300,000.00",LEGAL_FEES,2
"Attention: Kristen Williams Date: November 25, 2010 Re: Comprehensive Legal Services Package (5 items) Please see the attached invoice for legal services below rendered by Herrera Fleming & Thompson Law Office Office. For any questions or clarifications, feel free to contact us. Thank you for your trust. BILLING STATEMENT Description Qty Unit Price Amount Preparation of contracts not involving sale 7 PHP 1,500.00 PHP 10,500.00 Trade Name Registration 1 PHP 10,000.00 PHP 10,000.00 Deed of Donation Preparation 2 PHP 119,497.00 PHP 238,994.00 Registered Agent Registration Documents 1 PHP 10,000.00 PHP 10,000.00 Articles of Incorporation and By-Laws Preparation 9 PHP 54,000.00 PHP 486,000.00 Subtotal: PHP 755,494.00",LEGAL_FEES,2
"Attention: Eric Hunter Date: July 21, 2015 Re: Comprehensive Legal Services Package (6 items) Please see the attached invoice for legal services below rendered by Reynolds Carter & Garcia Law Office Office. For any questions or clarifications, feel free to contact us. Thank you for your trust. BILLING STATEMENT Description Qty Unit Price Amount Deed of Donation Preparation 2 PHP 73,219.00 PHP 146,438.00 Withdrawal from Country Documents 2 PHP 35,000.00 PHP 70,000.00 Preparation of Attorney's Letter 7 PHP 500.00 PHP 3,500.00 Criminal Case Acceptance - Supreme Court 6 PHP 150,000.00 PHP 900,000.00 Appearance - NLRC 5 PHP 3,000.00 PHP 15,000.00 Court Appearance - Municipal Trial Courts 5 PHP 2,500.00 PHP 12,500.00 Subtotal: PHP 1,147,438.00",LEGAL_FEES,2
"Attention: Diane Guerrero Date: August 17, 1999 Re: Comprehensive Legal Services Package (7 items) Please see the attached invoice for legal services below rendered by Phillips Green & Phillips Law Office Office. For any questions or clarifications, feel free to contact us. Thank you for your trust. BILLING STATEMENT Description Qty Unit Price Amount Appearance - Prosecutor's Office 6 PHP 12,000.00 PHP 72,000.00 CBA Preparation & Acknowledgement 8 PHP 30,000.00 PHP 240,000.00 Appellate Jurisdiction Agency Case 2 PHP 75,000.00 PHP 150,000.00 Criminal Case Acceptance - Municipal Trial Courts 1 PHP 50,000.00 PHP 50,000.00 Criminal Case Acceptance - Municipal Trial Courts 10 PHP 50,000.00 PHP 500,000.00 Agrarian Case - Landowner Representation 8 PHP 100,000.00 PHP 800,000.00 Monthly Legal Retainer Fee 1 PHP 8,000.00 PHP 8,000.00 Subtotal: PHP 1,820,000.00",LEGAL_FEES,2
"Attention: Brittany Duarte Date: June 02, 2009 Re: Research/Preliminary Study Please see the attached invoice for legal services below rendered by Parks Perry & Brown Law Office Office. For any questions or clarifications, feel free to contact us. Thank you for your trust. BILLING STATEMENT Description Qty Unit Price Amount Research/Preliminary Study (per hour) 7 PHP 1,500.00 PHP 10,500.00 Subtotal: PHP 10,500.00",LEGAL_FEES,2
"Attention: Jonathon Williams Date: June 17, 2025 Re: Multiple Legal Services (2 items) Please see the attached invoice for legal services below rendered by Cooley Blevins & Thomas Law Office Office. For any questions or clarifications, feel free to contact us. Thank you for your trust. BILLING STATEMENT Description Qty Unit Price Amount Monthly Legal Retainer Fee 5 PHP 8,000.00 PHP 40,000.00 Criminal Case Acceptance - Regional Trial Courts 6 PHP 75,000.00 PHP 450,000.00 Subtotal: PHP 490,000.00",LEGAL_FEES,2
"Attention: Jennifer Rivera Date: December 08, 2000 Re: Filing creditor's claim Please see the attached invoice for legal services below rendered by Doyle Davis & Zimmerman Law Office Office. For any questions or clarifications, feel free to contact us. Thank you for your trust. BILLING STATEMENT Description Qty Unit Price Amount Creditor's Claim Filing 6 PHP 10,000.00 PHP 60,000.00 Subtotal: PHP 60,000.00",LEGAL_FEES,2
"Attention: Elizabeth Ellis Date: July 22, 1997 Re: Multiple Legal Services (2 items) Please see the attached invoice for legal services below rendered by Smith Hall & Mann Law Office Office. For any questions or clarifications, feel free to contact us. Thank you for your trust. BILLING STATEMENT Description Qty Unit Price Amount Consultation with written advice (per hour or per page) 5 PHP 500.00 PHP 2,500.00 Civil Case Acceptance - Regional Trial Courts 7 PHP 75,000.00 PHP 525,000.00 Subtotal: PHP 527,500.00",LEGAL_FEES,2
"Attention: Heather Melendez Date: February 09, 2009 Re: Comprehensive Legal Services Package (7 items) Please see the attached invoice for legal services below rendered by Palmer Mendez & Nguyen Law Office Office. For any questions or clarifications, feel free to contact us. Thank you for your trust. BILLING STATEMENT Description Qty Unit Price Amount Preparation of Attorney's Letter 7 PHP 500.00 PHP 3,500.00 Civil Case Acceptance - Supreme Court 3 PHP 150,000.00 PHP 450,000.00 Appellate Jurisdiction Agency Case 3 PHP 75,000.00 PHP 225,000.00 Criminal Case Acceptance - Supreme Court 7 PHP 150,000.00 PHP 1,050,000.00 Bond/Collateral/Indemnity Agreement 7 PHP 5,000.00 PHP 35,000.00 Criminal Case Acceptance - Court of Appeals 6 PHP 85,000.00 PHP 510,000.00 Civil Case Acceptance - Municipal Trial Courts 6 PHP 50,000.00 PHP 300,000.00 Subtotal: PHP 2,573,500.00",LEGAL_FEES,2
"Attention: Christina Barrett Date: October 26, 2025 Re: Comprehensive Legal Services Package (4 items) Please see the attached invoice for legal services below rendered by Villa Parker & Herman Law Office Office. For any questions or clarifications, feel free to contact us. Thank you for your trust. BILLING STATEMENT Description Qty Unit Price Amount Articles of Partnership Drafting 4 PHP 75,000.00 PHP 300,000.00 Non-Stock Articles & By-Laws Preparation 1 PHP 35,000.00 PHP 35,000.00 Authentication of documents 6 PHP 300.00 PHP 1,800.00 Non-Stock Articles & By-Laws Preparation 3 PHP 35,000.00 PHP 105,000.00 Subtotal: PHP 441,800.00",LEGAL_FEES,2
"Attention: Tara Pratt Date: April 28, 2022 Re: Comprehensive Legal Services Package (5 items) Please see the attached invoice for legal services below rendered by Davis Middleton & Harper Law Office Office. For any questions or clarifications, feel free to contact us. Thank you for your trust. BILLING STATEMENT Description Qty Unit Price Amount Withdrawal from Country Documents 1 PHP 35,000.00 PHP 35,000.00 Civil Case Acceptance - Court of Appeals 7 PHP 85,000.00 PHP 595,000.00 Original Jurisdiction Agency Case 4 PHP 60,000.00 PHP 240,000.00 New Owner's Duplicate of Title 8 PHP 50,000.00 PHP 400,000.00 Foreign Corp Registered Agent Documents 8 PHP 35,000.00 PHP 280,000.00 Subtotal: PHP 1,550,000.00",LEGAL_FEES,2
"Attention: Shane Davis Date: November 23, 2000 Re: Agrarian Relation - For landowner Please see the attached invoice for legal services below rendered by Ward Carter & Wade Law Office Office. For any questions or clarifications, feel free to contact us. Thank you for your trust. BILLING STATEMENT Description Qty Unit Price Amount Agrarian Case - Landowner Representation 3 PHP 80,000.00 PHP 240,000.00 Subtotal: PHP 240,000.00",LEGAL_FEES,2
"Attention: Steven Jackson Date: August 08, 2010 Re: Comprehensive Legal Services Package (7 items) Please see the attached invoice for legal services below rendered by Kim Williams & Pearson Law Office Office. For any questions or clarifications, feel free to contact us. Thank you for your trust. BILLING STATEMENT Description Qty Unit Price Amount Criminal Case Acceptance - Regional Trial Courts 10 PHP 75,000.00 PHP 750,000.00 Civil Case Acceptance - Municipal Trial Courts 5 PHP 50,000.00 PHP 250,000.00 Appellate Jurisdiction Agency Case 10 PHP 75,000.00 PHP 750,000.00 Agrarian Case - Tenant Representation 7 PHP 76,000.00 PHP 532,000.00 Stockholders Agreement/Voting Trust 1 PHP 30,000.00 PHP 30,000.00 Bond/Collateral/Indemnity Agreement 10 PHP 5,000.00 PHP 50,000.00 Trade Name Registration 6 PHP 10,000.00 PHP 60,000.00 Subtotal: PHP 2,422,000.00",LEGAL_FEES,2
"Attention: Luis Davidson Date: November 01, 2010 Re: Comprehensive Legal Services Package (7 items) Please see the attached invoice for legal services below rendered by Patel Wang & Randall Law Office Office. For any questions or clarifications, feel free to contact us. Thank you for your trust. BILLING STATEMENT Description Qty Unit Price Amount Non-Stock Articles & By-Laws Preparation 9 PHP 35,000.00 PHP 315,000.00 Articles of Partnership Drafting 2 PHP 55,000.00 PHP 110,000.00 Non-Stock Articles & By-Laws Preparation 2 PHP 35,000.00 PHP 70,000.00 Bond/Collateral/Indemnity Agreement 3 PHP 5,000.00 PHP 15,000.00 Non-Stock Articles & By-Laws Preparation 5 PHP 35,000.00 PHP 175,000.00 Appearance - Prosecutor's Office 2 PHP 3,500.00 PHP 7,000.00 Corporate Resolution Preparation 3 PHP 3,500.00 PHP 10,500.00 Subtotal: PHP 702,500.00",LEGAL_FEES,2
"Attention: Benjamin Fuller Date: July 15, 1996 Re: Comprehensive Legal Services Package (6 items) Please see the attached invoice for legal services below rendered by Mcclain Jordan & Johnson Law Office Office. For any questions or clarifications, feel free to contact us. Thank you for your trust. BILLING STATEMENT Description Qty Unit Price Amount Preparation of contracts not involving sale 7 PHP 1,500.00 PHP 10,500.00 Appellate Jurisdiction Agency Case 2 PHP 75,000.00 PHP 150,000.00 Original Jurisdiction Agency Case 4 PHP 60,000.00 PHP 240,000.00 Preparation of Attorney's Letter 6 PHP 500.00 PHP 3,000.00 Criminal Case Acceptance - Supreme Court 9 PHP 150,000.00 PHP 1,350,000.00 Trade Name Registration 9 PHP 10,000.00 PHP 90,000.00 Subtotal: PHP 1,843,500.00",LEGAL_FEES,2
"Attention: Michael Warner Date: June 01, 2020 Re: Multiple Legal Services (3 items) Please see the attached invoice for legal services below rendered by Jacobson Dunn & Santos Law Office Office. For any questions or clarifications, feel free to contact us. Thank you for your trust. BILLING STATEMENT Description Qty Unit Price Amount Articles of Incorporation and By-Laws Preparation 3 PHP 206,000.00 PHP 618,000.00 CBA Preparation & Acknowledgement 8 PHP 30,000.00 PHP 240,000.00 Agrarian Case - Tenant Representation 4 PHP 77,000.00 PHP 308,000.00 Subtotal: PHP 1,166,000.00",LEGAL_FEES,2
"Attention: Benjamin Gardner Date: November 21, 2007 Re: Comprehensive Legal Services Package (7 items) Please see the attached invoice for legal services below rendered by Perez Reese & Weber Law Office Office. For any questions or clarifications, feel free to contact us. Thank you for your trust. BILLING STATEMENT Description Qty Unit Price Amount Original Jurisdiction Agency Case 10 PHP 60,000.00 PHP 600,000.00 Preparation of contracts involving sale 1 PHP 135,441.00 PHP 135,441.00 Agrarian Case - Landowner Representation 7 PHP 80,000.00 PHP 560,000.00 CBA Negotiation and Execution 10 PHP 15,000.00 PHP 150,000.00 CBA Preparation & Acknowledgement 9 PHP 30,000.00 PHP 270,000.00 Civil Case Acceptance - Municipal Trial Courts 8 PHP 50,000.00 PHP 400,000.00 Court Appearance - Supreme Court 7 PHP 25,000.00 PHP 175,000.00 Subtotal: PHP 2,290,441.00",LEGAL_FEES,2
"Attention: Paul Peters Date: December 01, 2000 Re: Comprehensive Legal Services Package (6 items) Please see the attached invoice for legal services below rendered by Gould Garcia & Diaz Law Office Office. For any questions or clarifications, feel free to contact us. Thank you for your trust. BILLING STATEMENT Description Qty Unit Price Amount Consultation with written advice (per hour or per page) 9 PHP 2,000.00 PHP 18,000.00 Corporate Charter Amendment 10 PHP 30,000.00 PHP 300,000.00 Patent/Copyright Registration 5 PHP 150,000.00 PHP 750,000.00 Consultation with written advice (per hour or per page) 8 PHP 500.00 PHP 4,000.00 Non-Stock Articles & By-Laws Preparation 8 PHP 35,000.00 PHP 280,000.00 Civil Case Acceptance - Municipal Trial Courts 10 PHP 50,000.00 PHP 500,000.00 Subtotal: PHP 1,852,000.00",LEGAL_FEES,2
"Attention: Caleb Taylor Date: March 16, 2005 Re: Multiple Legal Services (2 items) Please see the attached invoice for legal services below rendered by Mcdonald Jenkins & Duke Law Office Office. For any questions or clarifications, feel free to contact us. Thank you for your trust. BILLING STATEMENT Description Qty Unit Price Amount Bond/Collateral/Indemnity Agreement 4 PHP 5,000.00 PHP 20,000.00 Articles of Partnership Drafting 5 PHP 100,000.00 PHP 500,000.00 Subtotal: PHP 520,000.00",LEGAL_FEES,2
"Attention: Sheri Grimes Date: February 08, 2018 Re: Comprehensive Legal Services Package (5 items) Please see the attached invoice for legal services below rendered by Martinez Bartlett & Brown Law Office Office. For any questions or clarifications, feel free to contact us. Thank you for your trust. BILLING STATEMENT Description Qty Unit Price Amount Creditor's Claim Filing 7 PHP 10,000.00 PHP 70,000.00 Preparation and notarization of simple affidavits (jurat) 3 PHP 1,000.00 PHP 3,000.00 Monthly Legal Retainer Fee 10 PHP 8,000.00 PHP 80,000.00 Domestic Adoption Proceedings 1 PHP 75,000.00 PHP 75,000.00 Non-Stock Articles & By-Laws Preparation 2 PHP 35,000.00 PHP 70,000.00 Subtotal: PHP 298,000.00",LEGAL_FEES,2
"Attention: Stephanie Wright Date: February 21, 1999 Re: Authentication of documents Please see the attached invoice for legal services below rendered by Mckee Esparza & Watson Law Office Office. For any questions or clarifications, feel free to contact us. Thank you for your trust. BILLING STATEMENT Description Qty Unit Price Amount Authentication of documents 4 PHP 700.00 PHP 2,800.00 Subtotal: PHP 2,800.00",LEGAL_FEES,2
"Attention: Antonio Ellis Date: March 21, 2003 Re: Criminal Case - Municipal Trial Courts Please see the attached invoice for legal services below rendered by Foster Glass & Reed Law Office Office. For any questions or clarifications, feel free to contact us. Thank you for your trust. BILLING STATEMENT Description Qty Unit Price Amount Criminal Case Acceptance - Municipal Trial Courts 4 PHP 50,000.00 PHP 200,000.00 Subtotal: PHP 200,000.00",LEGAL_FEES,2
"Attention: Rachel Mcdonald Date: December 10, 2003 Re: Comprehensive Legal Services Package (5 items) Please see the attached invoice for legal services below rendered by Hansen Parker & Callahan Law Office Office. For any questions or clarifications, feel free to contact us. Thank you for your trust. BILLING STATEMENT Description Qty Unit Price Amount Motion to Discharge Preparation 4 PHP 25,000.00 PHP 100,000.00 Corporate Resolution Preparation 4 PHP 3,500.00 PHP 14,000.00 Non-Stock Articles & By-Laws Preparation 5 PHP 35,000.00 PHP 175,000.00 Preparation and notarization of simple affidavits (jurat) 3 PHP 1,000.00 PHP 3,000.00 Preparation of contracts involving sale 3 PHP 129,643.00 PHP 388,929.00 Subtotal: PHP 680,929.00",LEGAL_FEES,2
"Attention: Sandra Smith Date: July 21, 2025 Re: Comprehensive Legal Services Package (6 items) Please see the attached invoice for legal services below rendered by Willis Vargas & Watson Law Office Office. For any questions or clarifications, feel free to contact us. Thank you for your trust. BILLING STATEMENT Description Qty Unit Price Amount CBA Preparation & Acknowledgement 5 PHP 30,000.00 PHP 150,000.00 Stockholders Agreement/Voting Trust 2 PHP 30,000.00 PHP 60,000.00 Civil Case Acceptance - Regional Trial Courts 7 PHP 75,000.00 PHP 525,000.00 Court Appearance - Sandiganbayan 10 PHP 10,000.00 PHP 100,000.00 Non-Stock Articles & By-Laws Preparation 9 PHP 35,000.00 PHP 315,000.00 Partnership Dissolution 3 PHP 35,000.00 PHP 105,000.00 Subtotal: PHP 1,255,000.00",LEGAL_FEES,2
"Attention: Rebecca Davis Date: April 12, 2002 Re: Multiple Legal Services (2 items) Please see the attached invoice for legal services below rendered by Williams Gonzalez & Anderson Law Office Office. For any questions or clarifications, feel free to contact us. Thank you for your trust. BILLING STATEMENT Description Qty Unit Price Amount Registered Agent Registration Documents 3 PHP 10,000.00 PHP 30,000.00 Original Jurisdiction Agency Case 9 PHP 60,000.00 PHP 540,000.00 Subtotal: PHP 570,000.00",LEGAL_FEES,2
"Attention: Diane Davis Date: September 25, 2019 Re: Multiple Legal Services (3 items) Please see the attached invoice for legal services below rendered by Ward Andrews & Blake Law Office Office. For any questions or clarifications, feel free to contact us. Thank you for your trust. BILLING STATEMENT Description Qty Unit Price Amount Naturalization Proceedings 6 PHP 150,000.00 PHP 900,000.00 Appearance - Labor Arbiter 1 PHP 6,000.00 PHP 6,000.00 Criminal Case Acceptance - Court of Appeals 6 PHP 85,000.00 PHP 510,000.00 Subtotal: PHP 1,416,000.00",LEGAL_FEES,2
"Attention: Annette Rivera Date: March 27, 2025 Re: Comprehensive Legal Services Package (6 items) Please see the attached invoice for legal services below rendered by Rowland Hernandez & Krause Law Office Office. For any questions or clarifications, feel free to contact us. Thank you for your trust. BILLING STATEMENT Description Qty Unit Price Amount Bond/Collateral/Indemnity Agreement 2 PHP 5,000.00 PHP 10,000.00 Appellate Jurisdiction Agency Case 7 PHP 75,000.00 PHP 525,000.00 Consultation with written advice (per hour or per page) 6 PHP 1,000.00 PHP 6,000.00 Agrarian Case - Landowner Representation 1 PHP 85,000.00 PHP 85,000.00 Corporate Resolution Preparation 4 PHP 3,500.00 PHP 14,000.00 Change of Registered Agent/Office - Foreign 5 PHP 25,000.00 PHP 125,000.00 Subtotal: PHP 765,000.00",LEGAL_FEES,2
"Attention: Michael Ward Date: April 12, 2002 Re: Comprehensive Legal Services Package (5 items) Please see the attached invoice for legal services below rendered by Cooley Lewis & Howell Law Office Office. For any questions or clarifications, feel free to contact us. Thank you for your trust. BILLING STATEMENT Description Qty Unit Price Amount Appearance - Prosecutor's Office 7 PHP 4,500.00 PHP 31,500.00 Domestic Adoption Proceedings 10 PHP 75,000.00 PHP 750,000.00 Articles of Partnership Drafting 1 PHP 60,000.00 PHP 60,000.00 Immigration Services 6 PHP 50,000.00 PHP 300,000.00 Reconstitution of Title 5 PHP 75,000.00 PHP 375,000.00 Subtotal: PHP 1,516,500.00",LEGAL_FEES,2
"Attention: Kara Brock Date: August 13, 2023 Re: Multiple Legal Services (2 items) Please see the attached invoice for legal services below rendered by Wolfe Bush & Conrad Law Office Office. For any questions or clarifications, feel free to contact us. Thank you for your trust. BILLING STATEMENT Description Qty Unit Price Amount Non-Stock Articles & By-Laws Preparation 3 PHP 35,000.00 PHP 105,000.00 Preparation of contracts not involving sale 10 PHP 1,500.00 PHP 15,000.00 Subtotal: PHP 120,000.00",LEGAL_FEES,2
"Attention: Jack Weaver Date: November 30, 2014 Re: Comprehensive Legal Services Package (5 items) Please see the attached invoice for legal services below rendered by Ayala Williams & Conway Law Office Office. For any questions or clarifications, feel free to contact us. Thank you for your trust. BILLING STATEMENT Description Qty Unit Price Amount Non-Stock Articles & By-Laws Preparation 9 PHP 35,000.00 PHP 315,000.00 Appearance - Other Administrative Agencies 2 PHP 3,500.00 PHP 7,000.00 Intercountry Adoption Proceedings 5 PHP 150,000.00 PHP 750,000.00 CBA Preparation & Acknowledgement 10 PHP 30,000.00 PHP 300,000.00 Court Appearance - Supreme Court 9 PHP 20,000.00 PHP 180,000.00 Subtotal: PHP 1,552,000.00",LEGAL_FEES,2
"Attention: Janice Bennett Date: August 04, 2002 Re: Comprehensive Legal Services Package (7 items) Please see the attached invoice for legal services below rendered by Williams Levine & Johnson Law Office Office. For any questions or clarifications, feel free to contact us. Thank you for your trust. BILLING STATEMENT Description Qty Unit Price Amount Civil Case Acceptance - Municipal Trial Courts 4 PHP 50,000.00 PHP 200,000.00 Plain Consultation (per hour) 7 PHP 1,000.00 PHP 7,000.00 Change of Registered Agent/Office 1 PHP 5,000.00 PHP 5,000.00 Change of Registered Agent/Office - Foreign 2 PHP 25,000.00 PHP 50,000.00 Original Jurisdiction Agency Case 5 PHP 60,000.00 PHP 300,000.00 Building Contract Review/Preparation 6 PHP 33,308.00 PHP 199,848.00 Consultation with written advice (per hour or per page) 4 PHP 2,500.00 PHP 10,000.00 Subtotal: PHP 771,848.00",LEGAL_FEES,2
"Attention: Michael Cox Date: April 03, 2003 Re: Comprehensive Legal Services Package (5 items) Please see the attached invoice for legal services below rendered by Sellers Newton & Morrison Law Office Office. For any questions or clarifications, feel free to contact us. Thank you for your trust. BILLING STATEMENT Description Qty Unit Price Amount Land Registration (with Opposition) 10 PHP 276,099.00 PHP 2,760,990.00 Agrarian Case - Tenant Representation 10 PHP 78,000.00 PHP 780,000.00 Criminal Case Acceptance - Regional Trial Courts 6 PHP 75,000.00 PHP 450,000.00 Monthly Legal Retainer Fee 4 PHP 8,000.00 PHP 32,000.00 Preparation of contracts involving sale 1 PHP 92,108.00 PHP 92,108.00 Subtotal: PHP 4,115,098.00",LEGAL_FEES,2
"Attention: Spencer Henry Date: July 24, 2008 Re: Comprehensive Legal Services Package (6 items) Please see the attached invoice for legal services below rendered by Espinoza Hayes & Miller Law Office Office. For any questions or clarifications, feel free to contact us. Thank you for your trust. BILLING STATEMENT Description Qty Unit Price Amount Consultation with written advice (per hour or per page) 3 PHP 2,500.00 PHP 7,500.00 Partnership Agreement (per month) 4 PHP 9,345.00 PHP 37,380.00 Change of Registered Agent/Office 4 PHP 5,000.00 PHP 20,000.00 Criminal Case Acceptance - Supreme Court 7 PHP 150,000.00 PHP 1,050,000.00 Testate/Intestate Proceedings with Opposition 7 PHP 949,195.00 PHP 6,644,365.00 Creditor's Claim Filing 1 PHP 10,000.00 PHP 10,000.00 Subtotal: PHP 7,769,245.00",LEGAL_FEES,2
"Attention: Brandon Robles Date: August 29, 2016 Re: Multiple Legal Services (3 items) Please see the attached invoice for legal services below rendered by Briggs Taylor & Bentley Law Office Office. For any questions or clarifications, feel free to contact us. Thank you for your trust. BILLING STATEMENT Description Qty Unit Price Amount Appearance - NLRC 2 PHP 7,500.00 PHP 15,000.00 Testate/Intestate Proceedings with Opposition 3 PHP 396,196.00 PHP 1,188,588.00 Original Jurisdiction Agency Case 10 PHP 60,000.00 PHP 600,000.00 Subtotal: PHP 1,803,588.00",LEGAL_FEES,2
"Attention: Crystal Lynch Date: July 15, 2024 Re: Multiple Legal Services (2 items) Please see the attached invoice for legal services below rendered by Walters Parrish & Davis Law Office Office. For any questions or clarifications, feel free to contact us. Thank you for your trust. BILLING STATEMENT Description Qty Unit Price Amount Preparation of contracts not involving sale 5 PHP 1,500.00 PHP 7,500.00 Creditor's Claim Filing 1 PHP 10,000.00 PHP 10,000.00 Subtotal: PHP 17,500.00",LEGAL_FEES,2
"Attention: Michael Williams Date: September 10, 2019 Re: Multiple Legal Services (2 items) Please see the attached invoice for legal services below rendered by Sanchez Butler & Smith Law Office Office. For any questions or clarifications, feel free to contact us. Thank you for your trust. BILLING STATEMENT Description Qty Unit Price Amount Husband & Wife Insolvency (Additional) 8 PHP 30,000.00 PHP 240,000.00 Authentication of documents 7 PHP 200.00 PHP 1,400.00 Subtotal: PHP 241,400.00",LEGAL_FEES,2
"Attention: Paul Brown Date: September 04, 2010 Re: Comprehensive Legal Services Package (5 items) Please see the attached invoice for legal services below rendered by Carroll Carter & Lewis Law Office Office. For any questions or clarifications, feel free to contact us. Thank you for your trust. BILLING STATEMENT Description Qty Unit Price Amount Appearance - Prosecutor's Office 5 PHP 3,500.00 PHP 17,500.00 Preparation of Attorney's Letter 3 PHP 500.00 PHP 1,500.00 Change of Registered Agent/Office 3 PHP 5,000.00 PHP 15,000.00 Withdrawal from Country Documents 8 PHP 35,000.00 PHP 280,000.00 Preparation of contracts involving sale 3 PHP 51,421.00 PHP 154,263.00 Subtotal: PHP 468,263.00",LEGAL_FEES,2
"Attention: Louis Alvarez Date: July 26, 2024 Re: Comprehensive Legal Services Package (6 items) Please see the attached invoice for legal services below rendered by Doyle Davis & Brewer Law Office Office. For any questions or clarifications, feel free to contact us. Thank you for your trust. BILLING STATEMENT Description Qty Unit Price Amount Motion to Discharge Preparation 6 PHP 25,000.00 PHP 150,000.00 Corporate Reports Filing Preparation 7 PHP 6,000.00 PHP 42,000.00 Articles of Partnership Drafting 5 PHP 35,000.00 PHP 175,000.00 Authority to Do Business in PH 8 PHP 35,000.00 PHP 280,000.00 Research/Preliminary Study (per hour) 9 PHP 1,500.00 PHP 13,500.00 Authentication of documents 4 PHP 500.00 PHP 2,000.00 Subtotal: PHP 662,500.00",LEGAL_FEES,2
"Attention: Kristy Jones Date: April 08, 2012 Re: Civil Case - Municipal Trial Courts Please see the attached invoice for legal services below rendered by Lindsey Butler & Crawford Law Office Office. For any questions or clarifications, feel free to contact us. Thank you for your trust. BILLING STATEMENT Description Qty Unit Price Amount Civil Case Acceptance - Municipal Trial Courts 8 PHP 50,000.00 PHP 400,000.00 Subtotal: PHP 400,000.00",LEGAL_FEES,2
"Attention: Brianna Johnson Date: February 18, 2021 Re: Multiple Legal Services (3 items) Please see the attached invoice for legal services below rendered by Wolfe Johnson & Williams Law Office Office. For any questions or clarifications, feel free to contact us. Thank you for your trust. BILLING STATEMENT Description Qty Unit Price Amount Research/Preliminary Study (per hour) 10 PHP 1,500.00 PHP 15,000.00 Monthly Legal Retainer Fee 6 PHP 8,000.00 PHP 48,000.00 Appellate Jurisdiction Agency Case 2 PHP 75,000.00 PHP 150,000.00 Subtotal: PHP 213,000.00",LEGAL_FEES,2
"Attention: Noah Bowers Date: August 03, 2011 Re: Comprehensive Legal Services Package (7 items) Please see the attached invoice for legal services below rendered by Ward Jones & Gonzalez Law Office Office. For any questions or clarifications, feel free to contact us. Thank you for your trust. BILLING STATEMENT Description Qty Unit Price Amount Criminal Case Acceptance - Court of Appeals 4 PHP 85,000.00 PHP 340,000.00 Preparation of contracts not involving sale 6 PHP 1,500.00 PHP 9,000.00 Individual Insolvency Proceedings 1 PHP 50,000.00 PHP 50,000.00 Husband & Wife Insolvency (Additional) 3 PHP 30,000.00 PHP 90,000.00 Registered Agent Registration Documents 7 PHP 10,000.00 PHP 70,000.00 Stockholders Agreement/Voting Trust 5 PHP 30,000.00 PHP 150,000.00 Change of Registered Agent/Office - Foreign 10 PHP 25,000.00 PHP 250,000.00 Subtotal: PHP 959,000.00",LEGAL_FEES,2
"Attention: Gregory Shah Date: May 25, 2010 Re: Sandiganbayan Appearance Please see the attached invoice for legal services below rendered by Mora Horne & White Law Office Office. For any questions or clarifications, feel free to contact us. Thank you for your trust. BILLING STATEMENT Description Qty Unit Price Amount Court Appearance - Sandiganbayan 6 PHP 10,000.00 PHP 60,000.00 Subtotal: PHP 60,000.00",LEGAL_FEES,2
"Attention: Regina Nelson Date: July 09, 2021 Re: Multiple Legal Services (3 items) Please see the attached invoice for legal services below rendered by Lee Morales & Perry Law Office Office. For any questions or clarifications, feel free to contact us. Thank you for your trust. BILLING STATEMENT Description Qty Unit Price Amount Eminent Domain/Expropriation Proceedings 3 PHP 345,164.00 PHP 1,035,492.00 Research/Preliminary Study (per hour) 4 PHP 1,500.00 PHP 6,000.00 Civil Case Acceptance - Court of Appeals 3 PHP 85,000.00 PHP 255,000.00 Subtotal: PHP 1,296,492.00",LEGAL_FEES,2
"Attention: Amy Hoover Date: October 05, 2007 Re: Comprehensive Legal Services Package (7 items) Please see the attached invoice for legal services below rendered by Williams Hill & Stephens Law Office Office. For any questions or clarifications, feel free to contact us. Thank you for your trust. BILLING STATEMENT Description Qty Unit Price Amount Preparation of contracts involving sale 5 PHP 106,392.00 PHP 531,960.00 Monthly Legal Retainer Fee 9 PHP 8,000.00 PHP 72,000.00 Non-Stock Articles & By-Laws Preparation 1 PHP 35,000.00 PHP 35,000.00 Intercountry Adoption Proceedings 5 PHP 150,000.00 PHP 750,000.00 Civil Case Acceptance - Supreme Court 1 PHP 150,000.00 PHP 150,000.00 Partnership Agreement (per month) 2 PHP 9,715.00 PHP 19,430.00 Land Registration (with Opposition) 2 PHP 658,075.00 PHP 1,316,150.00 Subtotal: PHP 2,874,540.00",LEGAL_FEES,2
"Attention: Brooke Collins Date: October 09, 2005 Re: Comprehensive Legal Services Package (4 items) Please see the attached invoice for legal services below rendered by Carter Brown & Day Law Office Office. For any questions or clarifications, feel free to contact us. Thank you for your trust. BILLING STATEMENT Description Qty Unit Price Amount Civil Case Acceptance - Municipal Trial Courts 9 PHP 50,000.00 PHP 450,000.00 Intercountry Adoption Proceedings 1 PHP 150,000.00 PHP 150,000.00 Withdrawal from Country Documents 10 PHP 35,000.00 PHP 350,000.00 Civil Case Acceptance - Regional Trial Courts 1 PHP 75,000.00 PHP 75,000.00 Subtotal: PHP 1,025,000.00",LEGAL_FEES,2
"Attention: Edward Potter Date: August 17, 2018 Re: Comprehensive Legal Services Package (7 items) Please see the attached invoice for legal services below rendered by Lee Massey & Walter Law Office Office. For any questions or clarifications, feel free to contact us. Thank you for your trust. BILLING STATEMENT Description Qty Unit Price Amount Option to Purchase Real Estate 7 PHP 63,776.00 PHP 446,432.00 Original Jurisdiction Agency Case 10 PHP 60,000.00 PHP 600,000.00 Original Jurisdiction Agency Case 3 PHP 60,000.00 PHP 180,000.00 Preparation of contracts not involving sale 4 PHP 1,500.00 PHP 6,000.00 CBA Preparation & Acknowledgement 8 PHP 30,000.00 PHP 240,000.00 Civil Case Acceptance - Regional Trial Courts 7 PHP 75,000.00 PHP 525,000.00 Agrarian Case - Landowner Representation 4 PHP 95,000.00 PHP 380,000.00 Subtotal: PHP 2,377,432.00",LEGAL_FEES,2
"Attention: Megan Hernandez Date: January 17, 2013 Re: Multiple Legal Services (2 items) Please see the attached invoice for legal services below rendered by Carrillo Moyer & Alvarado Law Office Office. For any questions or clarifications, feel free to contact us. Thank you for your trust. BILLING STATEMENT Description Qty Unit Price Amount Building Contract Review/Preparation 4 PHP 218,477.00 PHP 873,908.00 Criminal Case Acceptance - Court of Appeals 2 PHP 85,000.00 PHP 170,000.00 Subtotal: PHP 1,043,908.00",LEGAL_FEES,2
"Attention: Bryan Mccarthy Date: May 05, 2002 Re: Comprehensive Legal Services Package (6 items) Please see the attached invoice for legal services below rendered by House Carroll & Walker Law Office Office. For any questions or clarifications, feel free to contact us. Thank you for your trust. BILLING STATEMENT Description Qty Unit Price Amount Appearance - Labor Arbiter 4 PHP 2,000.00 PHP 8,000.00 Individual Insolvency Proceedings 3 PHP 50,000.00 PHP 150,000.00 Preparation of Attorney's Letter 2 PHP 500.00 PHP 1,000.00 Criminal Case Acceptance - Regional Trial Courts 5 PHP 75,000.00 PHP 375,000.00 Agrarian Case - Landowner Representation 1 PHP 90,000.00 PHP 90,000.00 Business Insolvency Proceedings 3 PHP 25,000.00 PHP 75,000.00 Subtotal: PHP 699,000.00",LEGAL_FEES,2
"Attention: Linda Morris Date: August 24, 2004 Re: Comprehensive Legal Services Package (5 items) Please see the attached invoice for legal services below rendered by Cherry Calhoun & Allen Law Office Office. For any questions or clarifications, feel free to contact us. Thank you for your trust. BILLING STATEMENT Description Qty Unit Price Amount Mortgage Release/Extension 2 PHP 3,000.00 PHP 6,000.00 Authority to Do Business in PH 10 PHP 35,000.00 PHP 350,000.00 Patent/Copyright Registration 5 PHP 150,000.00 PHP 750,000.00 Criminal Case Acceptance - Court of Appeals 6 PHP 85,000.00 PHP 510,000.00 Business Insolvency Proceedings 6 PHP 25,000.00 PHP 150,000.00 Subtotal: PHP 1,766,000.00",LEGAL_FEES,2
"Attention: Danielle Kelly Date: April 15, 2010 Re: Change of registered agent or office Please see the attached invoice for legal services below rendered by Archer Perez & Lambert Law Office Office. For any questions or clarifications, feel free to contact us. Thank you for your trust. BILLING STATEMENT Description Qty Unit Price Amount Change of Registered Agent/Office - Foreign 2 PHP 25,000.00 PHP 50,000.00 Subtotal: PHP 50,000.00",LEGAL_FEES,2
"Attention: Daniel Suarez Date: February 18, 1999 Re: Comprehensive Legal Services Package (5 items) Please see the attached invoice for legal services below rendered by Herman Hubbard & Anderson Law Office Office. For any questions or clarifications, feel free to contact us. Thank you for your trust. BILLING STATEMENT Description Qty Unit Price Amount Appearance - Other Administrative Agencies 3 PHP 9,000.00 PHP 27,000.00 Appearance - OMB 4 PHP 2,500.00 PHP 10,000.00 Civil Case Acceptance - Regional Trial Courts 5 PHP 75,000.00 PHP 375,000.00 Articles of Partnership Drafting 7 PHP 55,000.00 PHP 385,000.00 Partnership Dissolution 6 PHP 35,000.00 PHP 210,000.00 Subtotal: PHP 1,007,000.00",LEGAL_FEES,2
"Attention: James Jenkins Date: December 21, 2014 Re: Multiple Legal Services (2 items) Please see the attached invoice for legal services below rendered by Stewart Washington & Lawson Law Office Office. For any questions or clarifications, feel free to contact us. Thank you for your trust. BILLING STATEMENT Description Qty Unit Price Amount Original Jurisdiction Agency Case 3 PHP 60,000.00 PHP 180,000.00 Monthly Legal Retainer Fee 10 PHP 8,000.00 PHP 80,000.00 Subtotal: PHP 260,000.00",LEGAL_FEES,2
"Attention: James Medina Date: May 22, 2020 Re: Articles of Incorporation and By-Laws of non-stock Please see the attached invoice for legal services below rendered by Moyer Brown & Fisher Law Office Office. For any questions or clarifications, feel free to contact us. Thank you for your trust. BILLING STATEMENT Description Qty Unit Price Amount Non-Stock Articles & By-Laws Preparation 5 PHP 35,000.00 PHP 175,000.00 Subtotal: PHP 175,000.00",LEGAL_FEES,2
"Attention: Laura Jones Date: May 13, 2011 Re: Comprehensive Legal Services Package (7 items) Please see the attached invoice for legal services below rendered by Stewart Shields & Davis Law Office Office. For any questions or clarifications, feel free to contact us. Thank you for your trust. BILLING STATEMENT Description Qty Unit Price Amount Monthly Legal Retainer Fee 3 PHP 8,000.00 PHP 24,000.00 Agrarian Case - Landowner Representation 3 PHP 80,000.00 PHP 240,000.00 Agrarian Case - Landowner Representation 9 PHP 100,000.00 PHP 900,000.00 Agrarian Case - Landowner Representation 3 PHP 90,000.00 PHP 270,000.00 Monthly Legal Retainer Fee 3 PHP 8,000.00 PHP 24,000.00 Monthly Legal Retainer Fee 5 PHP 8,000.00 PHP 40,000.00 Preparation of contracts involving sale 5 PHP 53,128.00 PHP 265,640.00 Subtotal: PHP 1,763,640.00",LEGAL_FEES,2
"Attention: Chase Wang Date: August 16, 2000 Re: Comprehensive Legal Services Package (4 items) Please see the attached invoice for legal services below rendered by Smith Cox & Foster Law Office Office. For any questions or clarifications, feel free to contact us. Thank you for your trust. BILLING STATEMENT Description Qty Unit Price Amount Individual Insolvency Proceedings 3 PHP 50,000.00 PHP 150,000.00 Preparation of Attorney's Letter 10 PHP 500.00 PHP 5,000.00 Preparation of contracts not involving sale 4 PHP 1,500.00 PHP 6,000.00 Partnership Dissolution 9 PHP 35,000.00 PHP 315,000.00 Subtotal: PHP 476,000.00",LEGAL_FEES,2
"Attention: Nicholas Rojas Date: April 08, 2024 Re: Multiple Legal Services (3 items) Please see the attached invoice for legal services below rendered by Hernandez Myers & Waller Law Office Office. For any questions or clarifications, feel free to contact us. Thank you for your trust. BILLING STATEMENT Description Qty Unit Price Amount Mortgage Release/Extension 10 PHP 3,000.00 PHP 30,000.00 Authority to Do Business in PH 7 PHP 35,000.00 PHP 245,000.00 Authority to Do Business in PH 6 PHP 35,000.00 PHP 210,000.00 Subtotal: PHP 485,000.00",LEGAL_FEES,2
"Attention: Jennifer Pierce Date: August 17, 2007 Re: Agrarian Relation - For landowner Please see the attached invoice for legal services below rendered by Fisher Hoffman & Wilson Law Office Office. For any questions or clarifications, feel free to contact us. Thank you for your trust. BILLING STATEMENT Description Qty Unit Price Amount Agrarian Case - Landowner Representation 7 PHP 80,000.00 PHP 560,000.00 Subtotal: PHP 560,000.00",LEGAL_FEES,2
"Attention: Lauren Watkins Date: January 25, 2022 Re: Comprehensive Legal Services Package (6 items) Please see the attached invoice for legal services below rendered by Schmidt Green & Norman Law Office Office. For any questions or clarifications, feel free to contact us. Thank you for your trust. BILLING STATEMENT Description Qty Unit Price Amount Mortgage Release/Extension 4 PHP 3,000.00 PHP 12,000.00 Preparation of contracts involving sale 2 PHP 84,792.00 PHP 169,584.00 Trade Name Registration 9 PHP 10,000.00 PHP 90,000.00 Partnership Dissolution 1 PHP 35,000.00 PHP 35,000.00 Preparation of Attorney's Letter 7 PHP 500.00 PHP 3,500.00 Foreign Corp Registered Agent Documents 1 PHP 35,000.00 PHP 35,000.00 Subtotal: PHP 345,084.00",LEGAL_FEES,2
"Attention: Monique Wilkinson Date: June 10, 2010 Re: Comprehensive Legal Services Package (7 items) Please see the attached invoice for legal services below rendered by Lucas Johnson & Rivera Law Office Office. For any questions or clarifications, feel free to contact us. Thank you for your trust. BILLING STATEMENT Description Qty Unit Price Amount Corporate Resolution Preparation 2 PHP 3,500.00 PHP 7,000.00 CBA Preparation & Acknowledgement 4 PHP 30,000.00 PHP 120,000.00 Bond/Collateral/Indemnity Agreement 1 PHP 5,000.00 PHP 5,000.00 Partnership Dissolution 7 PHP 35,000.00 PHP 245,000.00 Bond/Collateral/Indemnity Agreement 1 PHP 5,000.00 PHP 5,000.00 Plain Consultation (per hour) 7 PHP 1,000.00 PHP 7,000.00 Mortgage Release/Extension 10 PHP 3,000.00 PHP 30,000.00 Subtotal: PHP 419,000.00",LEGAL_FEES,2
"Attention: Robert Watson Date: November 03, 1996 Re: Comprehensive Legal Services Package (7 items) Please see the attached invoice for legal services below rendered by Pena Nunez & Cardenas Law Office Office. For any questions or clarifications, feel free to contact us. Thank you for your trust. BILLING STATEMENT Description Qty Unit Price Amount Court Appearance - Sandiganbayan 3 PHP 10,000.00 PHP 30,000.00 Stockholders Agreement/Voting Trust 1 PHP 30,000.00 PHP 30,000.00 Agrarian Case - Tenant Representation 8 PHP 79,000.00 PHP 632,000.00 Monthly Legal Retainer Fee 5 PHP 8,000.00 PHP 40,000.00 Criminal Case Acceptance - Regional Trial Courts 6 PHP 75,000.00 PHP 450,000.00 Original Jurisdiction Agency Case 4 PHP 60,000.00 PHP 240,000.00 Articles of Partnership Drafting 5 PHP 110,000.00 PHP 550,000.00 Subtotal: PHP 1,972,000.00",LEGAL_FEES,2
"Attention: Brandon Lopez Date: December 22, 2002 Re: Monthly Retainer for Legal Services Please see the attached invoice for legal services below rendered by Carlson Alvarez & Barton Law Office Office. For any questions or clarifications, feel free to contact us. Thank you for your trust. BILLING STATEMENT Description Qty Unit Price Amount Monthly Legal Retainer Fee 10 PHP 8,000.00 PHP 80,000.00 Subtotal: PHP 80,000.00",LEGAL_FEES,2
"Attention: David Cross Date: August 14, 2014 Re: Multiple Legal Services (3 items) Please see the attached invoice for legal services below rendered by Harris Thomas & Ware Law Office Office. For any questions or clarifications, feel free to contact us. Thank you for your trust. BILLING STATEMENT Description Qty Unit Price Amount Civil Case Acceptance - Supreme Court 4 PHP 150,000.00 PHP 600,000.00 Civil Case Acceptance - Supreme Court 8 PHP 150,000.00 PHP 1,200,000.00 Creditor's Claim Filing 8 PHP 10,000.00 PHP 80,000.00 Subtotal: PHP 1,880,000.00",LEGAL_FEES,2
"Attention: Todd Nolan Date: July 10, 2012 Re: Comprehensive Legal Services Package (7 items) Please see the attached invoice for legal services below rendered by Harrison Cook & Cohen Law Office Office. For any questions or clarifications, feel free to contact us. Thank you for your trust. BILLING STATEMENT Description Qty Unit Price Amount Civil Case Acceptance - Municipal Trial Courts 3 PHP 50,000.00 PHP 150,000.00 Non-Stock Articles & By-Laws Preparation 1 PHP 35,000.00 PHP 35,000.00 Building Contract Review/Preparation 10 PHP 267,450.00 PHP 2,674,500.00 Testate/Intestate Proceedings with Opposition 8 PHP 438,302.00 PHP 3,506,416.00 Corporate Reports Filing Preparation 8 PHP 6,000.00 PHP 48,000.00 Research/Preliminary Study (per hour) 6 PHP 1,500.00 PHP 9,000.00 Articles of Incorporation and By-Laws Preparation 3 PHP 150,000.00 PHP 450,000.00 Subtotal: PHP 6,872,916.00",LEGAL_FEES,2
"Attention: Maria Brooks Date: May 01, 2012 Re: Multiple Legal Services (3 items) Please see the attached invoice for legal services below rendered by Martin Taylor & Evans Law Office Office. For any questions or clarifications, feel free to contact us. Thank you for your trust. BILLING STATEMENT Description Qty Unit Price Amount Trade Name Registration 8 PHP 10,000.00 PHP 80,000.00 Creditor's Claim Filing 2 PHP 10,000.00 PHP 20,000.00 Monthly Legal Retainer Fee 2 PHP 8,000.00 PHP 16,000.00 Subtotal: PHP 116,000.00",LEGAL_FEES,2
"Attention: Donna Cruz Date: June 11, 2013 Re: Comprehensive Legal Services Package (5 items) Please see the attached invoice for legal services below rendered by Hammond Salazar & Perez Law Office Office. For any questions or clarifications, feel free to contact us. Thank you for your trust. BILLING STATEMENT Description Qty Unit Price Amount Court Appearance - Sandiganbayan 6 PHP 10,000.00 PHP 60,000.00 Appearance - DOLE/POEA/NCMB 9 PHP 4,500.00 PHP 40,500.00 Appellate Jurisdiction Agency Case 1 PHP 75,000.00 PHP 75,000.00 Authentication of documents 6 PHP 300.00 PHP 1,800.00 Appearance - Other Administrative Agencies 5 PHP 9,000.00 PHP 45,000.00 Subtotal: PHP 222,300.00",LEGAL_FEES,2
"Attention: Russell Gates Date: June 04, 2022 Re: Multiple Legal Services (3 items) Please see the attached invoice for legal services below rendered by Lynn Mathis & Mccullough Law Office Office. For any questions or clarifications, feel free to contact us. Thank you for your trust. BILLING STATEMENT Description Qty Unit Price Amount Option to Purchase Real Estate 1 PHP 203,588.00 PHP 203,588.00 Criminal Case Acceptance - Court of Appeals 8 PHP 85,000.00 PHP 680,000.00 Partnership Agreement (per month) 5 PHP 9,623.00 PHP 48,115.00 Subtotal: PHP 931,703.00",LEGAL_FEES,2
"Attention: Judy Doyle Date: February 19, 2009 Re: Comprehensive Legal Services Package (4 items) Please see the attached invoice for legal services below rendered by Price Jackson & Jones Law Office Office. For any questions or clarifications, feel free to contact us. Thank you for your trust. BILLING STATEMENT Description Qty Unit Price Amount Agrarian Case - Landowner Representation 1 PHP 80,000.00 PHP 80,000.00 Eminent Domain/Expropriation Proceedings 10 PHP 495,771.00 PHP 4,957,710.00 Appearance - OMB 9 PHP 7,500.00 PHP 67,500.00 Option to Purchase Real Estate 10 PHP 265,846.00 PHP 2,658,460.00 Subtotal: PHP 7,763,670.00",LEGAL_FEES,2
"Attention: Thomas Miller Date: May 21, 2000 Re: Comprehensive Legal Services Package (6 items) Please see the attached invoice for legal services below rendered by Martin Perkins & Lloyd Law Office Office. For any questions or clarifications, feel free to contact us. Thank you for your trust. BILLING STATEMENT Description Qty Unit Price Amount Articles of Partnership Drafting 5 PHP 110,000.00 PHP 550,000.00 Monthly Legal Retainer Fee 3 PHP 8,000.00 PHP 24,000.00 Testate/Intestate Proceedings without Opposition 2 PHP 355,601.00 PHP 711,202.00 Original Jurisdiction Agency Case 10 PHP 60,000.00 PHP 600,000.00 Partnership Dissolution 4 PHP 35,000.00 PHP 140,000.00 Business Insolvency Proceedings 8 PHP 25,000.00 PHP 200,000.00 Subtotal: PHP 2,225,202.00",LEGAL_FEES,2
"Attention: Jessica Thomas Date: July 17, 2000 Re: Multiple Legal Services (2 items) Please see the attached invoice for legal services below rendered by Cross Campos & Miller Law Office Office. For any questions or clarifications, feel free to contact us. Thank you for your trust. BILLING STATEMENT Description Qty Unit Price Amount Agrarian Case - Tenant Representation 8 PHP 76,000.00 PHP 608,000.00 Appearance - DOLE/POEA/NCMB 7 PHP 10,500.00 PHP 73,500.00 Subtotal: PHP 681,500.00",LEGAL_FEES,2
"Attention: Joann Reese Date: September 08, 2017 Re: Comprehensive Legal Services Package (5 items) Please see the attached invoice for legal services below rendered by Butler Cooper & Wilson Law Office Office. For any questions or clarifications, feel free to contact us. Thank you for your trust. BILLING STATEMENT Description Qty Unit Price Amount Non-Stock Articles & By-Laws Preparation 3 PHP 35,000.00 PHP 105,000.00 Appellate Jurisdiction Agency Case 2 PHP 75,000.00 PHP 150,000.00 Criminal Case Acceptance - Municipal Trial Courts 10 PHP 50,000.00 PHP 500,000.00 Partnership Dissolution 1 PHP 35,000.00 PHP 35,000.00 Research/Preliminary Study (per hour) 8 PHP 1,500.00 PHP 12,000.00 Subtotal: PHP 802,000.00",LEGAL_FEES,2
"Attention: Donald Leonard Date: December 19, 2004 Re: Comprehensive Legal Services Package (5 items) Please see the attached invoice for legal services below rendered by Barrett Jones & Smith Law Office Office. For any questions or clarifications, feel free to contact us. Thank you for your trust. BILLING STATEMENT Description Qty Unit Price Amount Bond/Collateral/Indemnity Agreement 8 PHP 5,000.00 PHP 40,000.00 Individual Insolvency Proceedings 6 PHP 50,000.00 PHP 300,000.00 Original Jurisdiction Agency Case 8 PHP 60,000.00 PHP 480,000.00 Civil Case Acceptance - Municipal Trial Courts 9 PHP 50,000.00 PHP 450,000.00 Criminal Case Acceptance - Court of Appeals 8 PHP 85,000.00 PHP 680,000.00 Subtotal: PHP 1,950,000.00",LEGAL_FEES,2
"Attention: Kristen Choi Date: August 23, 2011 Re: Multiple Legal Services (3 items) Please see the attached invoice for legal services below rendered by Blackburn Doyle & Pitts Law Office Office. For any questions or clarifications, feel free to contact us. Thank you for your trust. BILLING STATEMENT Description Qty Unit Price Amount Domestic Adoption Proceedings 9 PHP 75,000.00 PHP 675,000.00 Appellate Jurisdiction Agency Case 2 PHP 75,000.00 PHP 150,000.00 Preparation and notarization of simple affidavits (jurat) 6 PHP 1,000.00 PHP 6,000.00 Subtotal: PHP 831,000.00",LEGAL_FEES,2
"Attention: Jennifer Davis Date: May 29, 2007 Re: Articles of Incorporation and By-Laws of non-stock Please see the attached invoice for legal services below rendered by Barker Williams & Cummings Law Office Office. For any questions or clarifications, feel free to contact us. Thank you for your trust. BILLING STATEMENT Description Qty Unit Price Amount Non-Stock Articles & By-Laws Preparation 6 PHP 35,000.00 PHP 210,000.00 Subtotal: PHP 210,000.00",LEGAL_FEES,2
"Attention: Michael Foster Date: October 08, 2010 Re: Comprehensive Legal Services Package (7 items) Please see the attached invoice for legal services below rendered by Hubbard Schneider & Orozco Law Office Office. For any questions or clarifications, feel free to contact us. Thank you for your trust. BILLING STATEMENT Description Qty Unit Price Amount Agrarian Case - Tenant Representation 9 PHP 76,000.00 PHP 684,000.00 Individual Insolvency Proceedings 9 PHP 50,000.00 PHP 450,000.00 CBA Preparation & Acknowledgement 5 PHP 30,000.00 PHP 150,000.00 Mortgage Release/Extension 9 PHP 3,000.00 PHP 27,000.00 Agrarian Case - Landowner Representation 7 PHP 95,000.00 PHP 665,000.00 Authority to Do Business in PH 9 PHP 35,000.00 PHP 315,000.00 Civil Case Acceptance - Municipal Trial Courts 5 PHP 50,000.00 PHP 250,000.00 Subtotal: PHP 2,541,000.00",LEGAL_FEES,2
"Attention: David Morgan Date: February 15, 2010 Re: Multiple Legal Services (2 items) Please see the attached invoice for legal services below rendered by Martin Duncan & Hodge Law Office Office. For any questions or clarifications, feel free to contact us. Thank you for your trust. BILLING STATEMENT Description Qty Unit Price Amount Articles of Incorporation and By-Laws Preparation 9 PHP 154,000.00 PHP 1,386,000.00 Civil Case Acceptance - Municipal Trial Courts 5 PHP 50,000.00 PHP 250,000.00 Subtotal: PHP 1,636,000.00",LEGAL_FEES,2
"Attention: Glenn Neal Date: September 15, 2017 Re: Comprehensive Legal Services Package (7 items) Please see the attached invoice for legal services below rendered by Jackson Gaines & Weeks Law Office Office. For any questions or clarifications, feel free to contact us. Thank you for your trust. BILLING STATEMENT Description Qty Unit Price Amount Agrarian Case - Landowner Representation 9 PHP 90,000.00 PHP 810,000.00 Agrarian Case - Landowner Representation 4 PHP 95,000.00 PHP 380,000.00 Court Appearance - Municipal Trial Courts 1 PHP 2,500.00 PHP 2,500.00 Non-Stock Articles & By-Laws Preparation 7 PHP 35,000.00 PHP 245,000.00 Civil Case Acceptance - Court of Appeals 1 PHP 85,000.00 PHP 85,000.00 Trade Name Registration 8 PHP 10,000.00 PHP 80,000.00 Land Registration (Without Opposition) 4 PHP 149,646.00 PHP 598,584.00 Subtotal: PHP 2,201,084.00",LEGAL_FEES,2
"Attention: Andrea Ramirez Date: September 03, 2010 Re: Multiple Legal Services (3 items) Please see the attached invoice for legal services below rendered by Murillo Harris & Thompson Law Office Office. For any questions or clarifications, feel free to contact us. Thank you for your trust. BILLING STATEMENT Description Qty Unit Price Amount Criminal Case Acceptance - Supreme Court 4 PHP 150,000.00 PHP 600,000.00 Change of Registered Agent/Office 3 PHP 5,000.00 PHP 15,000.00 Foreign Corp Registered Agent Documents 5 PHP 35,000.00 PHP 175,000.00 Subtotal: PHP 790,000.00",LEGAL_FEES,2
"Attention: Christopher Ward Date: September 28, 2005 Re: Comprehensive Legal Services Package (7 items) Please see the attached invoice for legal services below rendered by Torres Arnold & Morgan Law Office Office. For any questions or clarifications, feel free to contact us. Thank you for your trust. BILLING STATEMENT Description Qty Unit Price Amount Motion to Discharge Preparation 3 PHP 25,000.00 PHP 75,000.00 Partnership Dissolution 1 PHP 35,000.00 PHP 35,000.00 Non-Stock Articles & By-Laws Preparation 10 PHP 35,000.00 PHP 350,000.00 Bond/Collateral/Indemnity Agreement 5 PHP 5,000.00 PHP 25,000.00 Correction of entries/Change of Name 3 PHP 40,000.00 PHP 120,000.00 Appellate Jurisdiction Agency Case 6 PHP 75,000.00 PHP 450,000.00 Authentication of documents 9 PHP 500.00 PHP 4,500.00 Subtotal: PHP 1,059,500.00",LEGAL_FEES,2
"Attention: Ruth Kramer Date: March 26, 2014 Re: Comprehensive Legal Services Package (6 items) Please see the attached invoice for legal services below rendered by King Clark & Ross Law Office Office. For any questions or clarifications, feel free to contact us. Thank you for your trust. BILLING STATEMENT Description Qty Unit Price Amount Corporate Reports Filing Preparation 5 PHP 6,000.00 PHP 30,000.00 Immigration Services 9 PHP 50,000.00 PHP 450,000.00 Criminal Case Acceptance - Regional Trial Courts 8 PHP 75,000.00 PHP 600,000.00 Civil Case Acceptance - Regional Trial Courts 5 PHP 75,000.00 PHP 375,000.00 Bond/Collateral/Indemnity Agreement 10 PHP 5,000.00 PHP 50,000.00 New Owner's Duplicate of Title 1 PHP 50,000.00 PHP 50,000.00 Subtotal: PHP 1,555,000.00",LEGAL_FEES,2
"Attention: Laura Roy Date: October 10, 2012 Re: Comprehensive Legal Services Package (5 items) Please see the attached invoice for legal services below rendered by Kelly Spencer & Howard Law Office Office. For any questions or clarifications, feel free to contact us. Thank you for your trust. BILLING STATEMENT Description Qty Unit Price Amount Reconstitution of Title 1 PHP 75,000.00 PHP 75,000.00 Civil Case Acceptance - Municipal Trial Courts 2 PHP 50,000.00 PHP 100,000.00 Civil Case Acceptance - Court of Appeals 10 PHP 85,000.00 PHP 850,000.00 Motion to Discharge Preparation 7 PHP 25,000.00 PHP 175,000.00 Court Appearance - Ombudsman 2 PHP 6,000.00 PHP 12,000.00 Subtotal: PHP 1,212,000.00",LEGAL_FEES,2
"Attention: Jennifer Patterson Date: October 08, 2011 Re: Filing creditor's claim Please see the attached invoice for legal services below rendered by Berger Miles & Dunn Law Office Office. For any questions or clarifications, feel free to contact us. Thank you for your trust. BILLING STATEMENT Description Qty Unit Price Amount Creditor's Claim Filing 8 PHP 10,000.00 PHP 80,000.00 Subtotal: PHP 80,000.00",LEGAL_FEES,2
"Attention: Betty Hicks Date: October 14, 2005 Re: Comprehensive Legal Services Package (5 items) Please see the attached invoice for legal services below rendered by Perry Vaughan & Rodgers Law Office Office. For any questions or clarifications, feel free to contact us. Thank you for your trust. BILLING STATEMENT Description Qty Unit Price Amount CBA Negotiation and Execution 8 PHP 50,000.00 PHP 400,000.00 Civil Case Acceptance - Supreme Court 5 PHP 150,000.00 PHP 750,000.00 Criminal Case Acceptance - Court of Appeals 8 PHP 85,000.00 PHP 680,000.00 Agrarian Case - Tenant Representation 10 PHP 76,000.00 PHP 760,000.00 CBA Preparation & Acknowledgement 10 PHP 30,000.00 PHP 300,000.00 Subtotal: PHP 2,890,000.00",LEGAL_FEES,2
"Attention: Richard Miller Date: May 06, 2004 Re: Comprehensive Legal Services Package (5 items) Please see the attached invoice for legal services below rendered by Perkins Ellis & Davis Law Office Office. For any questions or clarifications, feel free to contact us. Thank you for your trust. BILLING STATEMENT Description Qty Unit Price Amount Non-Stock Articles & By-Laws Preparation 7 PHP 35,000.00 PHP 245,000.00 Criminal Case Acceptance - Regional Trial Courts 9 PHP 75,000.00 PHP 675,000.00 Bond/Collateral/Indemnity Agreement 8 PHP 5,000.00 PHP 40,000.00 Partnership Agreement (per month) 8 PHP 9,595.00 PHP 76,760.00 Corporate Resolution Preparation 5 PHP 3,500.00 PHP 17,500.00 Subtotal: PHP 1,054,260.00",LEGAL_FEES,2
"Attention: Amy Leblanc Date: June 23, 2007 Re: Multiple Legal Services (2 items) Please see the attached invoice for legal services below rendered by Morgan Willis & Long Law Office Office. For any questions or clarifications, feel free to contact us. Thank you for your trust. BILLING STATEMENT Description Qty Unit Price Amount Agrarian Case - Tenant Representation 5 PHP 78,000.00 PHP 390,000.00 Civil Case Acceptance - Regional Trial Courts 4 PHP 75,000.00 PHP 300,000.00 Subtotal: PHP 690,000.00",LEGAL_FEES,2
"Attention: Alexandria Davis Date: April 16, 1997 Re: Comprehensive Legal Services Package (5 items) Please see the attached invoice for legal services below rendered by Jimenez Clark & Patrick Law Office Office. For any questions or clarifications, feel free to contact us. Thank you for your trust. BILLING STATEMENT Description Qty Unit Price Amount Articles of Partnership Drafting 8 PHP 85,000.00 PHP 680,000.00 Court Appearance - Municipal Trial Courts 10 PHP 2,500.00 PHP 25,000.00 Agrarian Case - Tenant Representation 8 PHP 80,000.00 PHP 640,000.00 Civil Case Acceptance - Court of Appeals 4 PHP 85,000.00 PHP 340,000.00 Preparation of contracts involving sale 7 PHP 23,699.00 PHP 165,893.00 Subtotal: PHP 1,850,893.00",LEGAL_FEES,2
"Attention: Johnny Maynard Date: March 29, 2011 Re: Multiple Legal Services (3 items) Please see the attached invoice for legal services below rendered by Armstrong Ortega & Turner Law Office Office. For any questions or clarifications, feel free to contact us. Thank you for your trust. BILLING STATEMENT Description Qty Unit Price Amount Option to Purchase Real Estate 3 PHP 261,236.00 PHP 783,708.00 Deed of Donation Preparation 6 PHP 130,416.00 PHP 782,496.00 Consultation with written advice (per hour or per page) 4 PHP 2,500.00 PHP 10,000.00 Subtotal: PHP 1,576,204.00",LEGAL_FEES,2
"Attention: Tina Roman Date: April 14, 2008 Re: Comprehensive Legal Services Package (5 items) Please see the attached invoice for legal services below rendered by Matthews Hawkins & Johnston Law Office Office. For any questions or clarifications, feel free to contact us. Thank you for your trust. BILLING STATEMENT Description Qty Unit Price Amount Registered Agent Registration Documents 9 PHP 10,000.00 PHP 90,000.00 Plain Consultation (per hour) 8 PHP 1,000.00 PHP 8,000.00 Land Registration (Without Opposition) 6 PHP 388,887.00 PHP 2,333,322.00 Civil Case Acceptance - Regional Trial Courts 6 PHP 75,000.00 PHP 450,000.00 Appearance - Prosecutor's Office 8 PHP 7,500.00 PHP 60,000.00 Subtotal: PHP 2,941,322.00",LEGAL_FEES,2
"Attention: Ryan Chan Date: October 11, 2017 Re: Comprehensive Legal Services Package (4 items) Please see the attached invoice for legal services below rendered by Reeves Rojas & Jackson Law Office Office. For any questions or clarifications, feel free to contact us. Thank you for your trust. BILLING STATEMENT Description Qty Unit Price Amount Agrarian Case - Landowner Representation 6 PHP 100,000.00 PHP 600,000.00 Testate/Intestate Proceedings with Opposition 10 PHP 864,815.00 PHP 8,648,150.00 Non-Stock Articles & By-Laws Preparation 4 PHP 35,000.00 PHP 140,000.00 Non-Stock Articles & By-Laws Preparation 3 PHP 35,000.00 PHP 105,000.00 Subtotal: PHP 9,493,150.00",LEGAL_FEES,2
"Attention: Jenna Harding Date: September 21, 2011 Re: Comprehensive Legal Services Package (4 items) Please see the attached invoice for legal services below rendered by Conrad Thompson & Mathews Law Office Office. For any questions or clarifications, feel free to contact us. Thank you for your trust. BILLING STATEMENT Description Qty Unit Price Amount Civil Case Acceptance - Supreme Court 9 PHP 150,000.00 PHP 1,350,000.00 Appearance - DOLE/POEA/NCMB 9 PHP 12,000.00 PHP 108,000.00 Election Case Representation 9 PHP 120,000.00 PHP 1,080,000.00 New Owner's Duplicate of Title 1 PHP 50,000.00 PHP 50,000.00 Subtotal: PHP 2,588,000.00",LEGAL_FEES,2
"Attention: Ann Schaefer Date: May 27, 1999 Re: Comprehensive Legal Services Package (7 items) Please see the attached invoice for legal services below rendered by Green Lewis & Melendez Law Office Office. For any questions or clarifications, feel free to contact us. Thank you for your trust. BILLING STATEMENT Description Qty Unit Price Amount Naturalization Proceedings 7 PHP 150,000.00 PHP 1,050,000.00 Change of Registered Agent/Office - Foreign 4 PHP 25,000.00 PHP 100,000.00 Non-Stock Articles & By-Laws Preparation 7 PHP 35,000.00 PHP 245,000.00 Appellate Jurisdiction Agency Case 3 PHP 75,000.00 PHP 225,000.00 Agrarian Case - Tenant Representation 3 PHP 78,000.00 PHP 234,000.00 Court Appearance - Supreme Court 5 PHP 25,000.00 PHP 125,000.00 Authentication of documents 2 PHP 500.00 PHP 1,000.00 Subtotal: PHP 1,980,000.00",LEGAL_FEES,2
"Attention: Chase Holland Date: November 15, 2019 Re: Multiple Legal Services (3 items) Please see the attached invoice for legal services below rendered by Sullivan Wolfe & Cunningham Law Office Office. For any questions or clarifications, feel free to contact us. Thank you for your trust. BILLING STATEMENT Description Qty Unit Price Amount Testate/Intestate Proceedings with Opposition 8 PHP 145,262.00 PHP 1,162,096.00 Correction of entries/Change of Name 2 PHP 40,000.00 PHP 80,000.00 Creditor's Claim Filing 6 PHP 10,000.00 PHP 60,000.00 Subtotal: PHP 1,302,096.00",LEGAL_FEES,2
"Attention: Tina Lewis Date: April 27, 2015 Re: Multiple Legal Services (3 items) Please see the attached invoice for legal services below rendered by Estrada Bennett & Baker Law Office Office. For any questions or clarifications, feel free to contact us. Thank you for your trust. BILLING STATEMENT Description Qty Unit Price Amount Non-Stock Articles & By-Laws Preparation 3 PHP 35,000.00 PHP 105,000.00 Authority to Do Business in PH 9 PHP 35,000.00 PHP 315,000.00 Option to Purchase Real Estate 4 PHP 247,610.00 PHP 990,440.00 Subtotal: PHP 1,410,440.00",LEGAL_FEES,2
"Attention: Margaret Newman Date: July 21, 2003 Re: Comprehensive Legal Services Package (6 items) Please see the attached invoice for legal services below rendered by Stewart Lewis & Salinas Law Office Office. For any questions or clarifications, feel free to contact us. Thank you for your trust. BILLING STATEMENT Description Qty Unit Price Amount Creditor's Claim Filing 5 PHP 10,000.00 PHP 50,000.00 Change of Registered Agent/Office 4 PHP 5,000.00 PHP 20,000.00 Change of Registered Agent/Office - Foreign 7 PHP 25,000.00 PHP 175,000.00 Preparation and notarization of simple affidavits (jurat) 6 PHP 1,000.00 PHP 6,000.00 Civil Case Acceptance - Supreme Court 5 PHP 150,000.00 PHP 750,000.00 Withdrawal from Country Documents 10 PHP 35,000.00 PHP 350,000.00 Subtotal: PHP 1,351,000.00",LEGAL_FEES,2
"Attention: Daniel Jackson Date: November 11, 2009 Re: Comprehensive Legal Services Package (5 items) Please see the attached invoice for legal services below rendered by Gregory Humphrey & Boyd Law Office Office. For any questions or clarifications, feel free to contact us. Thank you for your trust. BILLING STATEMENT Description Qty Unit Price Amount Consultation with written advice (per hour or per page) 5 PHP 1,000.00 PHP 5,000.00 Appellate Jurisdiction Agency Case 4 PHP 75,000.00 PHP 300,000.00 Trade Name Registration 3 PHP 10,000.00 PHP 30,000.00 CBA Negotiation and Execution 7 PHP 50,000.00 PHP 350,000.00 Preparation of Attorney's Letter 10 PHP 500.00 PHP 5,000.00 Subtotal: PHP 690,000.00",LEGAL_FEES,2
"Attention: Andrew Lewis Date: June 10, 2002 Re: Multiple Legal Services (3 items) Please see the attached invoice for legal services below rendered by Shields Fuller & Meyer Law Office Office. For any questions or clarifications, feel free to contact us. Thank you for your trust. BILLING STATEMENT Description Qty Unit Price Amount Building Contract Review/Preparation 2 PHP 150,222.00 PHP 300,444.00 Court Appearance - Supreme Court 8 PHP 20,000.00 PHP 160,000.00 Bond/Collateral/Indemnity Agreement 4 PHP 5,000.00 PHP 20,000.00 Subtotal: PHP 480,444.00",LEGAL_FEES,2
"Attention: Henry Andrade Date: February 27, 2019 Re: Comprehensive Legal Services Package (4 items) Please see the attached invoice for legal services below rendered by Henry Jensen & Hughes Law Office Office. For any questions or clarifications, feel free to contact us. Thank you for your trust. BILLING STATEMENT Description Qty Unit Price Amount Monthly Legal Retainer Fee 6 PHP 8,000.00 PHP 48,000.00 Civil Case Acceptance - Municipal Trial Courts 6 PHP 50,000.00 PHP 300,000.00 Agrarian Case - Landowner Representation 4 PHP 85,000.00 PHP 340,000.00 Monthly Legal Retainer Fee 8 PHP 8,000.00 PHP 64,000.00 Subtotal: PHP 752,000.00",LEGAL_FEES,2
"Attention: James Munoz Date: August 18, 2010 Re: Comprehensive Legal Services Package (5 items) Please see the attached invoice for legal services below rendered by Jones Foster & Pineda Law Office Office. For any questions or clarifications, feel free to contact us. Thank you for your trust. BILLING STATEMENT Description Qty Unit Price Amount Civil Case Acceptance - Regional Trial Courts 6 PHP 75,000.00 PHP 450,000.00 Bond/Collateral/Indemnity Agreement 9 PHP 5,000.00 PHP 45,000.00 Option to Purchase Real Estate 10 PHP 102,312.00 PHP 1,023,120.00 Appearance - DOLE/POEA/NCMB 5 PHP 6,000.00 PHP 30,000.00 Bond/Collateral/Indemnity Agreement 3 PHP 5,000.00 PHP 15,000.00 Subtotal: PHP 1,563,120.00",LEGAL_FEES,2
"Attention: Rodney Reynolds Date: July 22, 2002 Re: Comprehensive Legal Services Package (7 items) Please see the attached invoice for legal services below rendered by Hawkins Black & Clark Law Office Office. For any questions or clarifications, feel free to contact us. Thank you for your trust. BILLING STATEMENT Description Qty Unit Price Amount Eminent Domain/Expropriation Proceedings 4 PHP 100,000.00 PHP 400,000.00 New Owner's Duplicate of Title 9 PHP 50,000.00 PHP 450,000.00 Bond/Collateral/Indemnity Agreement 4 PHP 5,000.00 PHP 20,000.00 Corporate Resolution Preparation 4 PHP 3,500.00 PHP 14,000.00 Articles of Partnership Drafting 3 PHP 100,000.00 PHP 300,000.00 Change of Registered Agent/Office 6 PHP 5,000.00 PHP 30,000.00 Agrarian Case - Landowner Representation 2 PHP 85,000.00 PHP 170,000.00 Subtotal: PHP 1,384,000.00",LEGAL_FEES,2
"Attention: Meghan Allen Date: July 26, 2019 Re: Comprehensive Legal Services Package (7 items) Please see the attached invoice for legal services below rendered by Navarro Callahan & Nguyen Law Office Office. For any questions or clarifications, feel free to contact us. Thank you for your trust. BILLING STATEMENT Description Qty Unit Price Amount Court Appearance - Municipal Trial Courts 7 PHP 2,500.00 PHP 17,500.00 Preparation of contracts involving sale 8 PHP 110,310.00 PHP 882,480.00 Trade Name Registration 10 PHP 10,000.00 PHP 100,000.00 Mortgage Release/Extension 6 PHP 3,000.00 PHP 18,000.00 Non-Stock Articles & By-Laws Preparation 3 PHP 35,000.00 PHP 105,000.00 Monthly Legal Retainer Fee 7 PHP 8,000.00 PHP 56,000.00 Testate/Intestate Proceedings without Opposition 6 PHP 382,145.00 PHP 2,292,870.00 Subtotal: PHP 3,471,850.00",LEGAL_FEES,2
"Attention: Patricia Davis Date: June 29, 1998 Re: Comprehensive Legal Services Package (5 items) Please see the attached invoice for legal services below rendered by Mcdonald Stewart & King Law Office Office. For any questions or clarifications, feel free to contact us. Thank you for your trust. BILLING STATEMENT Description Qty Unit Price Amount Partnership Agreement (per month) 9 PHP 9,890.00 PHP 89,010.00 Eminent Domain/Expropriation Proceedings 8 PHP 100,000.00 PHP 800,000.00 Articles of Incorporation and By-Laws Preparation 7 PHP 218,000.00 PHP 1,526,000.00 Civil Case Acceptance - Regional Trial Courts 1 PHP 75,000.00 PHP 75,000.00 Option to Purchase Real Estate 10 PHP 43,661.00 PHP 436,610.00 Subtotal: PHP 2,926,620.00",LEGAL_FEES,2
"Attention: Eric Everett Date: August 16, 2025 Re: Comprehensive Legal Services Package (5 items) Please see the attached invoice for legal services below rendered by Gamble Dunn & Moon Law Office Office. For any questions or clarifications, feel free to contact us. Thank you for your trust. BILLING STATEMENT Description Qty Unit Price Amount Authentication of documents 9 PHP 500.00 PHP 4,500.00 Civil Case Acceptance - Municipal Trial Courts 5 PHP 50,000.00 PHP 250,000.00 Plain Consultation (per hour) 7 PHP 1,000.00 PHP 7,000.00 Corporate Charter Amendment 4 PHP 30,000.00 PHP 120,000.00 Land Registration (Without Opposition) 8 PHP 779,816.00 PHP 6,238,528.00 Subtotal: PHP 6,620,028.00",LEGAL_FEES,2
"Attention: Karen Hunt Date: March 08, 2020 Re: Multiple Legal Services (3 items) Please see the attached invoice for legal services below rendered by Smith Gonzalez & Ward Law Office Office. For any questions or clarifications, feel free to contact us. Thank you for your trust. BILLING STATEMENT Description Qty Unit Price Amount Criminal Case Acceptance - Supreme Court 2 PHP 150,000.00 PHP 300,000.00 Monthly Legal Retainer Fee 5 PHP 8,000.00 PHP 40,000.00 Appearance - Labor Arbiter 5 PHP 2,000.00 PHP 10,000.00 Subtotal: PHP 350,000.00",LEGAL_FEES,2
"Attention: Shawn Mcguire Date: September 19, 2016 Re: Multiple Legal Services (3 items) Please see the attached invoice for legal services below rendered by James Alvarez & Horton Law Office Office. For any questions or clarifications, feel free to contact us. Thank you for your trust. BILLING STATEMENT Description Qty Unit Price Amount Monthly Legal Retainer Fee 6 PHP 8,000.00 PHP 48,000.00 Creditor's Claim Filing 10 PHP 10,000.00 PHP 100,000.00 Election Case Representation 8 PHP 120,000.00 PHP 960,000.00 Subtotal: PHP 1,108,000.00",LEGAL_FEES,2
"Attention: Larry Willis Date: January 01, 2004 Re: Comprehensive Legal Services Package (6 items) Please see the attached invoice for legal services below rendered by Myers Bean & Williams Law Office Office. For any questions or clarifications, feel free to contact us. Thank you for your trust. BILLING STATEMENT Description Qty Unit Price Amount Civil Case Acceptance - Municipal Trial Courts 10 PHP 50,000.00 PHP 500,000.00 Preparation of contracts not involving sale 8 PHP 1,500.00 PHP 12,000.00 Monthly Legal Retainer Fee 9 PHP 8,000.00 PHP 72,000.00 Withdrawal from Country Documents 9 PHP 35,000.00 PHP 315,000.00 Appearance - DOLE/POEA/NCMB 2 PHP 2,500.00 PHP 5,000.00 Non-Stock Articles & By-Laws Preparation 7 PHP 35,000.00 PHP 245,000.00 Subtotal: PHP 1,149,000.00",LEGAL_FEES,2
"Attention: John Johnson Date: December 24, 2005 Re: Comprehensive Legal Services Package (5 items) Please see the attached invoice for legal services below rendered by Kelly Cardenas & Joseph Law Office Office. For any questions or clarifications, feel free to contact us. Thank you for your trust. BILLING STATEMENT Description Qty Unit Price Amount Change of Registered Agent/Office - Foreign 7 PHP 25,000.00 PHP 175,000.00 Plain Consultation (per hour) 2 PHP 1,000.00 PHP 2,000.00 Non-Stock Articles & By-Laws Preparation 5 PHP 35,000.00 PHP 175,000.00 Appearance - Labor Arbiter 3 PHP 6,000.00 PHP 18,000.00 Correction of entries/Change of Name 4 PHP 40,000.00 PHP 160,000.00 Subtotal: PHP 530,000.00",LEGAL_FEES,2
"Attention: Cory Schneider Date: April 19, 2006 Re: Multiple Legal Services (2 items) Please see the attached invoice for legal services below rendered by Gilbert Davila & Jones Law Office Office. For any questions or clarifications, feel free to contact us. Thank you for your trust. BILLING STATEMENT Description Qty Unit Price Amount Appellate Jurisdiction Agency Case 6 PHP 75,000.00 PHP 450,000.00 Trade Name Registration 3 PHP 10,000.00 PHP 30,000.00 Subtotal: PHP 480,000.00",LEGAL_FEES,2
"Attention: David Curtis Date: June 12, 2007 Re: Civil Case - Municipal Trial Courts Please see the attached invoice for legal services below rendered by Smith Kaufman & Smith Law Office Office. For any questions or clarifications, feel free to contact us. Thank you for your trust. BILLING STATEMENT Description Qty Unit Price Amount Civil Case Acceptance - Municipal Trial Courts 8 PHP 50,000.00 PHP 400,000.00 Subtotal: PHP 400,000.00",LEGAL_FEES,2
"Attention: Derek Rojas Date: January 09, 2013 Re: Agrarian Relation - For landowner Please see the attached invoice for legal services below rendered by Coleman Jones & Dalton Law Office Office. For any questions or clarifications, feel free to contact us. Thank you for your trust. BILLING STATEMENT Description Qty Unit Price Amount Agrarian Case - Landowner Representation 1 PHP 80,000.00 PHP 80,000.00 Subtotal: PHP 80,000.00",LEGAL_FEES,2
"Attention: Nicholas Henry Date: October 20, 2004 Re: Multiple Legal Services (3 items) Please see the attached invoice for legal services below rendered by Grant Ward & Santos Law Office Office. For any questions or clarifications, feel free to contact us. Thank you for your trust. BILLING STATEMENT Description Qty Unit Price Amount Court Appearance - Supreme Court 9 PHP 15,000.00 PHP 135,000.00 New Owner's Duplicate of Title 1 PHP 50,000.00 PHP 50,000.00 Appellate Jurisdiction Agency Case 10 PHP 75,000.00 PHP 750,000.00 Subtotal: PHP 935,000.00",LEGAL_FEES,2
"Attention: Mackenzie Mckinney Date: May 09, 2018 Re: Comprehensive Legal Services Package (4 items) Please see the attached invoice for legal services below rendered by Jackson Bowen & Barker Law Office Office. For any questions or clarifications, feel free to contact us. Thank you for your trust. BILLING STATEMENT Description Qty Unit Price Amount Mortgage Release/Extension 1 PHP 3,000.00 PHP 3,000.00 Non-Stock Articles & By-Laws Preparation 5 PHP 35,000.00 PHP 175,000.00 Agrarian Case - Landowner Representation 5 PHP 90,000.00 PHP 450,000.00 Creditor's Claim Filing 4 PHP 10,000.00 PHP 40,000.00 Subtotal: PHP 668,000.00",LEGAL_FEES,2
"Attention: Julie Walker Date: December 09, 2000 Re: Multiple Legal Services (2 items) Please see the attached invoice for legal services below rendered by Bentley Luna & Mueller Law Office Office. For any questions or clarifications, feel free to contact us. Thank you for your trust. BILLING STATEMENT Description Qty Unit Price Amount Change of Registered Agent/Office - Foreign 3 PHP 25,000.00 PHP 75,000.00 Research/Preliminary Study (per hour) 7 PHP 1,500.00 PHP 10,500.00 Subtotal: PHP 85,500.00",LEGAL_FEES,2
"Attention: Jessica Blankenship Date: May 06, 2003 Re: Comprehensive Legal Services Package (5 items) Please see the attached invoice for legal services below rendered by Ryan Johnson & Sims Law Office Office. For any questions or clarifications, feel free to contact us. Thank you for your trust. BILLING STATEMENT Description Qty Unit Price Amount Criminal Case Acceptance - Court of Appeals 2 PHP 85,000.00 PHP 170,000.00 Non-Stock Articles & By-Laws Preparation 8 PHP 35,000.00 PHP 280,000.00 Partnership Agreement (per month) 1 PHP 8,165.00 PHP 8,165.00 Appellate Jurisdiction Agency Case 7 PHP 75,000.00 PHP 525,000.00 Appearance - Labor Arbiter 7 PHP 2,000.00 PHP 14,000.00 Subtotal: PHP 997,165.00",LEGAL_FEES,2
"Attention: John Walter Date: September 29, 2004 Re: Multiple Legal Services (3 items) Please see the attached invoice for legal services below rendered by Holloway Jones & Ochoa Law Office Office. For any questions or clarifications, feel free to contact us. Thank you for your trust. BILLING STATEMENT Description Qty Unit Price Amount Original Jurisdiction Agency Case 4 PHP 60,000.00 PHP 240,000.00 Corporate Resolution Preparation 7 PHP 3,500.00 PHP 24,500.00 Preparation of Attorney's Letter 2 PHP 500.00 PHP 1,000.00 Subtotal: PHP 265,500.00",LEGAL_FEES,2
"Attention: Jonathan Christensen Date: November 17, 2016 Re: Multiple Legal Services (3 items) Please see the attached invoice for legal services below rendered by Moran Butler & Stevenson Law Office Office. For any questions or clarifications, feel free to contact us. Thank you for your trust. BILLING STATEMENT Description Qty Unit Price Amount Change of Registered Agent/Office - Foreign 1 PHP 25,000.00 PHP 25,000.00 Court Appearance - Sandiganbayan 8 PHP 20,000.00 PHP 160,000.00 Articles of Incorporation and By-Laws Preparation 3 PHP 90,000.00 PHP 270,000.00 Subtotal: PHP 455,000.00",LEGAL_FEES,2
"Attention: Tara May Date: March 30, 2024 Re: Comprehensive Legal Services Package (5 items) Please see the attached invoice for legal services below rendered by Howard Garcia & Graham Law Office Office. For any questions or clarifications, feel free to contact us. Thank you for your trust. BILLING STATEMENT Description Qty Unit Price Amount Non-Stock Articles & By-Laws Preparation 3 PHP 35,000.00 PHP 105,000.00 Non-Stock Articles & By-Laws Preparation 8 PHP 35,000.00 PHP 280,000.00 Agrarian Case - Landowner Representation 2 PHP 95,000.00 PHP 190,000.00 Articles of Incorporation and By-Laws Preparation 8 PHP 146,000.00 PHP 1,168,000.00 Court Appearance - Ombudsman 1 PHP 3,000.00 PHP 3,000.00 Subtotal: PHP 1,746,000.00",LEGAL_FEES,2
"Attention: Reginald Carter Date: April 07, 2005 Re: Comprehensive Legal Services Package (5 items) Please see the attached invoice for legal services below rendered by Rivera Herrera & Gonzalez Law Office Office. For any questions or clarifications, feel free to contact us. Thank you for your trust. BILLING STATEMENT Description Qty Unit Price Amount Monthly Legal Retainer Fee 3 PHP 8,000.00 PHP 24,000.00 Trade Name Registration 10 PHP 10,000.00 PHP 100,000.00 Criminal Case Acceptance - Municipal Trial Courts 8 PHP 50,000.00 PHP 400,000.00 Eminent Domain/Expropriation Proceedings 3 PHP 136,833.00 PHP 410,499.00 Foreign Corp Registered Agent Documents 6 PHP 35,000.00 PHP 210,000.00 Subtotal: PHP 1,144,499.00",LEGAL_FEES,2
"Attention: Nicole Gonzalez Date: June 24, 2013 Re: Registration of patents, copyrights Please see the attached invoice for legal services below rendered by Thomas Banks & Stephens Law Office Office. For any questions or clarifications, feel free to contact us. Thank you for your trust. BILLING STATEMENT Description Qty Unit Price Amount Patent/Copyright Registration 3 PHP 150,000.00 PHP 450,000.00 Subtotal: PHP 450,000.00",LEGAL_FEES,2
"Attention: Michael Kaufman Date: January 14, 2019 Re: Multiple Legal Services (3 items) Please see the attached invoice for legal services below rendered by Gibson Cobb & Stevens Law Office Office. For any questions or clarifications, feel free to contact us. Thank you for your trust. BILLING STATEMENT Description Qty Unit Price Amount Criminal Case Acceptance - Supreme Court 8 PHP 150,000.00 PHP 1,200,000.00 CBA Negotiation and Execution 3 PHP 10,000.00 PHP 30,000.00 Appellate Jurisdiction Agency Case 6 PHP 75,000.00 PHP 450,000.00 Subtotal: PHP 1,680,000.00",LEGAL_FEES,2
"Attention: Courtney Werner Date: September 05, 2001 Re: Comprehensive Legal Services Package (6 items) Please see the attached invoice for legal services below rendered by Weaver Smith & Wade Law Office Office. For any questions or clarifications, feel free to contact us. Thank you for your trust. BILLING STATEMENT Description Qty Unit Price Amount Preparation and notarization of simple affidavits (jurat) 4 PHP 1,000.00 PHP 4,000.00 Authority to Do Business in PH 9 PHP 35,000.00 PHP 315,000.00 Criminal Case Acceptance - Regional Trial Courts 5 PHP 75,000.00 PHP 375,000.00 Criminal Case Acceptance - Regional Trial Courts 7 PHP 75,000.00 PHP 525,000.00 Non-Stock Articles & By-Laws Preparation 4 PHP 35,000.00 PHP 140,000.00 Appearance - Prosecutor's Office 6 PHP 3,500.00 PHP 21,000.00 Subtotal: PHP 1,380,000.00",LEGAL_FEES,2
"Attention: Gary Burton Date: February 20, 2001 Re: Multiple Legal Services (3 items) Please see the attached invoice for legal services below rendered by Hudson Harris & Wallace Law Office Office. For any questions or clarifications, feel free to contact us. Thank you for your trust. BILLING STATEMENT Description Qty Unit Price Amount Withdrawal from Country Documents 5 PHP 35,000.00 PHP 175,000.00 Criminal Case Acceptance - Court of Appeals 4 PHP 85,000.00 PHP 340,000.00 Criminal Case Acceptance - Court of Appeals 3 PHP 85,000.00 PHP 255,000.00 Subtotal: PHP 770,000.00",LEGAL_FEES,2
"Attention: Jack Taylor Date: April 23, 1999 Re: Comprehensive Legal Services Package (4 items) Please see the attached invoice for legal services below rendered by Carlson Alexander & Griffin Law Office Office. For any questions or clarifications, feel free to contact us. Thank you for your trust. BILLING STATEMENT Description Qty Unit Price Amount Civil Case Acceptance - Supreme Court 6 PHP 150,000.00 PHP 900,000.00 Monthly Legal Retainer Fee 3 PHP 8,000.00 PHP 24,000.00 Research/Preliminary Study (per hour) 7 PHP 1,500.00 PHP 10,500.00 Criminal Case Acceptance - Regional Trial Courts 9 PHP 75,000.00 PHP 675,000.00 Subtotal: PHP 1,609,500.00",LEGAL_FEES,2
"Attention: Mary Grant Date: September 03, 2006 Re: Multiple Legal Services (3 items) Please see the attached invoice for legal services below rendered by Hayden Thomas & Peters Law Office Office. For any questions or clarifications, feel free to contact us. Thank you for your trust. BILLING STATEMENT Description Qty Unit Price Amount Appellate Jurisdiction Agency Case 6 PHP 75,000.00 PHP 450,000.00 Articles of Partnership Drafting 1 PHP 35,000.00 PHP 35,000.00 Criminal Case Acceptance - Regional Trial Courts 8 PHP 75,000.00 PHP 600,000.00 Subtotal: PHP 1,085,000.00",LEGAL_FEES,2
"Attention: Steven Nelson Date: December 03, 1995 Re: Partnership Agreement Please see the attached invoice for legal services below rendered by Lee Williams & Vasquez Law Office Office. For any questions or clarifications, feel free to contact us. Thank you for your trust. BILLING STATEMENT Description Qty Unit Price Amount Partnership Agreement (per month) 3 PHP 8,472.00 PHP 25,416.00 Subtotal: PHP 25,416.00",LEGAL_FEES,2
"Attention: Mackenzie Gamble Date: March 18, 2026 Re: Multiple Legal Services (3 items) Please see the attached invoice for legal services below rendered by Williams Chan & Smith Law Office Office. For any questions or clarifications, feel free to contact us. Thank you for your trust. BILLING STATEMENT Description Qty Unit Price Amount Civil Case Acceptance - Municipal Trial Courts 10 PHP 50,000.00 PHP 500,000.00 Election Case Representation 9 PHP 120,000.00 PHP 1,080,000.00 Articles of Partnership Drafting 10 PHP 40,000.00 PHP 400,000.00 Subtotal: PHP 1,980,000.00",LEGAL_FEES,2
"Attention: Paul Leonard Date: October 07, 1998 Re: Comprehensive Legal Services Package (4 items) Please see the attached invoice for legal services below rendered by Foster Curtis & Cummings Law Office Office. For any questions or clarifications, feel free to contact us. Thank you for your trust. BILLING STATEMENT Description Qty Unit Price Amount Patent/Copyright Registration 4 PHP 150,000.00 PHP 600,000.00 Correction of entries/Change of Name 5 PHP 40,000.00 PHP 200,000.00 Trade Name Registration 9 PHP 10,000.00 PHP 90,000.00 Appearance - OMB 6 PHP 2,500.00 PHP 15,000.00 Subtotal: PHP 905,000.00",LEGAL_FEES,2
"Attention: Leah Bailey Date: November 14, 2017 Re: Comprehensive Legal Services Package (5 items) Please see the attached invoice for legal services below rendered by Moss Adams & Espinoza Law Office Office. For any questions or clarifications, feel free to contact us. Thank you for your trust. BILLING STATEMENT Description Qty Unit Price Amount Deed of Donation Preparation 6 PHP 118,859.00 PHP 713,154.00 Immigration Services 7 PHP 50,000.00 PHP 350,000.00 Appellate Jurisdiction Agency Case 10 PHP 75,000.00 PHP 750,000.00 Non-Stock Articles & By-Laws Preparation 8 PHP 35,000.00 PHP 280,000.00 Court Appearance - Ombudsman 2 PHP 15,000.00 PHP 30,000.00 Subtotal: PHP 2,123,154.00",LEGAL_FEES,2
"Attention: William Gibson Date: September 26, 2025 Re: Comprehensive Legal Services Package (4 items) Please see the attached invoice for legal services below rendered by Blake King & Lambert Law Office Office. For any questions or clarifications, feel free to contact us. Thank you for your trust. BILLING STATEMENT Description Qty Unit Price Amount Criminal Case Acceptance - Regional Trial Courts 6 PHP 75,000.00 PHP 450,000.00 Corporate Resolution Preparation 1 PHP 3,500.00 PHP 3,500.00 Consultation with written advice (per hour or per page) 2 PHP 1,000.00 PHP 2,000.00 Consultation with written advice (per hour or per page) 2 PHP 1,000.00 PHP 2,000.00 Subtotal: PHP 457,500.00",LEGAL_FEES,2
"Attention: Nicholas Acevedo Date: January 04, 2015 Re: Comprehensive Legal Services Package (5 items) Please see the attached invoice for legal services below rendered by Mcdonald Taylor & Alvarado Law Office Office. For any questions or clarifications, feel free to contact us. Thank you for your trust. BILLING STATEMENT Description Qty Unit Price Amount Preparation and notarization of simple affidavits (jurat) 9 PHP 1,000.00 PHP 9,000.00 Original Jurisdiction Agency Case 9 PHP 60,000.00 PHP 540,000.00 Criminal Case Acceptance - Regional Trial Courts 8 PHP 75,000.00 PHP 600,000.00 Agrarian Case - Landowner Representation 5 PHP 95,000.00 PHP 475,000.00 Agrarian Case - Tenant Representation 6 PHP 79,000.00 PHP 474,000.00 Subtotal: PHP 2,098,000.00",LEGAL_FEES,2
"Attention: Ryan Jackson Date: April 01, 2006 Re: Comprehensive Legal Services Package (5 items) Please see the attached invoice for legal services below rendered by Smith Mitchell & Lopez Law Office Office. For any questions or clarifications, feel free to contact us. Thank you for your trust. BILLING STATEMENT Description Qty Unit Price Amount Authentication of documents 6 PHP 500.00 PHP 3,000.00 Motion to Discharge Preparation 4 PHP 25,000.00 PHP 100,000.00 Non-Stock Articles & By-Laws Preparation 5 PHP 35,000.00 PHP 175,000.00 Preparation of contracts involving sale 2 PHP 69,484.00 PHP 138,968.00 Appellate Jurisdiction Agency Case 9 PHP 75,000.00 PHP 675,000.00 Subtotal: PHP 1,091,968.00",LEGAL_FEES,2
"Attention: Samuel Johnson Date: March 15, 2006 Re: Multiple Legal Services (2 items) Please see the attached invoice for legal services below rendered by Wagner Chavez & Salazar Law Office Office. For any questions or clarifications, feel free to contact us. Thank you for your trust. BILLING STATEMENT Description Qty Unit Price Amount Appearance - Prosecutor's Office 2 PHP 3,500.00 PHP 7,000.00 Monthly Legal Retainer Fee 2 PHP 8,000.00 PHP 16,000.00 Subtotal: PHP 23,000.00",LEGAL_FEES,2
"Attention: Sara Figueroa Date: February 01, 2008 Re: Comprehensive Legal Services Package (4 items) Please see the attached invoice for legal services below rendered by Santos Alexander & Combs Law Office Office. For any questions or clarifications, feel free to contact us. Thank you for your trust. BILLING STATEMENT Description Qty Unit Price Amount Preparation of contracts not involving sale 7 PHP 1,500.00 PHP 10,500.00 Authentication of documents 8 PHP 700.00 PHP 5,600.00 Articles of Partnership Drafting 1 PHP 45,000.00 PHP 45,000.00 Criminal Case Acceptance - Municipal Trial Courts 6 PHP 50,000.00 PHP 300,000.00 Subtotal: PHP 361,100.00",LEGAL_FEES,2
"Attention: Jeremy Murray Date: December 24, 1995 Re: Comprehensive Legal Services Package (6 items) Please see the attached invoice for legal services below rendered by Hensley Walker & Nolan Law Office Office. For any questions or clarifications, feel free to contact us. Thank you for your trust. BILLING STATEMENT Description Qty Unit Price Amount Non-Stock Articles & By-Laws Preparation 6 PHP 35,000.00 PHP 210,000.00 Agrarian Case - Tenant Representation 2 PHP 77,000.00 PHP 154,000.00 Court Appearance - Municipal Trial Courts 3 PHP 2,500.00 PHP 7,500.00 Civil Case Acceptance - Regional Trial Courts 9 PHP 75,000.00 PHP 675,000.00 Monthly Legal Retainer Fee 3 PHP 8,000.00 PHP 24,000.00 Monthly Legal Retainer Fee 9 PHP 8,000.00 PHP 72,000.00 Subtotal: PHP 1,142,500.00",LEGAL_FEES,2
"Attention: Shannon Jones Date: August 09, 2020 Re: Comprehensive Legal Services Package (5 items) Please see the attached invoice for legal services below rendered by Nichols Hill & Valentine Law Office Office. For any questions or clarifications, feel free to contact us. Thank you for your trust. BILLING STATEMENT Description Qty Unit Price Amount Correction of entries/Change of Name 9 PHP 40,000.00 PHP 360,000.00 Agrarian Case - Landowner Representation 8 PHP 100,000.00 PHP 800,000.00 Court Appearance - Supreme Court 7 PHP 5,000.00 PHP 35,000.00 Monthly Legal Retainer Fee 1 PHP 8,000.00 PHP 8,000.00 Withdrawal from Country Documents 7 PHP 35,000.00 PHP 245,000.00 Subtotal: PHP 1,448,000.00",LEGAL_FEES,2
"Attention: Veronica Wright Date: April 15, 2022 Re: Multiple Legal Services (2 items) Please see the attached invoice for legal services below rendered by Liu Cook & Fields Law Office Office. For any questions or clarifications, feel free to contact us. Thank you for your trust. BILLING STATEMENT Description Qty Unit Price Amount Agrarian Case - Landowner Representation 5 PHP 85,000.00 PHP 425,000.00 Criminal Case Acceptance - Supreme Court 9 PHP 150,000.00 PHP 1,350,000.00 Subtotal: PHP 1,775,000.00",LEGAL_FEES,2
"Attention: Ashley Burke Date: February 23, 2024 Re: Comprehensive Legal Services Package (4 items) Please see the attached invoice for legal services below rendered by Palmer Johnson & White Law Office Office. For any questions or clarifications, feel free to contact us. Thank you for your trust. BILLING STATEMENT Description Qty Unit Price Amount Original Jurisdiction Agency Case 7 PHP 60,000.00 PHP 420,000.00 Corporate Reports Filing Preparation 10 PHP 6,000.00 PHP 60,000.00 Non-Stock Articles & By-Laws Preparation 5 PHP 35,000.00 PHP 175,000.00 Naturalization Proceedings 10 PHP 150,000.00 PHP 1,500,000.00 Subtotal: PHP 2,155,000.00",LEGAL_FEES,2
"Attention: Becky Thomas Date: November 24, 2016 Re: Comprehensive Legal Services Package (7 items) Please see the attached invoice for legal services below rendered by Jones Garcia & Martin Law Office Office. For any questions or clarifications, feel free to contact us. Thank you for your trust. BILLING STATEMENT Description Qty Unit Price Amount Agrarian Case - Landowner Representation 5 PHP 95,000.00 PHP 475,000.00 Testate/Intestate Proceedings without Opposition 6 PHP 142,991.00 PHP 857,946.00 Monthly Legal Retainer Fee 1 PHP 8,000.00 PHP 8,000.00 Trade Name Registration 1 PHP 10,000.00 PHP 10,000.00 Non-Stock Articles & By-Laws Preparation 10 PHP 35,000.00 PHP 350,000.00 Deed of Donation Preparation 8 PHP 75,879.00 PHP 607,032.00 Criminal Case Acceptance - Municipal Trial Courts 9 PHP 50,000.00 PHP 450,000.00 Subtotal: PHP 2,757,978.00",LEGAL_FEES,2
"Attention: Jeffrey Whitaker Date: October 31, 2005 Re: Multiple Legal Services (2 items) Please see the attached invoice for legal services below rendered by Barrett Huber & Williams Law Office Office. For any questions or clarifications, feel free to contact us. Thank you for your trust. BILLING STATEMENT Description Qty Unit Price Amount Preparation and notarization of simple affidavits (jurat) 1 PHP 1,000.00 PHP 1,000.00 Monthly Legal Retainer Fee 4 PHP 8,000.00 PHP 32,000.00 Subtotal: PHP 33,000.00",LEGAL_FEES,2
"Attention: Debra Lee Date: January 10, 2022 Re: Comprehensive Legal Services Package (7 items) Please see the attached invoice for legal services below rendered by Duarte Thornton & Beasley Law Office Office. For any questions or clarifications, feel free to contact us. Thank you for your trust. BILLING STATEMENT Description Qty Unit Price Amount Court Appearance - Municipal Trial Courts 2 PHP 8,000.00 PHP 16,000.00 New Owner's Duplicate of Title 9 PHP 50,000.00 PHP 450,000.00 Option to Purchase Real Estate 9 PHP 127,704.00 PHP 1,149,336.00 Non-Stock Articles & By-Laws Preparation 10 PHP 35,000.00 PHP 350,000.00 Deed of Donation Preparation 10 PHP 113,393.00 PHP 1,133,930.00 Monthly Legal Retainer Fee 6 PHP 8,000.00 PHP 48,000.00 Change of Registered Agent/Office 10 PHP 5,000.00 PHP 50,000.00 Subtotal: PHP 3,197,266.00",LEGAL_FEES,2
"Attention: Ruth Silva Date: September 13, 2024 Re: Comprehensive Legal Services Package (7 items) Please see the attached invoice for legal services below rendered by Fowler Ramirez & Bishop Law Office Office. For any questions or clarifications, feel free to contact us. Thank you for your trust. BILLING STATEMENT Description Qty Unit Price Amount Criminal Case Acceptance - Court of Appeals 4 PHP 85,000.00 PHP 340,000.00 Research/Preliminary Study (per hour) 3 PHP 1,500.00 PHP 4,500.00 Foreign Corp Registered Agent Documents 6 PHP 35,000.00 PHP 210,000.00 Corporate Dissolution Documents 2 PHP 25,000.00 PHP 50,000.00 Partnership Dissolution 6 PHP 35,000.00 PHP 210,000.00 Original Jurisdiction Agency Case 1 PHP 60,000.00 PHP 60,000.00 Authentication of documents 2 PHP 500.00 PHP 1,000.00 Subtotal: PHP 875,500.00",LEGAL_FEES,2
"Attention: Jason Hubbard Date: January 02, 2023 Re: Multiple Legal Services (3 items) Please see the attached invoice for legal services below rendered by Reeves Meyer & Moody Law Office Office. For any questions or clarifications, feel free to contact us. Thank you for your trust. BILLING STATEMENT Description Qty Unit Price Amount CBA Negotiation and Execution 8 PHP 10,000.00 PHP 80,000.00 Criminal Case Acceptance - Municipal Trial Courts 1 PHP 50,000.00 PHP 50,000.00 Stockholders Agreement/Voting Trust 7 PHP 30,000.00 PHP 210,000.00 Subtotal: PHP 340,000.00",LEGAL_FEES,2
"Attention: Jorge Moss Date: January 17, 2006 Re: Comprehensive Legal Services Package (7 items) Please see the attached invoice for legal services below rendered by Norton Cook & Kim Law Office Office. For any questions or clarifications, feel free to contact us. Thank you for your trust. BILLING STATEMENT Description Qty Unit Price Amount Appearance - Other Administrative Agencies 2 PHP 3,500.00 PHP 7,000.00 Original Jurisdiction Agency Case 9 PHP 60,000.00 PHP 540,000.00 Preparation of Attorney's Letter 2 PHP 500.00 PHP 1,000.00 Criminal Case Acceptance - Court of Appeals 9 PHP 85,000.00 PHP 765,000.00 Civil Case Acceptance - Municipal Trial Courts 8 PHP 50,000.00 PHP 400,000.00 Monthly Legal Retainer Fee 5 PHP 8,000.00 PHP 40,000.00 CBA Negotiation and Execution 3 PHP 7,500.00 PHP 22,500.00 Subtotal: PHP 1,775,500.00",LEGAL_FEES,2
"Attention: Seth Crawford Date: March 29, 2020 Re: Comprehensive Legal Services Package (7 items) Please see the attached invoice for legal services below rendered by Holmes Raymond & Ewing Law Office Office. For any questions or clarifications, feel free to contact us. Thank you for your trust. BILLING STATEMENT Description Qty Unit Price Amount Preparation and notarization of simple affidavits (jurat) 4 PHP 1,000.00 PHP 4,000.00 Civil Case Acceptance - Municipal Trial Courts 4 PHP 50,000.00 PHP 200,000.00 Monthly Legal Retainer Fee 10 PHP 8,000.00 PHP 80,000.00 Individual Insolvency Proceedings 5 PHP 50,000.00 PHP 250,000.00 Partnership Agreement (per month) 10 PHP 9,951.00 PHP 99,510.00 Monthly Legal Retainer Fee 4 PHP 8,000.00 PHP 32,000.00 Preparation of Attorney's Letter 9 PHP 500.00 PHP 4,500.00 Subtotal: PHP 670,010.00",LEGAL_FEES,2
"Attention: Justin Barnes Date: June 13, 2000 Re: Multiple Legal Services (2 items) Please see the attached invoice for legal services below rendered by Hill Jones & Christensen Law Office Office. For any questions or clarifications, feel free to contact us. Thank you for your trust. BILLING STATEMENT Description Qty Unit Price Amount Non-Stock Articles & By-Laws Preparation 9 PHP 35,000.00 PHP 315,000.00 Agrarian Case - Landowner Representation 10 PHP 85,000.00 PHP 850,000.00 Subtotal: PHP 1,165,000.00",LEGAL_FEES,2
"Attention: Colton Brown Date: February 04, 2026 Re: Comprehensive Legal Services Package (6 items) Please see the attached invoice for legal services below rendered by Faulkner Clark & Walker Law Office Office. For any questions or clarifications, feel free to contact us. Thank you for your trust. BILLING STATEMENT Description Qty Unit Price Amount Correction of entries/Change of Name 4 PHP 40,000.00 PHP 160,000.00 Appellate Jurisdiction Agency Case 5 PHP 75,000.00 PHP 375,000.00 Articles of Incorporation and By-Laws Preparation 2 PHP 66,000.00 PHP 132,000.00 Agrarian Case - Tenant Representation 6 PHP 78,000.00 PHP 468,000.00 Civil Case Acceptance - Supreme Court 1 PHP 150,000.00 PHP 150,000.00 Appearance - Prosecutor's Office 6 PHP 10,500.00 PHP 63,000.00 Subtotal: PHP 1,348,000.00",LEGAL_FEES,2
"Attention: Carolyn Baker Date: August 09, 2002 Re: Multiple Legal Services (2 items) Please see the attached invoice for legal services below rendered by Harper Le & Tate Law Office Office. For any questions or clarifications, feel free to contact us. Thank you for your trust. BILLING STATEMENT Description Qty Unit Price Amount Reconstitution of Title 2 PHP 75,000.00 PHP 150,000.00 Monthly Legal Retainer Fee 10 PHP 8,000.00 PHP 80,000.00 Subtotal: PHP 230,000.00",LEGAL_FEES,2
"Attention: Tracy Small Date: January 25, 2013 Re: Multiple Legal Services (3 items) Please see the attached invoice for legal services below rendered by Cantrell Evans & Lambert Law Office Office. For any questions or clarifications, feel free to contact us. Thank you for your trust. BILLING STATEMENT Description Qty Unit Price Amount Change of Registered Agent/Office - Foreign 4 PHP 25,000.00 PHP 100,000.00 Business Insolvency Proceedings 4 PHP 25,000.00 PHP 100,000.00 Civil Case Acceptance - Municipal Trial Courts 2 PHP 50,000.00 PHP 100,000.00 Subtotal: PHP 300,000.00",LEGAL_FEES,2
"Attention: Gary Roman Date: January 04, 2018 Re: Multiple Legal Services (2 items) Please see the attached invoice for legal services below rendered by Jones Compton & Murillo Law Office Office. For any questions or clarifications, feel free to contact us. Thank you for your trust. BILLING STATEMENT Description Qty Unit Price Amount Research/Preliminary Study (per hour) 2 PHP 1,500.00 PHP 3,000.00 Civil Case Acceptance - Supreme Court 1 PHP 150,000.00 PHP 150,000.00 Subtotal: PHP 153,000.00",LEGAL_FEES,2
"Attention: Justin Barry Date: September 26, 2023 Re: Multiple Legal Services (3 items) Please see the attached invoice for legal services below rendered by Carlson Webb & Dennis Law Office Office. For any questions or clarifications, feel free to contact us. Thank you for your trust. BILLING STATEMENT Description Qty Unit Price Amount Patent/Copyright Registration 6 PHP 150,000.00 PHP 900,000.00 Preparation of contracts not involving sale 8 PHP 1,500.00 PHP 12,000.00 Non-Stock Articles & By-Laws Preparation 7 PHP 35,000.00 PHP 245,000.00 Subtotal: PHP 1,157,000.00",LEGAL_FEES,2
"Attention: Michael Phillips Date: January 16, 2019 Re: Comprehensive Legal Services Package (6 items) Please see the attached invoice for legal services below rendered by Jackson Bell & Cruz Law Office Office. For any questions or clarifications, feel free to contact us. Thank you for your trust. BILLING STATEMENT Description Qty Unit Price Amount Civil Case Acceptance - Court of Appeals 8 PHP 85,000.00 PHP 680,000.00 Monthly Legal Retainer Fee 6 PHP 8,000.00 PHP 48,000.00 Creditor's Claim Filing 2 PHP 10,000.00 PHP 20,000.00 Patent/Copyright Registration 4 PHP 150,000.00 PHP 600,000.00 Criminal Case Acceptance - Regional Trial Courts 7 PHP 75,000.00 PHP 525,000.00 Civil Case Acceptance - Court of Appeals 7 PHP 85,000.00 PHP 595,000.00 Subtotal: PHP 2,468,000.00",LEGAL_FEES,2
"Attention: Cynthia Fowler Date: April 12, 1999 Re: Multiple Legal Services (2 items) Please see the attached invoice for legal services below rendered by Tucker King & Mccormick Law Office Office. For any questions or clarifications, feel free to contact us. Thank you for your trust. BILLING STATEMENT Description Qty Unit Price Amount Civil Case Acceptance - Court of Appeals 1 PHP 85,000.00 PHP 85,000.00 Original Jurisdiction Agency Case 4 PHP 60,000.00 PHP 240,000.00 Subtotal: PHP 325,000.00",LEGAL_FEES,2
"Attention: Matthew Clarke Date: September 21, 2002 Re: Multiple Legal Services (3 items) Please see the attached invoice for legal services below rendered by Patterson Patel & Miller Law Office Office. For any questions or clarifications, feel free to contact us. Thank you for your trust. BILLING STATEMENT Description Qty Unit Price Amount Research/Preliminary Study (per hour) 8 PHP 1,500.00 PHP 12,000.00 Preparation and notarization of simple affidavits (jurat) 9 PHP 1,000.00 PHP 9,000.00 Preparation of contracts involving sale 1 PHP 9,584.00 PHP 9,584.00 Subtotal: PHP 30,584.00",LEGAL_FEES,2
"Attention: Shawn Fletcher Date: December 19, 2023 Re: Multiple Legal Services (3 items) Please see the attached invoice for legal services below rendered by Adams Johnson & Morris Law Office Office. For any questions or clarifications, feel free to contact us. Thank you for your trust. BILLING STATEMENT Description Qty Unit Price Amount Preparation of contracts not involving sale 2 PHP 1,500.00 PHP 3,000.00 Naturalization Proceedings 1 PHP 150,000.00 PHP 150,000.00 Preparation and notarization of simple affidavits (jurat) 1 PHP 1,000.00 PHP 1,000.00 Subtotal: PHP 154,000.00",LEGAL_FEES,2
"Attention: Joseph Wells Date: April 02, 2019 Re: Comprehensive Legal Services Package (4 items) Please see the attached invoice for legal services below rendered by Reynolds Mann & Richardson Law Office Office. For any questions or clarifications, feel free to contact us. Thank you for your trust. BILLING STATEMENT Description Qty Unit Price Amount Deed of Donation Preparation 10 PHP 130,436.00 PHP 1,304,360.00 Consultation with written advice (per hour or per page) 10 PHP 1,000.00 PHP 10,000.00 Testate/Intestate Proceedings with Opposition 4 PHP 951,691.00 PHP 3,806,764.00 Individual Insolvency Proceedings 6 PHP 50,000.00 PHP 300,000.00 Subtotal: PHP 5,421,124.00",LEGAL_FEES,2
"Attention: Natasha Higgins Date: January 29, 2025 Re: Multiple Legal Services (3 items) Please see the attached invoice for legal services below rendered by Johnson Santos & Oliver Law Office Office. For any questions or clarifications, feel free to contact us. Thank you for your trust. BILLING STATEMENT Description Qty Unit Price Amount Non-Stock Articles & By-Laws Preparation 5 PHP 35,000.00 PHP 175,000.00 Deed of Donation Preparation 9 PHP 98,833.00 PHP 889,497.00 Articles of Partnership Drafting 2 PHP 100,000.00 PHP 200,000.00 Subtotal: PHP 1,264,497.00",LEGAL_FEES,2
"Attention: Cynthia Lucas Date: September 27, 2025 Re: Multiple Legal Services (2 items) Please see the attached invoice for legal services below rendered by Roth Martinez & Miller Law Office Office. For any questions or clarifications, feel free to contact us. Thank you for your trust. BILLING STATEMENT Description Qty Unit Price Amount Trade Name Registration 9 PHP 10,000.00 PHP 90,000.00 Appellate Jurisdiction Agency Case 10 PHP 75,000.00 PHP 750,000.00 Subtotal: PHP 840,000.00",LEGAL_FEES,2
"Attention: Paige Perry Date: August 30, 2015 Re: Change of registered agent or office Please see the attached invoice for legal services below rendered by Wolfe Meyer & Moore Law Office Office. For any questions or clarifications, feel free to contact us. Thank you for your trust. BILLING STATEMENT Description Qty Unit Price Amount Change of Registered Agent/Office - Foreign 3 PHP 25,000.00 PHP 75,000.00 Subtotal: PHP 75,000.00",LEGAL_FEES,2
"Attention: Monica Smith Date: October 07, 1998 Re: Multiple Legal Services (2 items) Please see the attached invoice for legal services below rendered by Lee Adams & Garcia Law Office Office. For any questions or clarifications, feel free to contact us. Thank you for your trust. BILLING STATEMENT Description Qty Unit Price Amount Agrarian Case - Landowner Representation 2 PHP 100,000.00 PHP 200,000.00 Non-Stock Articles & By-Laws Preparation 3 PHP 35,000.00 PHP 105,000.00 Subtotal: PHP 305,000.00",LEGAL_FEES,2
"Attention: Deanna Henry Date: August 05, 1996 Re: Multiple Legal Services (2 items) Please see the attached invoice for legal services below rendered by Thompson Butler & Russell Law Office Office. For any questions or clarifications, feel free to contact us. Thank you for your trust. BILLING STATEMENT Description Qty Unit Price Amount Agrarian Case - Landowner Representation 3 PHP 100,000.00 PHP 300,000.00 Original Jurisdiction Agency Case 8 PHP 60,000.00 PHP 480,000.00 Subtotal: PHP 780,000.00",LEGAL_FEES,2
"Attention: Kevin Anderson Date: April 28, 2001 Re: Multiple Legal Services (2 items) Please see the attached invoice for legal services below rendered by Wall Davis & Hawkins Law Office Office. For any questions or clarifications, feel free to contact us. Thank you for your trust. BILLING STATEMENT Description Qty Unit Price Amount Stockholders Agreement/Voting Trust 10 PHP 30,000.00 PHP 300,000.00 Change of Registered Agent/Office - Foreign 6 PHP 25,000.00 PHP 150,000.00 Subtotal: PHP 450,000.00",LEGAL_FEES,2
"Attention: Tara Moore Date: October 19, 2017 Re: Multiple Legal Services (2 items) Please see the attached invoice for legal services below rendered by Watson Collins & Salinas Law Office Office. For any questions or clarifications, feel free to contact us. Thank you for your trust. BILLING STATEMENT Description Qty Unit Price Amount Partnership Agreement (per month) 6 PHP 8,799.00 PHP 52,794.00 Agrarian Case - Tenant Representation 4 PHP 78,000.00 PHP 312,000.00 Subtotal: PHP 364,794.00",LEGAL_FEES,2
"Attention: Yvette Hunt Date: February 26, 1999 Re: Multiple Legal Services (2 items) Please see the attached invoice for legal services below rendered by Baker Martinez & Alvarez Law Office Office. For any questions or clarifications, feel free to contact us. Thank you for your trust. BILLING STATEMENT Description Qty Unit Price Amount Withdrawal from Country Documents 2 PHP 35,000.00 PHP 70,000.00 Agrarian Case - Tenant Representation 10 PHP 76,000.00 PHP 760,000.00 Subtotal: PHP 830,000.00",LEGAL_FEES,2
"Attention: Andrew Acosta Date: March 05, 2013 Re: Comprehensive Legal Services Package (5 items) Please see the attached invoice for legal services below rendered by Nichols Bowen & Diaz Law Office Office. For any questions or clarifications, feel free to contact us. Thank you for your trust. BILLING STATEMENT Description Qty Unit Price Amount Agrarian Case - Landowner Representation 8 PHP 95,000.00 PHP 760,000.00 Monthly Legal Retainer Fee 2 PHP 8,000.00 PHP 16,000.00 Civil Case Acceptance - Court of Appeals 10 PHP 85,000.00 PHP 850,000.00 Non-Stock Articles & By-Laws Preparation 6 PHP 35,000.00 PHP 210,000.00 Original Jurisdiction Agency Case 2 PHP 60,000.00 PHP 120,000.00 Subtotal: PHP 1,956,000.00",LEGAL_FEES,2
"Attention: Spencer Wilson Date: October 27, 2017 Re: Multiple Legal Services (3 items) Please see the attached invoice for legal services below rendered by Johnson Schwartz & Horn Law Office Office. For any questions or clarifications, feel free to contact us. Thank you for your trust. BILLING STATEMENT Description Qty Unit Price Amount Non-Stock Articles & By-Laws Preparation 6 PHP 35,000.00 PHP 210,000.00 Partnership Dissolution 9 PHP 35,000.00 PHP 315,000.00 Civil Case Acceptance - Municipal Trial Courts 3 PHP 50,000.00 PHP 150,000.00 Subtotal: PHP 675,000.00",LEGAL_FEES,2
"Attention: Amanda Howe Date: February 16, 2013 Re: Comprehensive Legal Services Package (4 items) Please see the attached invoice for legal services below rendered by Brown Reese & Freeman Law Office Office. For any questions or clarifications, feel free to contact us. Thank you for your trust. BILLING STATEMENT Description Qty Unit Price Amount Criminal Case Acceptance - Supreme Court 9 PHP 150,000.00 PHP 1,350,000.00 Court Appearance - Sandiganbayan 8 PHP 35,000.00 PHP 280,000.00 Individual Insolvency Proceedings 6 PHP 50,000.00 PHP 300,000.00 Building Contract Review/Preparation 6 PHP 169,303.00 PHP 1,015,818.00 Subtotal: PHP 2,945,818.00",LEGAL_FEES,2
"Attention: Vanessa Parks Date: June 24, 2004 Re: Comprehensive Legal Services Package (7 items) Please see the attached invoice for legal services below rendered by Townsend Bishop & Avila Law Office Office. For any questions or clarifications, feel free to contact us. Thank you for your trust. BILLING STATEMENT Description Qty Unit Price Amount Trade Name Registration 5 PHP 10,000.00 PHP 50,000.00 Appearance - DOLE/POEA/NCMB 7 PHP 3,000.00 PHP 21,000.00 Non-Stock Articles & By-Laws Preparation 4 PHP 35,000.00 PHP 140,000.00 Reconstitution of Title 3 PHP 75,000.00 PHP 225,000.00 Stockholders Agreement/Voting Trust 4 PHP 30,000.00 PHP 120,000.00 Plain Consultation (per hour) 8 PHP 1,000.00 PHP 8,000.00 Criminal Case Acceptance - Supreme Court 5 PHP 150,000.00 PHP 750,000.00 Subtotal: PHP 1,314,000.00",LEGAL_FEES,2
"Attention: Mark Green Date: March 22, 2018 Re: Multiple Legal Services (3 items) Please see the attached invoice for legal services below rendered by Avery Thompson & Sandoval Law Office Office. For any questions or clarifications, feel free to contact us. Thank you for your trust. BILLING STATEMENT Description Qty Unit Price Amount Husband & Wife Insolvency (Additional) 10 PHP 30,000.00 PHP 300,000.00 Foreign Corp Registered Agent Documents 3 PHP 35,000.00 PHP 105,000.00 Monthly Legal Retainer Fee 8 PHP 8,000.00 PHP 64,000.00 Subtotal: PHP 469,000.00",LEGAL_FEES,2
"Attention: Rodney Johnson Date: August 08, 2009 Re: Comprehensive Legal Services Package (4 items) Please see the attached invoice for legal services below rendered by Pacheco Barrett & Holmes Law Office Office. For any questions or clarifications, feel free to contact us. Thank you for your trust. BILLING STATEMENT Description Qty Unit Price Amount Authority to Do Business in PH 3 PHP 35,000.00 PHP 105,000.00 Business Insolvency Proceedings 6 PHP 25,000.00 PHP 150,000.00 Preparation of contracts not involving sale 9 PHP 1,500.00 PHP 13,500.00 Husband & Wife Insolvency (Additional) 7 PHP 30,000.00 PHP 210,000.00 Subtotal: PHP 478,500.00",LEGAL_FEES,2
"Attention: Katherine Hawkins Date: April 10, 2008 Re: Multiple Legal Services (2 items) Please see the attached invoice for legal services below rendered by Anderson Blevins & Ho Law Office Office. For any questions or clarifications, feel free to contact us. Thank you for your trust. BILLING STATEMENT Description Qty Unit Price Amount Corporate Resolution Preparation 5 PHP 3,500.00 PHP 17,500.00 Criminal Case Acceptance - Supreme Court 1 PHP 150,000.00 PHP 150,000.00 Subtotal: PHP 167,500.00",LEGAL_FEES,2
"Attention: Amanda Wheeler Date: July 11, 1997 Re: Comprehensive Legal Services Package (6 items) Please see the attached invoice for legal services below rendered by Hill Harper & Mclaughlin Law Office Office. For any questions or clarifications, feel free to contact us. Thank you for your trust. BILLING STATEMENT Description Qty Unit Price Amount Criminal Case Acceptance - Municipal Trial Courts 2 PHP 50,000.00 PHP 100,000.00 Plain Consultation (per hour) 4 PHP 1,000.00 PHP 4,000.00 Articles of Incorporation and By-Laws Preparation 1 PHP 222,000.00 PHP 222,000.00 Withdrawal from Country Documents 3 PHP 35,000.00 PHP 105,000.00 Registered Agent Registration Documents 6 PHP 10,000.00 PHP 60,000.00 Non-Stock Articles & By-Laws Preparation 4 PHP 35,000.00 PHP 140,000.00 Subtotal: PHP 631,000.00",LEGAL_FEES,2
"Attention: Susan Curtis Date: January 28, 2023 Re: Comprehensive Legal Services Package (6 items) Please see the attached invoice for legal services below rendered by Morgan Anderson & Valentine Law Office Office. For any questions or clarifications, feel free to contact us. Thank you for your trust. BILLING STATEMENT Description Qty Unit Price Amount Monthly Legal Retainer Fee 4 PHP 8,000.00 PHP 32,000.00 Agrarian Case - Landowner Representation 5 PHP 85,000.00 PHP 425,000.00 Bond/Collateral/Indemnity Agreement 7 PHP 5,000.00 PHP 35,000.00 Patent/Copyright Registration 8 PHP 150,000.00 PHP 1,200,000.00 New Owner's Duplicate of Title 2 PHP 50,000.00 PHP 100,000.00 Bond/Collateral/Indemnity Agreement 4 PHP 5,000.00 PHP 20,000.00 Subtotal: PHP 1,812,000.00",LEGAL_FEES,2
"Attention: Kayla Sanchez Date: April 02, 2020 Re: Comprehensive Legal Services Package (4 items) Please see the attached invoice for legal services below rendered by Salazar Hunt & Shaw Law Office Office. For any questions or clarifications, feel free to contact us. Thank you for your trust. BILLING STATEMENT Description Qty Unit Price Amount Business Insolvency Proceedings 8 PHP 25,000.00 PHP 200,000.00 Original Jurisdiction Agency Case 5 PHP 60,000.00 PHP 300,000.00 Agrarian Case - Tenant Representation 2 PHP 78,000.00 PHP 156,000.00 Non-Stock Articles & By-Laws Preparation 4 PHP 35,000.00 PHP 140,000.00 Subtotal: PHP 796,000.00",LEGAL_FEES,2
"Attention: Michelle Santos Date: December 05, 2012 Re: Multiple Legal Services (2 items) Please see the attached invoice for legal services below rendered by Black Sanchez & Cline Law Office Office. For any questions or clarifications, feel free to contact us. Thank you for your trust. BILLING STATEMENT Description Qty Unit Price Amount Criminal Case Acceptance - Supreme Court 10 PHP 150,000.00 PHP 1,500,000.00 Testate/Intestate Proceedings with Opposition 1 PHP 288,762.00 PHP 288,762.00 Subtotal: PHP 1,788,762.00",LEGAL_FEES,2
"Attention: Nicholas Berry Date: February 02, 1997 Re: Comprehensive Legal Services Package (7 items) Please see the attached invoice for legal services below rendered by Davis Brown & Fox Law Office Office. For any questions or clarifications, feel free to contact us. Thank you for your trust. BILLING STATEMENT Description Qty Unit Price Amount Articles of Partnership Drafting 2 PHP 85,000.00 PHP 170,000.00 Non-Stock Articles & By-Laws Preparation 8 PHP 35,000.00 PHP 280,000.00 Trade Name Registration 4 PHP 10,000.00 PHP 40,000.00 Partnership Dissolution 5 PHP 35,000.00 PHP 175,000.00 Criminal Case Acceptance - Municipal Trial Courts 7 PHP 50,000.00 PHP 350,000.00 Deed of Donation Preparation 4 PHP 114,574.00 PHP 458,296.00 Eminent Domain/Expropriation Proceedings 4 PHP 351,365.00 PHP 1,405,460.00 Subtotal: PHP 2,878,756.00",LEGAL_FEES,2
"Attention: William Kemp Date: July 26, 2005 Re: Comprehensive Legal Services Package (4 items) Please see the attached invoice for legal services below rendered by Mcpherson Carney & Hoffman Law Office Office. For any questions or clarifications, feel free to contact us. Thank you for your trust. BILLING STATEMENT Description Qty Unit Price Amount Civil Case Acceptance - Court of Appeals 2 PHP 85,000.00 PHP 170,000.00 Criminal Case Acceptance - Municipal Trial Courts 10 PHP 50,000.00 PHP 500,000.00 Option to Purchase Real Estate 3 PHP 38,789.00 PHP 116,367.00 Corporate Resolution Preparation 5 PHP 3,500.00 PHP 17,500.00 Subtotal: PHP 803,867.00",LEGAL_FEES,2
"Attention: Hannah Jones Date: August 16, 2002 Re: Comprehensive Legal Services Package (7 items) Please see the attached invoice for legal services below rendered by Washington Black & Schroeder Law Office Office. For any questions or clarifications, feel free to contact us. Thank you for your trust. BILLING STATEMENT Description Qty Unit Price Amount Preparation and notarization of simple affidavits (jurat) 1 PHP 1,000.00 PHP 1,000.00 Creditor's Claim Filing 8 PHP 10,000.00 PHP 80,000.00 Agrarian Case - Landowner Representation 9 PHP 95,000.00 PHP 855,000.00 Agrarian Case - Landowner Representation 3 PHP 90,000.00 PHP 270,000.00 Election Case Representation 7 PHP 120,000.00 PHP 840,000.00 Option to Purchase Real Estate 1 PHP 274,896.00 PHP 274,896.00 Deed of Donation Preparation 10 PHP 69,040.00 PHP 690,400.00 Subtotal: PHP 3,011,296.00",LEGAL_FEES,2
"Attention: Jason Torres Date: November 26, 2022 Re: Comprehensive Legal Services Package (4 items) Please see the attached invoice for legal services below rendered by Lopez Mathews & Johnson Law Office Office. For any questions or clarifications, feel free to contact us. Thank you for your trust. BILLING STATEMENT Description Qty Unit Price Amount Articles of Partnership Drafting 1 PHP 90,000.00 PHP 90,000.00 Authentication of documents 9 PHP 200.00 PHP 1,800.00 Court Appearance - Municipal Trial Courts 5 PHP 8,000.00 PHP 40,000.00 Non-Stock Articles & By-Laws Preparation 3 PHP 35,000.00 PHP 105,000.00 Subtotal: PHP 236,800.00",LEGAL_FEES,2
"Attention: Scott Wagner Date: September 25, 2024 Re: Multiple Legal Services (3 items) Please see the attached invoice for legal services below rendered by Patrick Miller & Clark Law Office Office. For any questions or clarifications, feel free to contact us. Thank you for your trust. BILLING STATEMENT Description Qty Unit Price Amount Election Case Representation 4 PHP 120,000.00 PHP 480,000.00 Election Case Representation 2 PHP 120,000.00 PHP 240,000.00 Foreign Corp Registered Agent Documents 3 PHP 35,000.00 PHP 105,000.00 Subtotal: PHP 825,000.00",LEGAL_FEES,2
"Attention: Amber Thomas Date: September 02, 2024 Re: Multiple Legal Services (3 items) Please see the attached invoice for legal services below rendered by Faulkner Burns & Holloway Law Office Office. For any questions or clarifications, feel free to contact us. Thank you for your trust. BILLING STATEMENT Description Qty Unit Price Amount Immigration Services 10 PHP 50,000.00 PHP 500,000.00 Trade Name Registration 2 PHP 10,000.00 PHP 20,000.00 Non-Stock Articles & By-Laws Preparation 7 PHP 35,000.00 PHP 245,000.00 Subtotal: PHP 765,000.00",LEGAL_FEES,2
"Attention: Kyle Ortiz Date: February 15, 2015 Re: Comprehensive Legal Services Package (6 items) Please see the attached invoice for legal services below rendered by Barnes Fletcher & Castro Law Office Office. For any questions or clarifications, feel free to contact us. Thank you for your trust. BILLING STATEMENT Description Qty Unit Price Amount Preparation of Attorney's Letter 10 PHP 500.00 PHP 5,000.00 Withdrawal from Country Documents 1 PHP 35,000.00 PHP 35,000.00 Preparation and notarization of simple affidavits (jurat) 2 PHP 1,000.00 PHP 2,000.00 Appellate Jurisdiction Agency Case 1 PHP 75,000.00 PHP 75,000.00 Foreign Corp Registered Agent Documents 9 PHP 35,000.00 PHP 315,000.00 Preparation of Attorney's Letter 6 PHP 500.00 PHP 3,000.00 Subtotal: PHP 435,000.00",LEGAL_FEES,2
"Attention: Scott Clark Date: July 08, 2015 Re: Comprehensive Legal Services Package (5 items) Please see the attached invoice for legal services below rendered by Morrison Perez & Levine Law Office Office. For any questions or clarifications, feel free to contact us. Thank you for your trust. BILLING STATEMENT Description Qty Unit Price Amount Court Appearance - Regional Trial Courts 4 PHP 3,500.00 PHP 14,000.00 Agrarian Case - Landowner Representation 3 PHP 95,000.00 PHP 285,000.00 Patent/Copyright Registration 4 PHP 150,000.00 PHP 600,000.00 Option to Purchase Real Estate 9 PHP 239,396.00 PHP 2,154,564.00 Criminal Case Acceptance - Court of Appeals 10 PHP 85,000.00 PHP 850,000.00 Subtotal: PHP 3,903,564.00",LEGAL_FEES,2
"Attention: William Moon Date: August 09, 2007 Re: Comprehensive Legal Services Package (4 items) Please see the attached invoice for legal services below rendered by Lucas Perez & Sellers Law Office Office. For any questions or clarifications, feel free to contact us. Thank you for your trust. BILLING STATEMENT Description Qty Unit Price Amount Non-Stock Articles & By-Laws Preparation 6 PHP 35,000.00 PHP 210,000.00 Change of Registered Agent/Office - Foreign 8 PHP 25,000.00 PHP 200,000.00 Foreign Corp Registered Agent Documents 7 PHP 35,000.00 PHP 245,000.00 Stockholders Agreement/Voting Trust 7 PHP 30,000.00 PHP 210,000.00 Subtotal: PHP 865,000.00",LEGAL_FEES,2
"Attention: Amanda Ayala Date: January 29, 1999 Re: Multiple Legal Services (3 items) Please see the attached invoice for legal services below rendered by Phelps Mann & Pena Law Office Office. For any questions or clarifications, feel free to contact us. Thank you for your trust. BILLING STATEMENT Description Qty Unit Price Amount Appellate Jurisdiction Agency Case 9 PHP 75,000.00 PHP 675,000.00 Non-Stock Articles & By-Laws Preparation 1 PHP 35,000.00 PHP 35,000.00 Monthly Legal Retainer Fee 9 PHP 8,000.00 PHP 72,000.00 Subtotal: PHP 782,000.00",LEGAL_FEES,2
"Attention: William Barnett Date: April 15, 2005 Re: Comprehensive Legal Services Package (4 items) Please see the attached invoice for legal services below rendered by Nelson Graham & Bentley Law Office Office. For any questions or clarifications, feel free to contact us. Thank you for your trust. BILLING STATEMENT Description Qty Unit Price Amount Partnership Agreement (per month) 7 PHP 8,544.00 PHP 59,808.00 Monthly Legal Retainer Fee 5 PHP 8,000.00 PHP 40,000.00 CBA Preparation & Acknowledgement 10 PHP 30,000.00 PHP 300,000.00 Building Contract Review/Preparation 10 PHP 67,743.00 PHP 677,430.00 Subtotal: PHP 1,077,238.00",LEGAL_FEES,2
"Attention: Stephanie Parker Date: September 10, 2014 Re: Comprehensive Legal Services Package (4 items) Please see the attached invoice for legal services below rendered by Murray Hill & Rodriguez Law Office Office. For any questions or clarifications, feel free to contact us. Thank you for your trust. BILLING STATEMENT Description Qty Unit Price Amount Monthly Legal Retainer Fee 3 PHP 8,000.00 PHP 24,000.00 Criminal Case Acceptance - Municipal Trial Courts 1 PHP 50,000.00 PHP 50,000.00 Option to Purchase Real Estate 6 PHP 139,316.00 PHP 835,896.00 Change of Registered Agent/Office - Foreign 8 PHP 25,000.00 PHP 200,000.00 Subtotal: PHP 1,109,896.00",LEGAL_FEES,2
"Attention: Robert Williams Date: January 28, 2005 Re: Multiple Legal Services (3 items) Please see the attached invoice for legal services below rendered by Clark Johnson & Gonzalez Law Office Office. For any questions or clarifications, feel free to contact us. Thank you for your trust. BILLING STATEMENT Description Qty Unit Price Amount Bond/Collateral/Indemnity Agreement 5 PHP 5,000.00 PHP 25,000.00 Preparation of contracts involving sale 8 PHP 53,158.00 PHP 425,264.00 Criminal Case Acceptance - Supreme Court 6 PHP 150,000.00 PHP 900,000.00 Subtotal: PHP 1,350,264.00",LEGAL_FEES,2
"Attention: William Washington Date: May 01, 2010 Re: Comprehensive Legal Services Package (7 items) Please see the attached invoice for legal services below rendered by Rojas Cooper & Lowe Law Office Office. For any questions or clarifications, feel free to contact us. Thank you for your trust. BILLING STATEMENT Description Qty Unit Price Amount Original Jurisdiction Agency Case 10 PHP 60,000.00 PHP 600,000.00 Non-Stock Articles & By-Laws Preparation 5 PHP 35,000.00 PHP 175,000.00 Agrarian Case - Landowner Representation 1 PHP 85,000.00 PHP 85,000.00 Appellate Jurisdiction Agency Case 9 PHP 75,000.00 PHP 675,000.00 Civil Case Acceptance - Supreme Court 4 PHP 150,000.00 PHP 600,000.00 Preparation of contracts not involving sale 5 PHP 1,500.00 PHP 7,500.00 Articles of Partnership Drafting 2 PHP 75,000.00 PHP 150,000.00 Subtotal: PHP 2,292,500.00",LEGAL_FEES,2
"Attention: Christopher Snyder Date: March 29, 2022 Re: Multiple Legal Services (3 items) Please see the attached invoice for legal services below rendered by Robinson Davis & Hawkins Law Office Office. For any questions or clarifications, feel free to contact us. Thank you for your trust. BILLING STATEMENT Description Qty Unit Price Amount Foreign Corp Registered Agent Documents 8 PHP 35,000.00 PHP 280,000.00 Preparation of contracts not involving sale 8 PHP 1,500.00 PHP 12,000.00 Civil Case Acceptance - Municipal Trial Courts 5 PHP 50,000.00 PHP 250,000.00 Subtotal: PHP 542,000.00",LEGAL_FEES,2
"Attention: Ronald Hubbard Date: September 05, 2007 Re: Comprehensive Legal Services Package (7 items) Please see the attached invoice for legal services below rendered by Day Diaz & Ponce Law Office Office. For any questions or clarifications, feel free to contact us. Thank you for your trust. BILLING STATEMENT Description Qty Unit Price Amount Land Registration (with Opposition) 9 PHP 282,363.00 PHP 2,541,267.00 Civil Case Acceptance - Court of Appeals 6 PHP 85,000.00 PHP 510,000.00 Monthly Legal Retainer Fee 8 PHP 8,000.00 PHP 64,000.00 Criminal Case Acceptance - Municipal Trial Courts 4 PHP 50,000.00 PHP 200,000.00 Building Contract Review/Preparation 10 PHP 272,493.00 PHP 2,724,930.00 Criminal Case Acceptance - Municipal Trial Courts 1 PHP 50,000.00 PHP 50,000.00 Articles of Partnership Drafting 8 PHP 70,000.00 PHP 560,000.00 Subtotal: PHP 6,650,197.00",LEGAL_FEES,2
"Attention: Lauren Baker Date: February 14, 2006 Re: Comprehensive Legal Services Package (7 items) Please see the attached invoice for legal services below rendered by Gallagher Gonzalez & Henry Law Office Office. For any questions or clarifications, feel free to contact us. Thank you for your trust. BILLING STATEMENT Description Qty Unit Price Amount Withdrawal from Country Documents 8 PHP 35,000.00 PHP 280,000.00 Court Appearance - Sandiganbayan 3 PHP 10,000.00 PHP 30,000.00 Land Registration (Without Opposition) 5 PHP 111,362.00 PHP 556,810.00 Testate/Intestate Proceedings with Opposition 6 PHP 477,636.00 PHP 2,865,816.00 Monthly Legal Retainer Fee 1 PHP 8,000.00 PHP 8,000.00 Agrarian Case - Tenant Representation 9 PHP 76,000.00 PHP 684,000.00 Court Appearance - Supreme Court 6 PHP 5,000.00 PHP 30,000.00 Subtotal: PHP 4,454,626.00",LEGAL_FEES,2
"Attention: Joshua Greer Date: October 10, 2010 Re: Multiple Legal Services (3 items) Please see the attached invoice for legal services below rendered by Lane Vasquez & Dickson Law Office Office. For any questions or clarifications, feel free to contact us. Thank you for your trust. BILLING STATEMENT Description Qty Unit Price Amount Court Appearance - Regional Trial Courts 3 PHP 1,500.00 PHP 4,500.00 Criminal Case Acceptance - Court of Appeals 2 PHP 85,000.00 PHP 170,000.00 Appellate Jurisdiction Agency Case 7 PHP 75,000.00 PHP 525,000.00 Subtotal: PHP 699,500.00",LEGAL_FEES,2
"Attention: Crystal Johnson Date: July 28, 2007 Re: Comprehensive Legal Services Package (7 items) Please see the attached invoice for legal services below rendered by James Villanueva & Herman Law Office Office. For any questions or clarifications, feel free to contact us. Thank you for your trust. BILLING STATEMENT Description Qty Unit Price Amount Non-Stock Articles & By-Laws Preparation 7 PHP 35,000.00 PHP 245,000.00 Non-Stock Articles & By-Laws Preparation 8 PHP 35,000.00 PHP 280,000.00 Agrarian Case - Tenant Representation 10 PHP 80,000.00 PHP 800,000.00 Plain Consultation (per hour) 1 PHP 1,000.00 PHP 1,000.00 Agrarian Case - Landowner Representation 4 PHP 90,000.00 PHP 360,000.00 Consultation with written advice (per hour or per page) 9 PHP 1,000.00 PHP 9,000.00 Immigration Services 3 PHP 50,000.00 PHP 150,000.00 Subtotal: PHP 1,845,000.00",LEGAL_FEES,2
"Attention: Charles Simmons Date: October 08, 1999 Re: Comprehensive Legal Services Package (5 items) Please see the attached invoice for legal services below rendered by Francis Myers & Richardson Law Office Office. For any questions or clarifications, feel free to contact us. Thank you for your trust. BILLING STATEMENT Description Qty Unit Price Amount Original Jurisdiction Agency Case 2 PHP 60,000.00 PHP 120,000.00 Criminal Case Acceptance - Municipal Trial Courts 1 PHP 50,000.00 PHP 50,000.00 Option to Purchase Real Estate 5 PHP 147,815.00 PHP 739,075.00 Testate/Intestate Proceedings without Opposition 6 PHP 416,680.00 PHP 2,500,080.00 Civil Case Acceptance - Supreme Court 4 PHP 150,000.00 PHP 600,000.00 Subtotal: PHP 4,009,155.00",LEGAL_FEES,2
"Attention: Jessica Greene Date: February 02, 2020 Re: Comprehensive Legal Services Package (4 items) Please see the attached invoice for legal services below rendered by Bird Evans & Mendez Law Office Office. For any questions or clarifications, feel free to contact us. Thank you for your trust. BILLING STATEMENT Description Qty Unit Price Amount Criminal Case Acceptance - Municipal Trial Courts 4 PHP 50,000.00 PHP 200,000.00 Criminal Case Acceptance - Supreme Court 8 PHP 150,000.00 PHP 1,200,000.00 Civil Case Acceptance - Court of Appeals 3 PHP 85,000.00 PHP 255,000.00 Motion to Discharge Preparation 9 PHP 25,000.00 PHP 225,000.00 Subtotal: PHP 1,880,000.00",LEGAL_FEES,2
"Attention: Patrick Fuller Date: November 16, 2006 Re: Multiple Legal Services (2 items) Please see the attached invoice for legal services below rendered by Steele Snyder & Evans Law Office Office. For any questions or clarifications, feel free to contact us. Thank you for your trust. BILLING STATEMENT Description Qty Unit Price Amount Trade Name Registration 9 PHP 10,000.00 PHP 90,000.00 Building Contract Review/Preparation 8 PHP 198,534.00 PHP 1,588,272.00 Subtotal: PHP 1,678,272.00",LEGAL_FEES,2
"Attention: Dale Allen Date: August 23, 1995 Re: Comprehensive Legal Services Package (6 items) Please see the attached invoice for legal services below rendered by Mora Yang & Hardin Law Office Office. For any questions or clarifications, feel free to contact us. Thank you for your trust. BILLING STATEMENT Description Qty Unit Price Amount Civil Case Acceptance - Court of Appeals 6 PHP 85,000.00 PHP 510,000.00 Preparation of contracts involving sale 9 PHP 16,732.00 PHP 150,588.00 Agrarian Case - Landowner Representation 4 PHP 95,000.00 PHP 380,000.00 Criminal Case Acceptance - Regional Trial Courts 5 PHP 75,000.00 PHP 375,000.00 Deed of Donation Preparation 10 PHP 61,717.00 PHP 617,170.00 Option to Purchase Real Estate 6 PHP 189,506.00 PHP 1,137,036.00 Subtotal: PHP 3,169,794.00",LEGAL_FEES,2
"Attention: William Ellis Date: December 14, 2017 Re: Comprehensive Legal Services Package (5 items) Please see the attached invoice for legal services below rendered by Schwartz Foster & Baldwin Law Office Office. For any questions or clarifications, feel free to contact us. Thank you for your trust. BILLING STATEMENT Description Qty Unit Price Amount Election Case Representation 6 PHP 120,000.00 PHP 720,000.00 New Owner's Duplicate of Title 10 PHP 50,000.00 PHP 500,000.00 Non-Stock Articles & By-Laws Preparation 1 PHP 35,000.00 PHP 35,000.00 Plain Consultation (per hour) 7 PHP 1,000.00 PHP 7,000.00 Change of Registered Agent/Office 5 PHP 5,000.00 PHP 25,000.00 Subtotal: PHP 1,287,000.00",LEGAL_FEES,2
"Attention: Catherine Chandler Date: January 30, 2003 Re: Multiple Legal Services (3 items) Please see the attached invoice for legal services below rendered by Paul Mcguire & Cherry Law Office Office. For any questions or clarifications, feel free to contact us. Thank you for your trust. BILLING STATEMENT Description Qty Unit Price Amount Building Contract Review/Preparation 4 PHP 103,595.00 PHP 414,380.00 Consultation with written advice (per hour or per page) 10 PHP 1,000.00 PHP 10,000.00 Preparation of Attorney's Letter 8 PHP 500.00 PHP 4,000.00 Subtotal: PHP 428,380.00",LEGAL_FEES,2
"Attention: Carla Castro Date: March 09, 2000 Re: Comprehensive Legal Services Package (7 items) Please see the attached invoice for legal services below rendered by Andrews Parker & Torres Law Office Office. For any questions or clarifications, feel free to contact us. Thank you for your trust. BILLING STATEMENT Description Qty Unit Price Amount Non-Stock Articles & By-Laws Preparation 2 PHP 35,000.00 PHP 70,000.00 Trade Name Registration 7 PHP 10,000.00 PHP 70,000.00 Building Contract Review/Preparation 9 PHP 215,067.00 PHP 1,935,603.00 Domestic Adoption Proceedings 2 PHP 75,000.00 PHP 150,000.00 Research/Preliminary Study (per hour) 3 PHP 1,500.00 PHP 4,500.00 Authority to Do Business in PH 2 PHP 35,000.00 PHP 70,000.00 Partnership Agreement (per month) 10 PHP 9,330.00 PHP 93,300.00 Subtotal: PHP 2,393,403.00",LEGAL_FEES,2
"Attention: Donald Myers Date: July 22, 2017 Re: Multiple Legal Services (2 items) Please see the attached invoice for legal services below rendered by Harris Estes & Escobar Law Office Office. For any questions or clarifications, feel free to contact us. Thank you for your trust. BILLING STATEMENT Description Qty Unit Price Amount Articles of Partnership Drafting 9 PHP 80,000.00 PHP 720,000.00 Partnership Dissolution 2 PHP 35,000.00 PHP 70,000.00 Subtotal: PHP 790,000.00",LEGAL_FEES,2
"Attention: Michael Nelson Date: December 05, 1999 Re: Comprehensive Legal Services Package (7 items) Please see the attached invoice for legal services below rendered by Harris Prince & Nielsen Law Office Office. For any questions or clarifications, feel free to contact us. Thank you for your trust. BILLING STATEMENT Description Qty Unit Price Amount Appellate Jurisdiction Agency Case 2 PHP 75,000.00 PHP 150,000.00 Appellate Jurisdiction Agency Case 9 PHP 75,000.00 PHP 675,000.00 Mortgage Release/Extension 10 PHP 3,000.00 PHP 30,000.00 Appearance - Labor Arbiter 1 PHP 7,000.00 PHP 7,000.00 Civil Case Acceptance - Supreme Court 10 PHP 150,000.00 PHP 1,500,000.00 Business Insolvency Proceedings 5 PHP 25,000.00 PHP 125,000.00 Bond/Collateral/Indemnity Agreement 4 PHP 5,000.00 PHP 20,000.00 Subtotal: PHP 2,507,000.00",LEGAL_FEES,2
"Attention: Benjamin Acevedo Date: April 05, 1997 Re: Comprehensive Legal Services Package (5 items) Please see the attached invoice for legal services below rendered by Wolfe Howard & Smith Law Office Office. For any questions or clarifications, feel free to contact us. Thank you for your trust. BILLING STATEMENT Description Qty Unit Price Amount Corporate Reports Filing Preparation 7 PHP 6,000.00 PHP 42,000.00 Court Appearance - Ombudsman 1 PHP 12,000.00 PHP 12,000.00 Criminal Case Acceptance - Supreme Court 9 PHP 150,000.00 PHP 1,350,000.00 Appearance - DOLE/POEA/NCMB 1 PHP 2,500.00 PHP 2,500.00 Trade Name Registration 1 PHP 10,000.00 PHP 10,000.00 Subtotal: PHP 1,416,500.00",LEGAL_FEES,2
"Attention: Jeffrey Booth Date: January 20, 1997 Re: Comprehensive Legal Services Package (5 items) Please see the attached invoice for legal services below rendered by Wolfe Adams & Hanna Law Office Office. For any questions or clarifications, feel free to contact us. Thank you for your trust. BILLING STATEMENT Description Qty Unit Price Amount Criminal Case Acceptance - Municipal Trial Courts 7 PHP 50,000.00 PHP 350,000.00 Foreign Corp Registered Agent Documents 7 PHP 35,000.00 PHP 245,000.00 Correction of entries/Change of Name 7 PHP 40,000.00 PHP 280,000.00 Criminal Case Acceptance - Regional Trial Courts 5 PHP 75,000.00 PHP 375,000.00 Civil Case Acceptance - Regional Trial Courts 10 PHP 75,000.00 PHP 750,000.00 Subtotal: PHP 2,000,000.00",LEGAL_FEES,2
"Attention: Scott Mcbride Date: November 04, 2004 Re: Preparation and notarization of simple affidavits (jurat) Please see the attached invoice for legal services below rendered by Vincent Stokes & Simmons Law Office Office. For any questions or clarifications, feel free to contact us. Thank you for your trust. BILLING STATEMENT Description Qty Unit Price Amount Preparation and notarization of simple affidavits (jurat) 7 PHP 1,000.00 PHP 7,000.00 Subtotal: PHP 7,000.00",LEGAL_FEES,2
"Attention: Michael Ross Date: November 14, 2004 Re: Multiple Legal Services (3 items) Please see the attached invoice for legal services below rendered by Smith Barton & Stewart Law Office Office. For any questions or clarifications, feel free to contact us. Thank you for your trust. BILLING STATEMENT Description Qty Unit Price Amount Agrarian Case - Tenant Representation 2 PHP 78,000.00 PHP 156,000.00 Civil Case Acceptance - Regional Trial Courts 9 PHP 75,000.00 PHP 675,000.00 Appearance - Prosecutor's Office 4 PHP 4,500.00 PHP 18,000.00 Subtotal: PHP 849,000.00",LEGAL_FEES,2
"Attention: Heather Harris Date: August 15, 2019 Re: Multiple Legal Services (3 items) Please see the attached invoice for legal services below rendered by Salinas Costa & Ashley Law Office Office. For any questions or clarifications, feel free to contact us. Thank you for your trust. BILLING STATEMENT Description Qty Unit Price Amount Motion to Discharge Preparation 6 PHP 25,000.00 PHP 150,000.00 Research/Preliminary Study (per hour) 7 PHP 1,500.00 PHP 10,500.00 Appearance - Prosecutor's Office 4 PHP 9,000.00 PHP 36,000.00 Subtotal: PHP 196,500.00",LEGAL_FEES,2
"Attention: Susan Faulkner Date: November 02, 1999 Re: Comprehensive Legal Services Package (4 items) Please see the attached invoice for legal services below rendered by Campos Harrison & Smith Law Office Office. For any questions or clarifications, feel free to contact us. Thank you for your trust. BILLING STATEMENT Description Qty Unit Price Amount Agrarian Case - Tenant Representation 9 PHP 79,000.00 PHP 711,000.00 Preparation of contracts not involving sale 5 PHP 1,500.00 PHP 7,500.00 Appellate Jurisdiction Agency Case 9 PHP 75,000.00 PHP 675,000.00 Business Insolvency Proceedings 10 PHP 25,000.00 PHP 250,000.00 Subtotal: PHP 1,643,500.00",LEGAL_FEES,2
"Attention: Melanie Ramirez Date: August 13, 2021 Re: Multiple Legal Services (3 items) Please see the attached invoice for legal services below rendered by Mann Cantrell & Hill Law Office Office. For any questions or clarifications, feel free to contact us. Thank you for your trust. BILLING STATEMENT Description Qty Unit Price Amount Appellate Jurisdiction Agency Case 10 PHP 75,000.00 PHP 750,000.00 Non-Stock Articles & By-Laws Preparation 10 PHP 35,000.00 PHP 350,000.00 Individual Insolvency Proceedings 3 PHP 50,000.00 PHP 150,000.00 Subtotal: PHP 1,250,000.00",LEGAL_FEES,2
"Attention: Dominique Rosales Date: January 05, 2004 Re: Authority to do business in the Philippines Please see the attached invoice for legal services below rendered by Rhodes Roberts & Anderson Law Office Office. For any questions or clarifications, feel free to contact us. Thank you for your trust. BILLING STATEMENT Description Qty Unit Price Amount Authority to Do Business in PH 6 PHP 35,000.00 PHP 210,000.00 Subtotal: PHP 210,000.00",LEGAL_FEES,2
"Attention: Steven Hunt Date: December 28, 2018 Re: Comprehensive Legal Services Package (7 items) Please see the attached invoice for legal services below rendered by Williams Johnson & Tanner Law Office Office. For any questions or clarifications, feel free to contact us. Thank you for your trust. BILLING STATEMENT Description Qty Unit Price Amount Articles of Incorporation and By-Laws Preparation 6 PHP 130,000.00 PHP 780,000.00 Criminal Case Acceptance - Court of Appeals 4 PHP 85,000.00 PHP 340,000.00 Appellate Jurisdiction Agency Case 5 PHP 75,000.00 PHP 375,000.00 Agrarian Case - Landowner Representation 3 PHP 95,000.00 PHP 285,000.00 Non-Stock Articles & By-Laws Preparation 8 PHP 35,000.00 PHP 280,000.00 Corporate Charter Amendment 8 PHP 30,000.00 PHP 240,000.00 Land Registration (with Opposition) 4 PHP 960,361.00 PHP 3,841,444.00 Subtotal: PHP 6,141,444.00",LEGAL_FEES,2
"Attention: Austin Salazar Date: November 21, 1996 Re: Comprehensive Legal Services Package (7 items) Please see the attached invoice for legal services below rendered by Booth Myers & Berger Law Office Office. For any questions or clarifications, feel free to contact us. Thank you for your trust. BILLING STATEMENT Description Qty Unit Price Amount Criminal Case Acceptance - Regional Trial Courts 2 PHP 75,000.00 PHP 150,000.00 Monthly Legal Retainer Fee 1 PHP 8,000.00 PHP 8,000.00 Court Appearance - Municipal Trial Courts 5 PHP 2,500.00 PHP 12,500.00 Appearance - OMB 9 PHP 3,000.00 PHP 27,000.00 Original Jurisdiction Agency Case 5 PHP 60,000.00 PHP 300,000.00 Intercountry Adoption Proceedings 5 PHP 150,000.00 PHP 750,000.00 Court Appearance - Sandiganbayan 7 PHP 25,000.00 PHP 175,000.00 Subtotal: PHP 1,422,500.00",LEGAL_FEES,2
"Attention: Laura Gordon Date: April 21, 2001 Re: Registration of trade name Please see the attached invoice for legal services below rendered by Edwards Pacheco & Cox Law Office Office. For any questions or clarifications, feel free to contact us. Thank you for your trust. BILLING STATEMENT Description Qty Unit Price Amount Trade Name Registration 5 PHP 10,000.00 PHP 50,000.00 Subtotal: PHP 50,000.00",LEGAL_FEES,2
"Attention: Jason Marshall Date: September 01, 2024 Re: Comprehensive Legal Services Package (5 items) Please see the attached invoice for legal services below rendered by Smith Davis & Griffin Law Office Office. For any questions or clarifications, feel free to contact us. Thank you for your trust. BILLING STATEMENT Description Qty Unit Price Amount Criminal Case Acceptance - Regional Trial Courts 6 PHP 75,000.00 PHP 450,000.00 Preparation of contracts involving sale 1 PHP 76,888.00 PHP 76,888.00 Bond/Collateral/Indemnity Agreement 6 PHP 5,000.00 PHP 30,000.00 Articles of Partnership Drafting 7 PHP 35,000.00 PHP 245,000.00 Individual Insolvency Proceedings 9 PHP 50,000.00 PHP 450,000.00 Subtotal: PHP 1,251,888.00",LEGAL_FEES,2
"Attention: Joe Fritz Date: October 12, 2022 Re: Multiple Legal Services (3 items) Please see the attached invoice for legal services below rendered by Williams Fields & Williams Law Office Office. For any questions or clarifications, feel free to contact us. Thank you for your trust. BILLING STATEMENT Description Qty Unit Price Amount Consultation with written advice (per hour or per page) 5 PHP 1,000.00 PHP 5,000.00 Civil Case Acceptance - Regional Trial Courts 9 PHP 75,000.00 PHP 675,000.00 Withdrawal from Country Documents 1 PHP 35,000.00 PHP 35,000.00 Subtotal: PHP 715,000.00",LEGAL_FEES,2
"Attention: Dana Smith Date: November 19, 2003 Re: Authority to do business in the Philippines Please see the attached invoice for legal services below rendered by Bowen Williams & Boyd Law Office Office. For any questions or clarifications, feel free to contact us. Thank you for your trust. BILLING STATEMENT Description Qty Unit Price Amount Authority to Do Business in PH 1 PHP 35,000.00 PHP 35,000.00 Subtotal: PHP 35,000.00",LEGAL_FEES,2
"Attention: Brandon Perry Date: October 14, 2025 Re: Multiple Legal Services (2 items) Please see the attached invoice for legal services below rendered by Gardner Snow & Torres Law Office Office. For any questions or clarifications, feel free to contact us. Thank you for your trust. BILLING STATEMENT Description Qty Unit Price Amount Original Jurisdiction Agency Case 10 PHP 60,000.00 PHP 600,000.00 Plain Consultation (per hour) 1 PHP 1,000.00 PHP 1,000.00 Subtotal: PHP 601,000.00",LEGAL_FEES,2
"Attention: Justin Robinson Date: December 29, 2025 Re: Comprehensive Legal Services Package (4 items) Please see the attached invoice for legal services below rendered by Rodriguez Jones & Lee Law Office Office. For any questions or clarifications, feel free to contact us. Thank you for your trust. BILLING STATEMENT Description Qty Unit Price Amount Immigration Services 8 PHP 50,000.00 PHP 400,000.00 Non-Stock Articles & By-Laws Preparation 10 PHP 35,000.00 PHP 350,000.00 Change of Registered Agent/Office - Foreign 7 PHP 25,000.00 PHP 175,000.00 Civil Case Acceptance - Supreme Court 1 PHP 150,000.00 PHP 150,000.00 Subtotal: PHP 1,075,000.00",LEGAL_FEES,2
"Attention: Maria Miller Date: March 19, 2004 Re: Comprehensive Legal Services Package (5 items) Please see the attached invoice for legal services below rendered by Jones Davis & Ortiz Law Office Office. For any questions or clarifications, feel free to contact us. Thank you for your trust. BILLING STATEMENT Description Qty Unit Price Amount Appearance - Other Administrative Agencies 1 PHP 4,500.00 PHP 4,500.00 Articles of Partnership Drafting 2 PHP 85,000.00 PHP 170,000.00 Husband & Wife Insolvency (Additional) 4 PHP 30,000.00 PHP 120,000.00 Original Jurisdiction Agency Case 8 PHP 60,000.00 PHP 480,000.00 Criminal Case Acceptance - Court of Appeals 10 PHP 85,000.00 PHP 850,000.00 Subtotal: PHP 1,624,500.00",LEGAL_FEES,2
"Attention: Bonnie Blake Date: December 17, 2012 Re: Comprehensive Legal Services Package (4 items) Please see the attached invoice for legal services below rendered by Salazar Nielsen & Wade Law Office Office. For any questions or clarifications, feel free to contact us. Thank you for your trust. BILLING STATEMENT Description Qty Unit Price Amount Monthly Legal Retainer Fee 2 PHP 8,000.00 PHP 16,000.00 Appellate Jurisdiction Agency Case 4 PHP 75,000.00 PHP 300,000.00 Partnership Dissolution 6 PHP 35,000.00 PHP 210,000.00 Agrarian Case - Tenant Representation 10 PHP 78,000.00 PHP 780,000.00 Subtotal: PHP 1,306,000.00",LEGAL_FEES,2
"Attention: Emily Turner Date: June 16, 2011 Re: Multiple Legal Services (2 items) Please see the attached invoice for legal services below rendered by Conner Hawkins & Reese Law Office Office. For any questions or clarifications, feel free to contact us. Thank you for your trust. BILLING STATEMENT Description Qty Unit Price Amount Non-Stock Articles & By-Laws Preparation 5 PHP 35,000.00 PHP 175,000.00 Criminal Case Acceptance - Court of Appeals 7 PHP 85,000.00 PHP 595,000.00 Subtotal: PHP 770,000.00",LEGAL_FEES,2
"Attention: Kristen Clark Date: June 13, 2016 Re: Comprehensive Legal Services Package (5 items) Please see the attached invoice for legal services below rendered by Jackson Carlson & Frey Law Office Office. For any questions or clarifications, feel free to contact us. Thank you for your trust. BILLING STATEMENT Description Qty Unit Price Amount Corporate Charter Amendment 6 PHP 30,000.00 PHP 180,000.00 Preparation of contracts not involving sale 1 PHP 1,500.00 PHP 1,500.00 Civil Case Acceptance - Court of Appeals 8 PHP 85,000.00 PHP 680,000.00 Non-Stock Articles & By-Laws Preparation 10 PHP 35,000.00 PHP 350,000.00 Creditor's Claim Filing 5 PHP 10,000.00 PHP 50,000.00 Subtotal: PHP 1,261,500.00",LEGAL_FEES,2
"Attention: Jessica Prince Date: April 28, 2003 Re: Comprehensive Legal Services Package (4 items) Please see the attached invoice for legal services below rendered by Taylor Mitchell & Stanley Law Office Office. For any questions or clarifications, feel free to contact us. Thank you for your trust. BILLING STATEMENT Description Qty Unit Price Amount Non-Stock Articles & By-Laws Preparation 5 PHP 35,000.00 PHP 175,000.00 Non-Stock Articles & By-Laws Preparation 2 PHP 35,000.00 PHP 70,000.00 Naturalization Proceedings 3 PHP 150,000.00 PHP 450,000.00 Appellate Jurisdiction Agency Case 10 PHP 75,000.00 PHP 750,000.00 Subtotal: PHP 1,445,000.00",LEGAL_FEES,2
"Attention: Mary Ortega Date: October 05, 2014 Re: Comprehensive Legal Services Package (4 items) Please see the attached invoice for legal services below rendered by Patel Brewer & Morris Law Office Office. For any questions or clarifications, feel free to contact us. Thank you for your trust. BILLING STATEMENT Description Qty Unit Price Amount Preparation and notarization of simple affidavits (jurat) 9 PHP 1,000.00 PHP 9,000.00 Partnership Dissolution 3 PHP 35,000.00 PHP 105,000.00 Plain Consultation (per hour) 1 PHP 1,000.00 PHP 1,000.00 Original Jurisdiction Agency Case 6 PHP 60,000.00 PHP 360,000.00 Subtotal: PHP 475,000.00",LEGAL_FEES,2
"Attention: Dana Stephens Date: March 09, 1999 Re: Multiple Legal Services (2 items) Please see the attached invoice for legal services below rendered by Morgan Mueller & Beck Law Office Office. For any questions or clarifications, feel free to contact us. Thank you for your trust. BILLING STATEMENT Description Qty Unit Price Amount Individual Insolvency Proceedings 3 PHP 50,000.00 PHP 150,000.00 Partnership Dissolution 2 PHP 35,000.00 PHP 70,000.00 Subtotal: PHP 220,000.00",LEGAL_FEES,2
"Attention: Hannah Morgan Date: December 11, 1998 Re: Comprehensive Legal Services Package (5 items) Please see the attached invoice for legal services below rendered by Fitzgerald Brown & Morris Law Office Office. For any questions or clarifications, feel free to contact us. Thank you for your trust. BILLING STATEMENT Description Qty Unit Price Amount Original Jurisdiction Agency Case 7 PHP 60,000.00 PHP 420,000.00 Land Registration (with Opposition) 1 PHP 904,474.00 PHP 904,474.00 Articles of Partnership Drafting 4 PHP 50,000.00 PHP 200,000.00 Eminent Domain/Expropriation Proceedings 2 PHP 296,108.00 PHP 592,216.00 Research/Preliminary Study (per hour) 8 PHP 1,500.00 PHP 12,000.00 Subtotal: PHP 2,128,690.00",LEGAL_FEES,2
"Attention: Kathleen Zuniga Date: December 22, 2008 Re: Multiple Legal Services (2 items) Please see the attached invoice for legal services below rendered by King Elliott & Mora Law Office Office. For any questions or clarifications, feel free to contact us. Thank you for your trust. BILLING STATEMENT Description Qty Unit Price Amount Foreign Corp Registered Agent Documents 3 PHP 35,000.00 PHP 105,000.00 Trade Name Registration 6 PHP 10,000.00 PHP 60,000.00 Subtotal: PHP 165,000.00",LEGAL_FEES,2
"Attention: Patricia Simpson Date: December 17, 1999 Re: Comprehensive Legal Services Package (5 items) Please see the attached invoice for legal services below rendered by Cook Mcguire & Lamb Law Office Office. For any questions or clarifications, feel free to contact us. Thank you for your trust. BILLING STATEMENT Description Qty Unit Price Amount Preparation of contracts not involving sale 6 PHP 1,500.00 PHP 9,000.00 Agrarian Case - Landowner Representation 9 PHP 85,000.00 PHP 765,000.00 Articles of Partnership Drafting 10 PHP 95,000.00 PHP 950,000.00 Partnership Dissolution 8 PHP 35,000.00 PHP 280,000.00 Civil Case Acceptance - Supreme Court 6 PHP 150,000.00 PHP 900,000.00 Subtotal: PHP 2,904,000.00",LEGAL_FEES,2
"Attention: Karen Foster Date: January 28, 2016 Re: Comprehensive Legal Services Package (6 items) Please see the attached invoice for legal services below rendered by Blake Lee & Grant Law Office Office. For any questions or clarifications, feel free to contact us. Thank you for your trust. BILLING STATEMENT Description Qty Unit Price Amount Immigration Services 5 PHP 50,000.00 PHP 250,000.00 Partnership Dissolution 5 PHP 35,000.00 PHP 175,000.00 Appearance - Prosecutor's Office 8 PHP 3,500.00 PHP 28,000.00 Agrarian Case - Landowner Representation 1 PHP 90,000.00 PHP 90,000.00 Original Jurisdiction Agency Case 10 PHP 60,000.00 PHP 600,000.00 Agrarian Case - Landowner Representation 2 PHP 80,000.00 PHP 160,000.00 Subtotal: PHP 1,303,000.00",LEGAL_FEES,2
"Attention: Debra Salazar Date: June 20, 2009 Re: Comprehensive Legal Services Package (7 items) Please see the attached invoice for legal services below rendered by Wagner Green & Lewis Law Office Office. For any questions or clarifications, feel free to contact us. Thank you for your trust. BILLING STATEMENT Description Qty Unit Price Amount Criminal Case Acceptance - Supreme Court 2 PHP 150,000.00 PHP 300,000.00 Authentication of documents 2 PHP 300.00 PHP 600.00 Articles of Incorporation and By-Laws Preparation 9 PHP 38,000.00 PHP 342,000.00 Civil Case Acceptance - Municipal Trial Courts 5 PHP 50,000.00 PHP 250,000.00 Articles of Partnership Drafting 1 PHP 80,000.00 PHP 80,000.00 Bond/Collateral/Indemnity Agreement 10 PHP 5,000.00 PHP 50,000.00 Criminal Case Acceptance - Court of Appeals 1 PHP 85,000.00 PHP 85,000.00 Subtotal: PHP 1,107,600.00",LEGAL_FEES,2
"Attention: Erin Freeman Date: August 30, 2005 Re: Comprehensive Legal Services Package (7 items) Please see the attached invoice for legal services below rendered by Craig Lee & Neal Law Office Office. For any questions or clarifications, feel free to contact us. Thank you for your trust. BILLING STATEMENT Description Qty Unit Price Amount Authentication of documents 6 PHP 500.00 PHP 3,000.00 Agrarian Case - Tenant Representation 5 PHP 78,000.00 PHP 390,000.00 Foreign Corp Registered Agent Documents 2 PHP 35,000.00 PHP 70,000.00 Monthly Legal Retainer Fee 10 PHP 8,000.00 PHP 80,000.00 Agrarian Case - Landowner Representation 1 PHP 100,000.00 PHP 100,000.00 Appearance - Other Administrative Agencies 2 PHP 3,500.00 PHP 7,000.00 Corporate Charter Amendment 5 PHP 30,000.00 PHP 150,000.00 Subtotal: PHP 800,000.00",LEGAL_FEES,2
"Attention: Deborah Johnson Date: March 29, 2021 Re: Comprehensive Legal Services Package (7 items) Please see the attached invoice for legal services below rendered by Blair Dougherty & Wells Law Office Office. For any questions or clarifications, feel free to contact us. Thank you for your trust. BILLING STATEMENT Description Qty Unit Price Amount Corporate Resolution Preparation 2 PHP 3,500.00 PHP 7,000.00 Non-Stock Articles & By-Laws Preparation 10 PHP 35,000.00 PHP 350,000.00 Monthly Legal Retainer Fee 4 PHP 8,000.00 PHP 32,000.00 Mortgage Release/Extension 2 PHP 3,000.00 PHP 6,000.00 Non-Stock Articles & By-Laws Preparation 9 PHP 35,000.00 PHP 315,000.00 Authority to Do Business in PH 3 PHP 35,000.00 PHP 105,000.00 Change of Registered Agent/Office - Foreign 4 PHP 25,000.00 PHP 100,000.00 Subtotal: PHP 915,000.00",LEGAL_FEES,2
"Attention: Christopher Daniels Date: February 07, 2003 Re: Comprehensive Legal Services Package (7 items) Please see the attached invoice for legal services below rendered by Williams Waller & Brown Law Office Office. For any questions or clarifications, feel free to contact us. Thank you for your trust. BILLING STATEMENT Description Qty Unit Price Amount Individual Insolvency Proceedings 7 PHP 50,000.00 PHP 350,000.00 Agrarian Case - Landowner Representation 3 PHP 100,000.00 PHP 300,000.00 CBA Preparation & Acknowledgement 1 PHP 30,000.00 PHP 30,000.00 Preparation of Attorney's Letter 1 PHP 500.00 PHP 500.00 Monthly Legal Retainer Fee 9 PHP 8,000.00 PHP 72,000.00 Reconstitution of Title 4 PHP 75,000.00 PHP 300,000.00 Civil Case Acceptance - Court of Appeals 6 PHP 85,000.00 PHP 510,000.00 Subtotal: PHP 1,562,500.00",LEGAL_FEES,2
"Attention: Rebecca Snow Date: July 25, 1999 Re: Comprehensive Legal Services Package (5 items) Please see the attached invoice for legal services below rendered by Coleman Meyer & Roberson Law Office Office. For any questions or clarifications, feel free to contact us. Thank you for your trust. BILLING STATEMENT Description Qty Unit Price Amount Withdrawal from Country Documents 9 PHP 35,000.00 PHP 315,000.00 Civil Case Acceptance - Regional Trial Courts 1 PHP 75,000.00 PHP 75,000.00 Individual Insolvency Proceedings 10 PHP 50,000.00 PHP 500,000.00 Monthly Legal Retainer Fee 10 PHP 8,000.00 PHP 80,000.00 Non-Stock Articles & By-Laws Preparation 3 PHP 35,000.00 PHP 105,000.00 Subtotal: PHP 1,075,000.00",LEGAL_FEES,2
"Attention: Timothy Lewis Date: June 21, 2003 Re: Comprehensive Legal Services Package (5 items) Please see the attached invoice for legal services below rendered by Oliver Pennington & Wells Law Office Office. For any questions or clarifications, feel free to contact us. Thank you for your trust. BILLING STATEMENT Description Qty Unit Price Amount Civil Case Acceptance - Municipal Trial Courts 5 PHP 50,000.00 PHP 250,000.00 Partnership Agreement (per month) 1 PHP 8,068.00 PHP 8,068.00 Monthly Legal Retainer Fee 6 PHP 8,000.00 PHP 48,000.00 Change of Registered Agent/Office - Foreign 4 PHP 25,000.00 PHP 100,000.00 Criminal Case Acceptance - Supreme Court 2 PHP 150,000.00 PHP 300,000.00 Subtotal: PHP 706,068.00",LEGAL_FEES,2
"Attention: Tony Russell Date: December 04, 2017 Re: Comprehensive Legal Services Package (6 items) Please see the attached invoice for legal services below rendered by Jones Jensen & Davis Law Office Office. For any questions or clarifications, feel free to contact us. Thank you for your trust. BILLING STATEMENT Description Qty Unit Price Amount Appellate Jurisdiction Agency Case 7 PHP 75,000.00 PHP 525,000.00 Original Jurisdiction Agency Case 8 PHP 60,000.00 PHP 480,000.00 Testate/Intestate Proceedings with Opposition 5 PHP 901,645.00 PHP 4,508,225.00 New Owner's Duplicate of Title 10 PHP 50,000.00 PHP 500,000.00 Bond/Collateral/Indemnity Agreement 4 PHP 5,000.00 PHP 20,000.00 Motion to Discharge Preparation 3 PHP 25,000.00 PHP 75,000.00 Subtotal: PHP 6,108,225.00",LEGAL_FEES,2
"Attention: Kathy Mathis Date: March 18, 1998 Re: Multiple Legal Services (2 items) Please see the attached invoice for legal services below rendered by Roman Salazar & Fields Law Office Office. For any questions or clarifications, feel free to contact us. Thank you for your trust. BILLING STATEMENT Description Qty Unit Price Amount Building Contract Review/Preparation 10 PHP 290,232.00 PHP 2,902,320.00 Civil Case Acceptance - Supreme Court 9 PHP 150,000.00 PHP 1,350,000.00 Subtotal: PHP 4,252,320.00",LEGAL_FEES,2
"Attention: Charles Morgan Date: February 21, 2009 Re: Comprehensive Legal Services Package (7 items) Please see the attached invoice for legal services below rendered by Day Miller & Stevens Law Office Office. For any questions or clarifications, feel free to contact us. Thank you for your trust. BILLING STATEMENT Description Qty Unit Price Amount Non-Stock Articles & By-Laws Preparation 5 PHP 35,000.00 PHP 175,000.00 Civil Case Acceptance - Regional Trial Courts 10 PHP 75,000.00 PHP 750,000.00 Trade Name Registration 1 PHP 10,000.00 PHP 10,000.00 Civil Case Acceptance - Municipal Trial Courts 7 PHP 50,000.00 PHP 350,000.00 Trade Name Registration 7 PHP 10,000.00 PHP 70,000.00 Appearance - DOLE/POEA/NCMB 8 PHP 2,500.00 PHP 20,000.00 Civil Case Acceptance - Supreme Court 10 PHP 150,000.00 PHP 1,500,000.00 Subtotal: PHP 2,875,000.00",LEGAL_FEES,2
"Attention: Joshua Cruz Date: January 29, 2021 Re: Comprehensive Legal Services Package (6 items) Please see the attached invoice for legal services below rendered by Sanchez Ramirez & Booker Law Office Office. For any questions or clarifications, feel free to contact us. Thank you for your trust. BILLING STATEMENT Description Qty Unit Price Amount Original Jurisdiction Agency Case 4 PHP 60,000.00 PHP 240,000.00 Creditor's Claim Filing 5 PHP 10,000.00 PHP 50,000.00 Monthly Legal Retainer Fee 1 PHP 8,000.00 PHP 8,000.00 Partnership Agreement (per month) 10 PHP 9,350.00 PHP 93,500.00 Appellate Jurisdiction Agency Case 9 PHP 75,000.00 PHP 675,000.00 Business Insolvency Proceedings 10 PHP 25,000.00 PHP 250,000.00 Subtotal: PHP 1,316,500.00",LEGAL_FEES,2
"Attention: Spencer Byrd Date: January 02, 2003 Re: Multiple Legal Services (3 items) Please see the attached invoice for legal services below rendered by Johnson Archer & Taylor Law Office Office. For any questions or clarifications, feel free to contact us. Thank you for your trust. BILLING STATEMENT Description Qty Unit Price Amount Criminal Case Acceptance - Municipal Trial Courts 7 PHP 50,000.00 PHP 350,000.00 Agrarian Case - Landowner Representation 2 PHP 100,000.00 PHP 200,000.00 Testate/Intestate Proceedings without Opposition 10 PHP 101,417.00 PHP 1,014,170.00 Subtotal: PHP 1,564,170.00",LEGAL_FEES,2
"Attention: David Joseph Date: May 05, 2004 Re: Comprehensive Legal Services Package (6 items) Please see the attached invoice for legal services below rendered by Pierce Montes & Griffin Law Office Office. For any questions or clarifications, feel free to contact us. Thank you for your trust. BILLING STATEMENT Description Qty Unit Price Amount Non-Stock Articles & By-Laws Preparation 9 PHP 35,000.00 PHP 315,000.00 Research/Preliminary Study (per hour) 1 PHP 1,500.00 PHP 1,500.00 Criminal Case Acceptance - Municipal Trial Courts 3 PHP 50,000.00 PHP 150,000.00 Appellate Jurisdiction Agency Case 9 PHP 75,000.00 PHP 675,000.00 Original Jurisdiction Agency Case 4 PHP 60,000.00 PHP 240,000.00 Court Appearance - Supreme Court 8 PHP 35,000.00 PHP 280,000.00 Subtotal: PHP 1,661,500.00",LEGAL_FEES,2
"Attention: Crystal Newman Date: June 02, 2008 Re: Comprehensive Legal Services Package (6 items) Please see the attached invoice for legal services below rendered by Ashley Fletcher & Wilkins Law Office Office. For any questions or clarifications, feel free to contact us. Thank you for your trust. BILLING STATEMENT Description Qty Unit Price Amount Monthly Legal Retainer Fee 8 PHP 8,000.00 PHP 64,000.00 Appearance - OMB 4 PHP 7,500.00 PHP 30,000.00 Monthly Legal Retainer Fee 5 PHP 8,000.00 PHP 40,000.00 Criminal Case Acceptance - Court of Appeals 4 PHP 85,000.00 PHP 340,000.00 Original Jurisdiction Agency Case 8 PHP 60,000.00 PHP 480,000.00 Authority to Do Business in PH 4 PHP 35,000.00 PHP 140,000.00 Subtotal: PHP 1,094,000.00",LEGAL_FEES,2
"Attention: Debbie Richards Date: August 05, 1998 Re: Comprehensive Legal Services Package (7 items) Please see the attached invoice for legal services below rendered by Hale Shaw & George Law Office Office. For any questions or clarifications, feel free to contact us. Thank you for your trust. BILLING STATEMENT Description Qty Unit Price Amount Preparation of contracts not involving sale 1 PHP 1,500.00 PHP 1,500.00 Monthly Legal Retainer Fee 4 PHP 8,000.00 PHP 32,000.00 Business Insolvency Proceedings 9 PHP 25,000.00 PHP 225,000.00 Court Appearance - Ombudsman 6 PHP 9,000.00 PHP 54,000.00 Court Appearance - Municipal Trial Courts 6 PHP 2,500.00 PHP 15,000.00 Stockholders Agreement/Voting Trust 5 PHP 30,000.00 PHP 150,000.00 Original Jurisdiction Agency Case 7 PHP 60,000.00 PHP 420,000.00 Subtotal: PHP 897,500.00",LEGAL_FEES,2
"Attention: Benjamin Glenn Date: August 29, 2018 Re: Comprehensive Legal Services Package (4 items) Please see the attached invoice for legal services below rendered by Archer Hanna & Wilson Law Office Office. For any questions or clarifications, feel free to contact us. Thank you for your trust. BILLING STATEMENT Description Qty Unit Price Amount Agrarian Case - Tenant Representation 6 PHP 79,000.00 PHP 474,000.00 Mortgage Release/Extension 8 PHP 3,000.00 PHP 24,000.00 Monthly Legal Retainer Fee 8 PHP 8,000.00 PHP 64,000.00 Original Jurisdiction Agency Case 2 PHP 60,000.00 PHP 120,000.00 Subtotal: PHP 682,000.00",LEGAL_FEES,2
"Attention: Timothy Perez Date: February 08, 2006 Re: Comprehensive Legal Services Package (6 items) Please see the attached invoice for legal services below rendered by Rodriguez Mendez & Davenport Law Office Office. For any questions or clarifications, feel free to contact us. Thank you for your trust. BILLING STATEMENT Description Qty Unit Price Amount Original Jurisdiction Agency Case 8 PHP 60,000.00 PHP 480,000.00 Civil Case Acceptance - Regional Trial Courts 7 PHP 75,000.00 PHP 525,000.00 Appearance - Prosecutor's Office 9 PHP 4,500.00 PHP 40,500.00 Agrarian Case - Landowner Representation 2 PHP 100,000.00 PHP 200,000.00 Criminal Case Acceptance - Court of Appeals 6 PHP 85,000.00 PHP 510,000.00 Agrarian Case - Landowner Representation 3 PHP 95,000.00 PHP 285,000.00 Subtotal: PHP 2,040,500.00",LEGAL_FEES,2
"Attention: Marc Castillo Date: January 30, 2023 Re: Comprehensive Legal Services Package (5 items) Please see the attached invoice for legal services below rendered by Willis Leblanc & Burns Law Office Office. For any questions or clarifications, feel free to contact us. Thank you for your trust. BILLING STATEMENT Description Qty Unit Price Amount Monthly Legal Retainer Fee 8 PHP 8,000.00 PHP 64,000.00 Agrarian Case - Tenant Representation 3 PHP 80,000.00 PHP 240,000.00 Testate/Intestate Proceedings without Opposition 6 PHP 102,886.00 PHP 617,316.00 Research/Preliminary Study (per hour) 6 PHP 1,500.00 PHP 9,000.00 Monthly Legal Retainer Fee 1 PHP 8,000.00 PHP 8,000.00 Subtotal: PHP 938,316.00",LEGAL_FEES,2
"Attention: Erika Booth Date: April 21, 2025 Re: Multiple Legal Services (3 items) Please see the attached invoice for legal services below rendered by Walker Schmitt & Byrd Law Office Office. For any questions or clarifications, feel free to contact us. Thank you for your trust. BILLING STATEMENT Description Qty Unit Price Amount Eminent Domain/Expropriation Proceedings 7 PHP 332,737.00 PHP 2,329,159.00 Preparation of contracts involving sale 7 PHP 126,458.00 PHP 885,206.00 Appellate Jurisdiction Agency Case 10 PHP 75,000.00 PHP 750,000.00 Subtotal: PHP 3,964,365.00",LEGAL_FEES,2
"Attention: Joseph Jones Date: May 20, 2001 Re: Comprehensive Legal Services Package (7 items) Please see the attached invoice for legal services below rendered by Hunter Hernandez & Stone Law Office Office. For any questions or clarifications, feel free to contact us. Thank you for your trust. BILLING STATEMENT Description Qty Unit Price Amount Civil Case Acceptance - Supreme Court 7 PHP 150,000.00 PHP 1,050,000.00 Eminent Domain/Expropriation Proceedings 1 PHP 203,971.00 PHP 203,971.00 Monthly Legal Retainer Fee 10 PHP 8,000.00 PHP 80,000.00 Original Jurisdiction Agency Case 3 PHP 60,000.00 PHP 180,000.00 Non-Stock Articles & By-Laws Preparation 10 PHP 35,000.00 PHP 350,000.00 Eminent Domain/Expropriation Proceedings 2 PHP 307,106.00 PHP 614,212.00 Election Case Representation 3 PHP 120,000.00 PHP 360,000.00 Subtotal: PHP 2,838,183.00",LEGAL_FEES,2
"Attention: Scott Salazar Date: February 23, 2024 Re: Multiple Legal Services (2 items) Please see the attached invoice for legal services below rendered by Bowman Russell & Jensen Law Office Office. For any questions or clarifications, feel free to contact us. Thank you for your trust. BILLING STATEMENT Description Qty Unit Price Amount Appearance - DOLE/POEA/NCMB 3 PHP 2,500.00 PHP 7,500.00 Original Jurisdiction Agency Case 5 PHP 60,000.00 PHP 300,000.00 Subtotal: PHP 307,500.00",LEGAL_FEES,2
"Attention: Christine Meyer Date: August 07, 2021 Re: Comprehensive Legal Services Package (7 items) Please see the attached invoice for legal services below rendered by Green Kelly & Wilson Law Office Office. For any questions or clarifications, feel free to contact us. Thank you for your trust. BILLING STATEMENT Description Qty Unit Price Amount Monthly Legal Retainer Fee 10 PHP 8,000.00 PHP 80,000.00 Agrarian Case - Tenant Representation 7 PHP 79,000.00 PHP 553,000.00 Appearance - OMB 9 PHP 12,000.00 PHP 108,000.00 Original Jurisdiction Agency Case 10 PHP 60,000.00 PHP 600,000.00 Monthly Legal Retainer Fee 2 PHP 8,000.00 PHP 16,000.00 Husband & Wife Insolvency (Additional) 2 PHP 30,000.00 PHP 60,000.00 Creditor's Claim Filing 8 PHP 10,000.00 PHP 80,000.00 Subtotal: PHP 1,497,000.00",LEGAL_FEES,2
"Attention: Erica Castillo Date: March 04, 2010 Re: Comprehensive Legal Services Package (5 items) Please see the attached invoice for legal services below rendered by Campbell Peterson & Decker Law Office Office. For any questions or clarifications, feel free to contact us. Thank you for your trust. BILLING STATEMENT Description Qty Unit Price Amount Appellate Jurisdiction Agency Case 9 PHP 75,000.00 PHP 675,000.00 Civil Case Acceptance - Municipal Trial Courts 1 PHP 50,000.00 PHP 50,000.00 Criminal Case Acceptance - Regional Trial Courts 10 PHP 75,000.00 PHP 750,000.00 Withdrawal from Country Documents 1 PHP 35,000.00 PHP 35,000.00 Husband & Wife Insolvency (Additional) 4 PHP 30,000.00 PHP 120,000.00 Subtotal: PHP 1,630,000.00",LEGAL_FEES,2
"Attention: Michael Pacheco Date: July 23, 2020 Re: Comprehensive Legal Services Package (7 items) Please see the attached invoice for legal services below rendered by Woods Thornton & Gonzalez Law Office Office. For any questions or clarifications, feel free to contact us. Thank you for your trust. BILLING STATEMENT Description Qty Unit Price Amount Non-Stock Articles & By-Laws Preparation 2 PHP 35,000.00 PHP 70,000.00 CBA Preparation & Acknowledgement 5 PHP 30,000.00 PHP 150,000.00 Articles of Partnership Drafting 4 PHP 65,000.00 PHP 260,000.00 Court Appearance - Ombudsman 10 PHP 10,000.00 PHP 100,000.00 Correction of entries/Change of Name 10 PHP 40,000.00 PHP 400,000.00 Consultation with written advice (per hour or per page) 7 PHP 1,000.00 PHP 7,000.00 Agrarian Case - Landowner Representation 8 PHP 95,000.00 PHP 760,000.00 Subtotal: PHP 1,747,000.00",LEGAL_FEES,2
"Attention: Nicole Grant Date: December 08, 2015 Re: Comprehensive Legal Services Package (7 items) Please see the attached invoice for legal services below rendered by Ewing Solis & Lewis Law Office Office. For any questions or clarifications, feel free to contact us. Thank you for your trust. BILLING STATEMENT Description Qty Unit Price Amount Monthly Legal Retainer Fee 9 PHP 8,000.00 PHP 72,000.00 Civil Case Acceptance - Court of Appeals 2 PHP 85,000.00 PHP 170,000.00 Civil Case Acceptance - Municipal Trial Courts 9 PHP 50,000.00 PHP 450,000.00 Trade Name Registration 7 PHP 10,000.00 PHP 70,000.00 Change of Registered Agent/Office 7 PHP 5,000.00 PHP 35,000.00 Authority to Do Business in PH 4 PHP 35,000.00 PHP 140,000.00 Monthly Legal Retainer Fee 5 PHP 8,000.00 PHP 40,000.00 Subtotal: PHP 977,000.00",LEGAL_FEES,2
"Attention: Timothy Gill Date: July 11, 2010 Re: Multiple Legal Services (3 items) Please see the attached invoice for legal services below rendered by Henry Coleman & Watson Law Office Office. For any questions or clarifications, feel free to contact us. Thank you for your trust. BILLING STATEMENT Description Qty Unit Price Amount Civil Case Acceptance - Municipal Trial Courts 2 PHP 50,000.00 PHP 100,000.00 Corporate Reports Filing Preparation 2 PHP 6,000.00 PHP 12,000.00 Civil Case Acceptance - Court of Appeals 1 PHP 85,000.00 PHP 85,000.00 Subtotal: PHP 197,000.00",LEGAL_FEES,2
"Attention: Terri Walker Date: May 09, 2021 Re: Comprehensive Legal Services Package (5 items) Please see the attached invoice for legal services below rendered by Rivera Singleton & West Law Office Office. For any questions or clarifications, feel free to contact us. Thank you for your trust. BILLING STATEMENT Description Qty Unit Price Amount Eminent Domain/Expropriation Proceedings 7 PHP 106,074.00 PHP 742,518.00 Appearance - Labor Arbiter 1 PHP 2,000.00 PHP 2,000.00 CBA Negotiation and Execution 9 PHP 50,000.00 PHP 450,000.00 Foreign Corp Registered Agent Documents 3 PHP 35,000.00 PHP 105,000.00 Building Contract Review/Preparation 1 PHP 37,927.00 PHP 37,927.00 Subtotal: PHP 1,337,445.00",LEGAL_FEES,2
"Attention: Andrew Williams Date: September 07, 2007 Re: Comprehensive Legal Services Package (4 items) Please see the attached invoice for legal services below rendered by Cannon Cervantes & Chang Law Office Office. For any questions or clarifications, feel free to contact us. Thank you for your trust. BILLING STATEMENT Description Qty Unit Price Amount Articles of Incorporation and By-Laws Preparation 5 PHP 46,000.00 PHP 230,000.00 Foreign Corp Registered Agent Documents 6 PHP 35,000.00 PHP 210,000.00 Monthly Legal Retainer Fee 7 PHP 8,000.00 PHP 56,000.00 Preparation of contracts not involving sale 6 PHP 1,500.00 PHP 9,000.00 Subtotal: PHP 505,000.00",LEGAL_FEES,2
"Attention: Jeffrey Ellis Date: May 04, 2011 Re: Comprehensive Legal Services Package (6 items) Please see the attached invoice for legal services below rendered by Brown Smith & Anderson Law Office Office. For any questions or clarifications, feel free to contact us. Thank you for your trust. BILLING STATEMENT Description Qty Unit Price Amount Trade Name Registration 7 PHP 10,000.00 PHP 70,000.00 Original Jurisdiction Agency Case 9 PHP 60,000.00 PHP 540,000.00 Consultation with written advice (per hour or per page) 2 PHP 2,000.00 PHP 4,000.00 Civil Case Acceptance - Court of Appeals 4 PHP 85,000.00 PHP 340,000.00 Non-Stock Articles & By-Laws Preparation 9 PHP 35,000.00 PHP 315,000.00 Court Appearance - Municipal Trial Courts 6 PHP 2,500.00 PHP 15,000.00 Subtotal: PHP 1,284,000.00",LEGAL_FEES,2
"Attention: Amy Alexander Date: April 10, 2003 Re: Multiple Legal Services (3 items) Please see the attached invoice for legal services below rendered by Cardenas Conway & Doyle Law Office Office. For any questions or clarifications, feel free to contact us. Thank you for your trust. BILLING STATEMENT Description Qty Unit Price Amount Research/Preliminary Study (per hour) 8 PHP 1,500.00 PHP 12,000.00 Option to Purchase Real Estate 6 PHP 104,545.00 PHP 627,270.00 Preparation of contracts involving sale 6 PHP 109,332.00 PHP 655,992.00 Subtotal: PHP 1,295,262.00",LEGAL_FEES,2
"Attention: Margaret Johnson Date: September 16, 1995 Re: Comprehensive Legal Services Package (6 items) Please see the attached invoice for legal services below rendered by Butler Fuller & Collins Law Office Office. For any questions or clarifications, feel free to contact us. Thank you for your trust. BILLING STATEMENT Description Qty Unit Price Amount Non-Stock Articles & By-Laws Preparation 10 PHP 35,000.00 PHP 350,000.00 Agrarian Case - Tenant Representation 5 PHP 80,000.00 PHP 400,000.00 Civil Case Acceptance - Supreme Court 3 PHP 150,000.00 PHP 450,000.00 Partnership Agreement (per month) 1 PHP 8,173.00 PHP 8,173.00 Monthly Legal Retainer Fee 8 PHP 8,000.00 PHP 64,000.00 Monthly Legal Retainer Fee 1 PHP 8,000.00 PHP 8,000.00 Subtotal: PHP 1,280,173.00",LEGAL_FEES,2
"Attention: Michael Anderson Date: July 15, 2021 Re: Comprehensive Legal Services Package (7 items) Please see the attached invoice for legal services below rendered by Phillips Sandoval & Wagner Law Office Office. For any questions or clarifications, feel free to contact us. Thank you for your trust. BILLING STATEMENT Description Qty Unit Price Amount Court Appearance - Ombudsman 9 PHP 10,000.00 PHP 90,000.00 Individual Insolvency Proceedings 9 PHP 50,000.00 PHP 450,000.00 Trade Name Registration 10 PHP 10,000.00 PHP 100,000.00 Immigration Services 7 PHP 50,000.00 PHP 350,000.00 Trade Name Registration 5 PHP 10,000.00 PHP 50,000.00 Withdrawal from Country Documents 3 PHP 35,000.00 PHP 105,000.00 Monthly Legal Retainer Fee 4 PHP 8,000.00 PHP 32,000.00 Subtotal: PHP 1,177,000.00",LEGAL_FEES,2
"Attention: Charles Mays Date: October 30, 2013 Re: Comprehensive Legal Services Package (6 items) Please see the attached invoice for legal services below rendered by Hill Foster & Hull Law Office Office. For any questions or clarifications, feel free to contact us. Thank you for your trust. BILLING STATEMENT Description Qty Unit Price Amount Criminal Case Acceptance - Municipal Trial Courts 5 PHP 50,000.00 PHP 250,000.00 Bond/Collateral/Indemnity Agreement 1 PHP 5,000.00 PHP 5,000.00 Non-Stock Articles & By-Laws Preparation 6 PHP 35,000.00 PHP 210,000.00 Testate/Intestate Proceedings without Opposition 5 PHP 353,507.00 PHP 1,767,535.00 New Owner's Duplicate of Title 1 PHP 50,000.00 PHP 50,000.00 Business Insolvency Proceedings 2 PHP 25,000.00 PHP 50,000.00 Subtotal: PHP 2,332,535.00",LEGAL_FEES,2
"Attention: Brianna Griffin Date: March 27, 2008 Re: Multiple Legal Services (3 items) Please see the attached invoice for legal services below rendered by Diaz Cooley & Nelson Law Office Office. For any questions or clarifications, feel free to contact us. Thank you for your trust. BILLING STATEMENT Description Qty Unit Price Amount Criminal Case Acceptance - Supreme Court 10 PHP 150,000.00 PHP 1,500,000.00 Agrarian Case - Landowner Representation 5 PHP 100,000.00 PHP 500,000.00 Eminent Domain/Expropriation Proceedings 8 PHP 430,723.00 PHP 3,445,784.00 Subtotal: PHP 5,445,784.00",LEGAL_FEES,2
"Attention: Jennifer Watson Date: October 30, 2025 Re: Comprehensive Legal Services Package (5 items) Please see the attached invoice for legal services below rendered by Lee Brooks & Curtis Law Office Office. For any questions or clarifications, feel free to contact us. Thank you for your trust. BILLING STATEMENT Description Qty Unit Price Amount Preparation of contracts involving sale 1 PHP 20,262.00 PHP 20,262.00 Appellate Jurisdiction Agency Case 7 PHP 75,000.00 PHP 525,000.00 Intercountry Adoption Proceedings 1 PHP 150,000.00 PHP 150,000.00 Change of Registered Agent/Office - Foreign 3 PHP 25,000.00 PHP 75,000.00 Court Appearance - Regional Trial Courts 2 PHP 12,000.00 PHP 24,000.00 Subtotal: PHP 794,262.00",LEGAL_FEES,2
"Attention: Timothy Pennington Date: November 12, 2000 Re: Comprehensive Legal Services Package (7 items) Please see the attached invoice for legal services below rendered by Cole Alvarez & Hoffman Law Office Office. For any questions or clarifications, feel free to contact us. Thank you for your trust. BILLING STATEMENT Description Qty Unit Price Amount Withdrawal from Country Documents 6 PHP 35,000.00 PHP 210,000.00 Intercountry Adoption Proceedings 3 PHP 150,000.00 PHP 450,000.00 Criminal Case Acceptance - Court of Appeals 8 PHP 85,000.00 PHP 680,000.00 CBA Preparation & Acknowledgement 5 PHP 30,000.00 PHP 150,000.00 Election Case Representation 6 PHP 120,000.00 PHP 720,000.00 Change of Registered Agent/Office - Foreign 1 PHP 25,000.00 PHP 25,000.00 Court Appearance - Sandiganbayan 8 PHP 10,000.00 PHP 80,000.00 Subtotal: PHP 2,315,000.00",LEGAL_FEES,2
"Attention: Kara Ho Date: July 31, 1995 Re: Multiple Legal Services (2 items) Please see the attached invoice for legal services below rendered by Glenn Martin & Torres Law Office Office. For any questions or clarifications, feel free to contact us. Thank you for your trust. BILLING STATEMENT Description Qty Unit Price Amount Civil Case Acceptance - Court of Appeals 3 PHP 85,000.00 PHP 255,000.00 Mortgage Release/Extension 6 PHP 3,000.00 PHP 18,000.00 Subtotal: PHP 273,000.00",LEGAL_FEES,2
"Attention: William Barrett Date: April 29, 2006 Re: Comprehensive Legal Services Package (4 items) Please see the attached invoice for legal services below rendered by Lucas Davis & Johnson Law Office Office. For any questions or clarifications, feel free to contact us. Thank you for your trust. BILLING STATEMENT Description Qty Unit Price Amount Monthly Legal Retainer Fee 3 PHP 8,000.00 PHP 24,000.00 Partnership Agreement (per month) 9 PHP 9,656.00 PHP 86,904.00 Non-Stock Articles & By-Laws Preparation 2 PHP 35,000.00 PHP 70,000.00 CBA Preparation & Acknowledgement 2 PHP 30,000.00 PHP 60,000.00 Subtotal: PHP 240,904.00",LEGAL_FEES,2
"Attention: Dennis Diaz Date: December 03, 2013 Re: Multiple Legal Services (3 items) Please see the attached invoice for legal services below rendered by Bowman Lawrence & Atkins Law Office Office. For any questions or clarifications, feel free to contact us. Thank you for your trust. BILLING STATEMENT Description Qty Unit Price Amount Civil Case Acceptance - Regional Trial Courts 2 PHP 75,000.00 PHP 150,000.00 Criminal Case Acceptance - Municipal Trial Courts 9 PHP 50,000.00 PHP 450,000.00 Court Appearance - Sandiganbayan 9 PHP 10,000.00 PHP 90,000.00 Subtotal: PHP 690,000.00",LEGAL_FEES,2
"Attention: Joshua Esparza Date: June 08, 2004 Re: Comprehensive Legal Services Package (5 items) Please see the attached invoice for legal services below rendered by Jones Turner & Mitchell Law Office Office. For any questions or clarifications, feel free to contact us. Thank you for your trust. BILLING STATEMENT Description Qty Unit Price Amount Deed of Donation Preparation 9 PHP 53,558.00 PHP 482,022.00 Partnership Dissolution 3 PHP 35,000.00 PHP 105,000.00 Preparation and notarization of simple affidavits (jurat) 1 PHP 1,000.00 PHP 1,000.00 Land Registration (with Opposition) 10 PHP 150,000.00 PHP 1,500,000.00 Consultation with written advice (per hour or per page) 9 PHP 1,000.00 PHP 9,000.00 Subtotal: PHP 2,097,022.00",LEGAL_FEES,2
"Attention: Ronald Hughes Date: January 03, 2024 Re: Multiple Legal Services (3 items) Please see the attached invoice for legal services below rendered by Alexander Gonzalez & Lane Law Office Office. For any questions or clarifications, feel free to contact us. Thank you for your trust. BILLING STATEMENT Description Qty Unit Price Amount Civil Case Acceptance - Court of Appeals 2 PHP 85,000.00 PHP 170,000.00 Preparation of contracts not involving sale 4 PHP 1,500.00 PHP 6,000.00 Consultation with written advice (per hour or per page) 5 PHP 1,000.00 PHP 5,000.00 Subtotal: PHP 181,000.00",LEGAL_FEES,2
"Attention: James Stone Date: November 10, 2012 Re: Comprehensive Legal Services Package (4 items) Please see the attached invoice for legal services below rendered by Wang Hale & Ortiz Law Office Office. For any questions or clarifications, feel free to contact us. Thank you for your trust. BILLING STATEMENT Description Qty Unit Price Amount Preparation of contracts not involving sale 5 PHP 1,500.00 PHP 7,500.00 Change of Registered Agent/Office 9 PHP 5,000.00 PHP 45,000.00 Agrarian Case - Tenant Representation 4 PHP 77,000.00 PHP 308,000.00 Non-Stock Articles & By-Laws Preparation 7 PHP 35,000.00 PHP 245,000.00 Subtotal: PHP 605,500.00",LEGAL_FEES,2
"Attention: Allison Sullivan Date: March 20, 2011 Re: Multiple Legal Services (3 items) Please see the attached invoice for legal services below rendered by Thomas Davis & Weber Law Office Office. For any questions or clarifications, feel free to contact us. Thank you for your trust. BILLING STATEMENT Description Qty Unit Price Amount Appellate Jurisdiction Agency Case 8 PHP 75,000.00 PHP 600,000.00 Patent/Copyright Registration 1 PHP 150,000.00 PHP 150,000.00 Option to Purchase Real Estate 9 PHP 261,591.00 PHP 2,354,319.00 Subtotal: PHP 3,104,319.00",LEGAL_FEES,2
"Attention: Stephanie Rodriguez Date: November 25, 2023 Re: Multiple Legal Services (3 items) Please see the attached invoice for legal services below rendered by Odom Ward & Dunn Law Office Office. For any questions or clarifications, feel free to contact us. Thank you for your trust. BILLING STATEMENT Description Qty Unit Price Amount Court Appearance - Municipal Trial Courts 2 PHP 2,500.00 PHP 5,000.00 Monthly Legal Retainer Fee 1 PHP 8,000.00 PHP 8,000.00 Appellate Jurisdiction Agency Case 8 PHP 75,000.00 PHP 600,000.00 Subtotal: PHP 613,000.00",LEGAL_FEES,2
"Attention: Amy Alvarez Date: January 03, 2008 Re: Comprehensive Legal Services Package (5 items) Please see the attached invoice for legal services below rendered by Joseph Leblanc & Taylor Law Office Office. For any questions or clarifications, feel free to contact us. Thank you for your trust. BILLING STATEMENT Description Qty Unit Price Amount Deed of Donation Preparation 1 PHP 100,404.00 PHP 100,404.00 Motion to Discharge Preparation 8 PHP 25,000.00 PHP 200,000.00 Research/Preliminary Study (per hour) 10 PHP 1,500.00 PHP 15,000.00 Withdrawal from Country Documents 3 PHP 35,000.00 PHP 105,000.00 Agrarian Case - Landowner Representation 10 PHP 95,000.00 PHP 950,000.00 Subtotal: PHP 1,370,404.00",LEGAL_FEES,2
"Attention: Philip Tucker Date: February 01, 1995 Re: Comprehensive Legal Services Package (4 items) Please see the attached invoice for legal services below rendered by Johnson Tanner & Harvey Law Office Office. For any questions or clarifications, feel free to contact us. Thank you for your trust. BILLING STATEMENT Description Qty Unit Price Amount Change of Registered Agent/Office - Foreign 4 PHP 25,000.00 PHP 100,000.00 Preparation of contracts not involving sale 7 PHP 1,500.00 PHP 10,500.00 Appellate Jurisdiction Agency Case 9 PHP 75,000.00 PHP 675,000.00 Deed of Donation Preparation 5 PHP 28,415.00 PHP 142,075.00 Subtotal: PHP 927,575.00",LEGAL_FEES,2
"Attention: Stephanie Nelson Date: May 12, 2022 Re: Multiple Legal Services (3 items) Please see the attached invoice for legal services below rendered by Wang Stafford & Mccarthy Law Office Office. For any questions or clarifications, feel free to contact us. Thank you for your trust. BILLING STATEMENT Description Qty Unit Price Amount Change of Registered Agent/Office - Foreign 8 PHP 25,000.00 PHP 200,000.00 Testate/Intestate Proceedings without Opposition 9 PHP 284,726.00 PHP 2,562,534.00 Authority to Do Business in PH 8 PHP 35,000.00 PHP 280,000.00 Subtotal: PHP 3,042,534.00",LEGAL_FEES,2
"Attention: John Larsen Date: May 01, 2023 Re: Multiple Legal Services (2 items) Please see the attached invoice for legal services below rendered by Davis Hernandez & Rivera Law Office Office. For any questions or clarifications, feel free to contact us. Thank you for your trust. BILLING STATEMENT Description Qty Unit Price Amount Criminal Case Acceptance - Municipal Trial Courts 6 PHP 50,000.00 PHP 300,000.00 Criminal Case Acceptance - Court of Appeals 4 PHP 85,000.00 PHP 340,000.00 Subtotal: PHP 640,000.00",LEGAL_FEES,2
"Attention: Scott Gibson Date: September 03, 2001 Re: Multiple Legal Services (3 items) Please see the attached invoice for legal services below rendered by Cabrera Morgan & Blake Law Office Office. For any questions or clarifications, feel free to contact us. Thank you for your trust. BILLING STATEMENT Description Qty Unit Price Amount Building Contract Review/Preparation 4 PHP 121,775.00 PHP 487,100.00 Change of Registered Agent/Office - Foreign 4 PHP 25,000.00 PHP 100,000.00 Non-Stock Articles & By-Laws Preparation 9 PHP 35,000.00 PHP 315,000.00 Subtotal: PHP 902,100.00",LEGAL_FEES,2
"Attention: Robert Miller Date: November 11, 2013 Re: Release or Extension of Mortgage with additional condition Please see the attached invoice for legal services below rendered by Johnson Reyes & Mcdonald Law Office Office. For any questions or clarifications, feel free to contact us. Thank you for your trust. BILLING STATEMENT Description Qty Unit Price Amount Mortgage Release/Extension 7 PHP 3,000.00 PHP 21,000.00 Subtotal: PHP 21,000.00",LEGAL_FEES,2
"Attention: Elizabeth Clark Date: August 28, 2018 Re: Comprehensive Legal Services Package (6 items) Please see the attached invoice for legal services below rendered by Zimmerman Dunn & Figueroa Law Office Office. For any questions or clarifications, feel free to contact us. Thank you for your trust. BILLING STATEMENT Description Qty Unit Price Amount Partnership Agreement (per month) 4 PHP 9,704.00 PHP 38,816.00 Motion to Discharge Preparation 4 PHP 25,000.00 PHP 100,000.00 Corporate Reports Filing Preparation 1 PHP 6,000.00 PHP 6,000.00 Articles of Incorporation and By-Laws Preparation 9 PHP 66,000.00 PHP 594,000.00 New Owner's Duplicate of Title 3 PHP 50,000.00 PHP 150,000.00 Preparation of Attorney's Letter 1 PHP 500.00 PHP 500.00 Subtotal: PHP 889,316.00",LEGAL_FEES,2
"Attention: Cynthia Jones Date: June 03, 2024 Re: Comprehensive Legal Services Package (7 items) Please see the attached invoice for legal services below rendered by Smith Patterson & Molina Law Office Office. For any questions or clarifications, feel free to contact us. Thank you for your trust. BILLING STATEMENT Description Qty Unit Price Amount Monthly Legal Retainer Fee 10 PHP 8,000.00 PHP 80,000.00 Monthly Legal Retainer Fee 2 PHP 8,000.00 PHP 16,000.00 Agrarian Case - Landowner Representation 3 PHP 80,000.00 PHP 240,000.00 Original Jurisdiction Agency Case 1 PHP 60,000.00 PHP 60,000.00 Naturalization Proceedings 6 PHP 150,000.00 PHP 900,000.00 Court Appearance - Municipal Trial Courts 1 PHP 2,500.00 PHP 2,500.00 Deed of Donation Preparation 10 PHP 105,394.00 PHP 1,053,940.00 Subtotal: PHP 2,352,440.00",LEGAL_FEES,2
"Attention: David Norris Date: January 19, 2016 Re: Comprehensive Legal Services Package (4 items) Please see the attached invoice for legal services below rendered by Ashley Branch & Smith Law Office Office. For any questions or clarifications, feel free to contact us. Thank you for your trust. BILLING STATEMENT Description Qty Unit Price Amount Partnership Agreement (per month) 7 PHP 9,821.00 PHP 68,747.00 Change of Registered Agent/Office 10 PHP 5,000.00 PHP 50,000.00 Agrarian Case - Landowner Representation 1 PHP 80,000.00 PHP 80,000.00 Agrarian Case - Tenant Representation 2 PHP 78,000.00 PHP 156,000.00 Subtotal: PHP 354,747.00",LEGAL_FEES,2
"Attention: James Bowers Date: March 29, 1999 Re: Multiple Legal Services (2 items) Please see the attached invoice for legal services below rendered by Young Smith & Davis Law Office Office. For any questions or clarifications, feel free to contact us. Thank you for your trust. BILLING STATEMENT Description Qty Unit Price Amount Civil Case Acceptance - Municipal Trial Courts 8 PHP 50,000.00 PHP 400,000.00 Preparation and notarization of simple affidavits (jurat) 6 PHP 1,000.00 PHP 6,000.00 Subtotal: PHP 406,000.00",LEGAL_FEES,2
"Attention: Megan Marsh Date: November 16, 1999 Re: Comprehensive Legal Services Package (4 items) Please see the attached invoice for legal services below rendered by Carpenter King & Bennett Law Office Office. For any questions or clarifications, feel free to contact us. Thank you for your trust. BILLING STATEMENT Description Qty Unit Price Amount Monthly Legal Retainer Fee 4 PHP 8,000.00 PHP 32,000.00 Trade Name Registration 5 PHP 10,000.00 PHP 50,000.00 Corporate Resolution Preparation 3 PHP 3,500.00 PHP 10,500.00 Criminal Case Acceptance - Court of Appeals 7 PHP 85,000.00 PHP 595,000.00 Subtotal: PHP 687,500.00",LEGAL_FEES,2
"Attention: Cynthia Perez Date: August 20, 2024 Re: Comprehensive Legal Services Package (5 items) Please see the attached invoice for legal services below rendered by Thomas Hunter & Harris Law Office Office. For any questions or clarifications, feel free to contact us. Thank you for your trust. BILLING STATEMENT Description Qty Unit Price Amount Withdrawal from Country Documents 5 PHP 35,000.00 PHP 175,000.00 Agrarian Case - Tenant Representation 4 PHP 80,000.00 PHP 320,000.00 Court Appearance - Regional Trial Courts 3 PHP 10,500.00 PHP 31,500.00 Creditor's Claim Filing 3 PHP 10,000.00 PHP 30,000.00 Business Insolvency Proceedings 9 PHP 25,000.00 PHP 225,000.00 Subtotal: PHP 781,500.00",LEGAL_FEES,2
"Attention: Noah Conrad Date: February 07, 2006 Re: Comprehensive Legal Services Package (4 items) Please see the attached invoice for legal services below rendered by Jones Green & Lucero Law Office Office. For any questions or clarifications, feel free to contact us. Thank you for your trust. BILLING STATEMENT Description Qty Unit Price Amount Monthly Legal Retainer Fee 4 PHP 8,000.00 PHP 32,000.00 Appearance - Labor Arbiter 1 PHP 2,000.00 PHP 2,000.00 Preparation of Attorney's Letter 1 PHP 500.00 PHP 500.00 Research/Preliminary Study (per hour) 1 PHP 1,500.00 PHP 1,500.00 Subtotal: PHP 36,000.00",LEGAL_FEES,2
"Attention: Aaron Lee Date: April 13, 2025 Re: Comprehensive Legal Services Package (5 items) Please see the attached invoice for legal services below rendered by Wheeler Carrillo & Ortiz Law Office Office. For any questions or clarifications, feel free to contact us. Thank you for your trust. BILLING STATEMENT Description Qty Unit Price Amount Eminent Domain/Expropriation Proceedings 8 PHP 421,731.00 PHP 3,373,848.00 Monthly Legal Retainer Fee 9 PHP 8,000.00 PHP 72,000.00 Authentication of documents 2 PHP 500.00 PHP 1,000.00 Agrarian Case - Landowner Representation 2 PHP 100,000.00 PHP 200,000.00 Bond/Collateral/Indemnity Agreement 7 PHP 5,000.00 PHP 35,000.00 Subtotal: PHP 3,681,848.00",LEGAL_FEES,2
"Attention: Natalie Mckinney Date: September 14, 2006 Re: Municipal Trial Courts Appearance Please see the attached invoice for legal services below rendered by Green Henderson & Baker Law Office Office. For any questions or clarifications, feel free to contact us. Thank you for your trust. BILLING STATEMENT Description Qty Unit Price Amount Court Appearance - Municipal Trial Courts 6 PHP 3,000.00 PHP 18,000.00 Subtotal: PHP 18,000.00",LEGAL_FEES,2
"Attention: Christian Johnson Date: January 06, 1997 Re: Comprehensive Legal Services Package (6 items) Please see the attached invoice for legal services below rendered by Hines Jones & Wright Law Office Office. For any questions or clarifications, feel free to contact us. Thank you for your trust. BILLING STATEMENT Description Qty Unit Price Amount Agrarian Case - Landowner Representation 4 PHP 95,000.00 PHP 380,000.00 Corporate Charter Amendment 10 PHP 30,000.00 PHP 300,000.00 Correction of entries/Change of Name 3 PHP 40,000.00 PHP 120,000.00 Court Appearance - Municipal Trial Courts 8 PHP 2,500.00 PHP 20,000.00 Preparation of contracts involving sale 10 PHP 64,475.00 PHP 644,750.00 Monthly Legal Retainer Fee 5 PHP 8,000.00 PHP 40,000.00 Subtotal: PHP 1,504,750.00",LEGAL_FEES,2
"Attention: Stephanie Herring Date: March 22, 1997 Re: Comprehensive Legal Services Package (4 items) Please see the attached invoice for legal services below rendered by Mccann Roberts & Lewis Law Office Office. For any questions or clarifications, feel free to contact us. Thank you for your trust. BILLING STATEMENT Description Qty Unit Price Amount Creditor's Claim Filing 9 PHP 10,000.00 PHP 90,000.00 Option to Purchase Real Estate 7 PHP 290,753.00 PHP 2,035,271.00 Individual Insolvency Proceedings 2 PHP 50,000.00 PHP 100,000.00 Court Appearance - Ombudsman 2 PHP 9,000.00 PHP 18,000.00 Subtotal: PHP 2,243,271.00",LEGAL_FEES,2
"Attention: Douglas Hurst Date: March 21, 2009 Re: Comprehensive Legal Services Package (6 items) Please see the attached invoice for legal services below rendered by Ramirez Jones & Eaton Law Office Office. For any questions or clarifications, feel free to contact us. Thank you for your trust. BILLING STATEMENT Description Qty Unit Price Amount Criminal Case Acceptance - Supreme Court 5 PHP 150,000.00 PHP 750,000.00 Criminal Case Acceptance - Supreme Court 2 PHP 150,000.00 PHP 300,000.00 Monthly Legal Retainer Fee 6 PHP 8,000.00 PHP 48,000.00 Partnership Dissolution 9 PHP 35,000.00 PHP 315,000.00 Corporate Resolution Preparation 4 PHP 3,500.00 PHP 14,000.00 Foreign Corp Registered Agent Documents 5 PHP 35,000.00 PHP 175,000.00 Subtotal: PHP 1,602,000.00",LEGAL_FEES,2
"Attention: Nicole James Date: August 07, 2016 Re: Monthly Retainer for Legal Services Please see the attached invoice for legal services below rendered by Parker Orr & Brown Law Office Office. For any questions or clarifications, feel free to contact us. Thank you for your trust. BILLING STATEMENT Description Qty Unit Price Amount Monthly Legal Retainer Fee 1 PHP 8,000.00 PHP 8,000.00 Subtotal: PHP 8,000.00",LEGAL_FEES,2
"Attention: Laura Tucker Date: September 10, 2014 Re: Comprehensive Legal Services Package (6 items) Please see the attached invoice for legal services below rendered by Becker Melendez & Moore Law Office Office. For any questions or clarifications, feel free to contact us. Thank you for your trust. BILLING STATEMENT Description Qty Unit Price Amount Non-Stock Articles & By-Laws Preparation 1 PHP 35,000.00 PHP 35,000.00 Correction of entries/Change of Name 9 PHP 40,000.00 PHP 360,000.00 Preparation of contracts not involving sale 2 PHP 1,500.00 PHP 3,000.00 Non-Stock Articles & By-Laws Preparation 1 PHP 35,000.00 PHP 35,000.00 Criminal Case Acceptance - Municipal Trial Courts 1 PHP 50,000.00 PHP 50,000.00 Change of Registered Agent/Office - Foreign 10 PHP 25,000.00 PHP 250,000.00 Subtotal: PHP 733,000.00",LEGAL_FEES,2
"Attention: Max Hardin Date: January 22, 2009 Re: Comprehensive Legal Services Package (7 items) Please see the attached invoice for legal services below rendered by Ewing Rojas & Pierce Law Office Office. For any questions or clarifications, feel free to contact us. Thank you for your trust. BILLING STATEMENT Description Qty Unit Price Amount Authentication of documents 1 PHP 200.00 PHP 200.00 Criminal Case Acceptance - Court of Appeals 4 PHP 85,000.00 PHP 340,000.00 Articles of Partnership Drafting 9 PHP 60,000.00 PHP 540,000.00 Monthly Legal Retainer Fee 6 PHP 8,000.00 PHP 48,000.00 Partnership Dissolution 1 PHP 35,000.00 PHP 35,000.00 Criminal Case Acceptance - Court of Appeals 8 PHP 85,000.00 PHP 680,000.00 Eminent Domain/Expropriation Proceedings 5 PHP 210,491.00 PHP 1,052,455.00 Subtotal: PHP 2,695,655.00",LEGAL_FEES,2
"Attention: Mario Kelly Date: February 28, 2022 Re: Correction of entries/Change of Name Please see the attached invoice for legal services below rendered by Powell Miller & Solis Law Office Office. For any questions or clarifications, feel free to contact us. Thank you for your trust. BILLING STATEMENT Description Qty Unit Price Amount Correction of entries/Change of Name 9 PHP 40,000.00 PHP 360,000.00 Subtotal: PHP 360,000.00",LEGAL_FEES,2
"Attention: Kevin Pennington Date: January 22, 2022 Re: Multiple Legal Services (2 items) Please see the attached invoice for legal services below rendered by Davis Martin & Wall Law Office Office. For any questions or clarifications, feel free to contact us. Thank you for your trust. BILLING STATEMENT Description Qty Unit Price Amount Change of Registered Agent/Office - Foreign 2 PHP 25,000.00 PHP 50,000.00 Preparation of contracts not involving sale 2 PHP 1,500.00 PHP 3,000.00 Subtotal: PHP 53,000.00",LEGAL_FEES,2
"Attention: Ruth Mann Date: November 07, 2023 Re: Multiple Legal Services (2 items) Please see the attached invoice for legal services below rendered by Nguyen Foster & Butler Law Office Office. For any questions or clarifications, feel free to contact us. Thank you for your trust. BILLING STATEMENT Description Qty Unit Price Amount Appearance - OMB 4 PHP 1,500.00 PHP 6,000.00 Appearance - Other Administrative Agencies 6 PHP 10,500.00 PHP 63,000.00 Subtotal: PHP 69,000.00",LEGAL_FEES,2
"Attention: Amanda Collins Date: July 05, 2003 Re: Comprehensive Legal Services Package (6 items) Please see the attached invoice for legal services below rendered by Hayes Greer & Welch Law Office Office. For any questions or clarifications, feel free to contact us. Thank you for your trust. BILLING STATEMENT Description Qty Unit Price Amount Criminal Case Acceptance - Municipal Trial Courts 6 PHP 50,000.00 PHP 300,000.00 Corporate Reports Filing Preparation 1 PHP 6,000.00 PHP 6,000.00 Original Jurisdiction Agency Case 9 PHP 60,000.00 PHP 540,000.00 Corporate Charter Amendment 7 PHP 30,000.00 PHP 210,000.00 Building Contract Review/Preparation 7 PHP 53,965.00 PHP 377,755.00 Domestic Adoption Proceedings 10 PHP 75,000.00 PHP 750,000.00 Subtotal: PHP 2,183,755.00",LEGAL_FEES,2
"Attention: Mary Jones Date: January 24, 2018 Re: Comprehensive Legal Services Package (7 items) Please see the attached invoice for legal services below rendered by Gonzalez Hill & Harvey Law Office Office. For any questions or clarifications, feel free to contact us. Thank you for your trust. BILLING STATEMENT Description Qty Unit Price Amount Preparation of contracts involving sale 4 PHP 75,596.00 PHP 302,384.00 Criminal Case Acceptance - Court of Appeals 9 PHP 85,000.00 PHP 765,000.00 Authentication of documents 6 PHP 500.00 PHP 3,000.00 Preparation of Attorney's Letter 1 PHP 500.00 PHP 500.00 Appearance - OMB 8 PHP 2,500.00 PHP 20,000.00 Mortgage Release/Extension 4 PHP 3,000.00 PHP 12,000.00 Criminal Case Acceptance - Regional Trial Courts 4 PHP 75,000.00 PHP 300,000.00 Subtotal: PHP 1,402,884.00",LEGAL_FEES,2
"Attention: Cindy Cooper Date: August 10, 2018 Re: Comprehensive Legal Services Package (4 items) Please see the attached invoice for legal services below rendered by Foster Odom & Barnes Law Office Office. For any questions or clarifications, feel free to contact us. Thank you for your trust. BILLING STATEMENT Description Qty Unit Price Amount Agrarian Case - Landowner Representation 6 PHP 95,000.00 PHP 570,000.00 Authority to Do Business in PH 1 PHP 35,000.00 PHP 35,000.00 Appellate Jurisdiction Agency Case 9 PHP 75,000.00 PHP 675,000.00 Articles of Partnership Drafting 2 PHP 70,000.00 PHP 140,000.00 Subtotal: PHP 1,420,000.00",LEGAL_FEES,2
"Attention: Krista Davis Date: May 28, 2003 Re: Comprehensive Legal Services Package (4 items) Please see the attached invoice for legal services below rendered by Brown Stewart & Yu Law Office Office. For any questions or clarifications, feel free to contact us. Thank you for your trust. BILLING STATEMENT Description Qty Unit Price Amount Husband & Wife Insolvency (Additional) 9 PHP 30,000.00 PHP 270,000.00 Agrarian Case - Tenant Representation 5 PHP 76,000.00 PHP 380,000.00 Immigration Services 2 PHP 50,000.00 PHP 100,000.00 Partnership Dissolution 3 PHP 35,000.00 PHP 105,000.00 Subtotal: PHP 855,000.00",LEGAL_FEES,2
"Attention: Gregory Lewis Date: April 29, 2021 Re: Multiple Legal Services (3 items) Please see the attached invoice for legal services below rendered by Jones King & Taylor Law Office Office. For any questions or clarifications, feel free to contact us. Thank you for your trust. BILLING STATEMENT Description Qty Unit Price Amount Option to Purchase Real Estate 1 PHP 52,649.00 PHP 52,649.00 Foreign Corp Registered Agent Documents 7 PHP 35,000.00 PHP 245,000.00 Option to Purchase Real Estate 3 PHP 292,983.00 PHP 878,949.00 Subtotal: PHP 1,176,598.00",LEGAL_FEES,2
"Attention: Amanda Anderson Date: December 26, 2004 Re: Comprehensive Legal Services Package (4 items) Please see the attached invoice for legal services below rendered by Stewart Nelson & Murray Law Office Office. For any questions or clarifications, feel free to contact us. Thank you for your trust. BILLING STATEMENT Description Qty Unit Price Amount Court Appearance - Ombudsman 8 PHP 18,000.00 PHP 144,000.00 Court Appearance - Supreme Court 5 PHP 20,000.00 PHP 100,000.00 Monthly Legal Retainer Fee 9 PHP 8,000.00 PHP 72,000.00 Creditor's Claim Filing 8 PHP 10,000.00 PHP 80,000.00 Subtotal: PHP 396,000.00",LEGAL_FEES,2
"Attention: Robert Pennington Date: March 14, 2000 Re: Civil Case - Regional Trial Courts Please see the attached invoice for legal services below rendered by Fisher Neal & Ross Law Office Office. For any questions or clarifications, feel free to contact us. Thank you for your trust. BILLING STATEMENT Description Qty Unit Price Amount Civil Case Acceptance - Regional Trial Courts 3 PHP 75,000.00 PHP 225,000.00 Subtotal: PHP 225,000.00",LEGAL_FEES,2
"Attention: Kenneth Kennedy Date: August 15, 2011 Re: Comprehensive Legal Services Package (6 items) Please see the attached invoice for legal services below rendered by Harding Carpenter & Pennington Law Office Office. For any questions or clarifications, feel free to contact us. Thank you for your trust. BILLING STATEMENT Description Qty Unit Price Amount Consultation with written advice (per hour or per page) 10 PHP 1,000.00 PHP 10,000.00 Partnership Dissolution 10 PHP 35,000.00 PHP 350,000.00 Non-Stock Articles & By-Laws Preparation 2 PHP 35,000.00 PHP 70,000.00 Patent/Copyright Registration 9 PHP 150,000.00 PHP 1,350,000.00 Bond/Collateral/Indemnity Agreement 1 PHP 5,000.00 PHP 5,000.00 Appearance - NLRC 3 PHP 10,500.00 PHP 31,500.00 Subtotal: PHP 1,816,500.00",LEGAL_FEES,2
"Attention: Todd Knight Date: February 13, 2008 Re: Comprehensive Legal Services Package (7 items) Please see the attached invoice for legal services below rendered by Nichols Perez & Hall Law Office Office. For any questions or clarifications, feel free to contact us. Thank you for your trust. BILLING STATEMENT Description Qty Unit Price Amount Preparation of contracts not involving sale 4 PHP 1,500.00 PHP 6,000.00 Withdrawal from Country Documents 6 PHP 35,000.00 PHP 210,000.00 Articles of Incorporation and By-Laws Preparation 10 PHP 82,000.00 PHP 820,000.00 Change of Registered Agent/Office 8 PHP 5,000.00 PHP 40,000.00 Preparation of contracts not involving sale 10 PHP 1,500.00 PHP 15,000.00 Trade Name Registration 2 PHP 10,000.00 PHP 20,000.00 Preparation and notarization of simple affidavits (jurat) 2 PHP 1,000.00 PHP 2,000.00 Subtotal: PHP 1,113,000.00",LEGAL_FEES,2
"Attention: David Rios Date: November 16, 2001 Re: Comprehensive Legal Services Package (5 items) Please see the attached invoice for legal services below rendered by Jones Collins & Harris Law Office Office. For any questions or clarifications, feel free to contact us. Thank you for your trust. BILLING STATEMENT Description Qty Unit Price Amount Partnership Dissolution 6 PHP 35,000.00 PHP 210,000.00 Criminal Case Acceptance - Court of Appeals 2 PHP 85,000.00 PHP 170,000.00 Corporate Charter Amendment 8 PHP 30,000.00 PHP 240,000.00 Criminal Case Acceptance - Supreme Court 5 PHP 150,000.00 PHP 750,000.00 Agrarian Case - Tenant Representation 1 PHP 80,000.00 PHP 80,000.00 Subtotal: PHP 1,450,000.00",LEGAL_FEES,2
"Attention: Edward King Date: June 25, 2016 Re: Comprehensive Legal Services Package (4 items) Please see the attached invoice for legal services below rendered by Stevenson Owens & Mayer Law Office Office. For any questions or clarifications, feel free to contact us. Thank you for your trust. BILLING STATEMENT Description Qty Unit Price Amount Plain Consultation (per hour) 6 PHP 1,000.00 PHP 6,000.00 Appearance - NLRC 8 PHP 3,000.00 PHP 24,000.00 Research/Preliminary Study (per hour) 6 PHP 1,500.00 PHP 9,000.00 Monthly Legal Retainer Fee 9 PHP 8,000.00 PHP 72,000.00 Subtotal: PHP 111,000.00",LEGAL_FEES,2
"Attention: Kevin Williams Date: October 05, 2004 Re: Comprehensive Legal Services Package (6 items) Please see the attached invoice for legal services below rendered by Jones Watson & Morris Law Office Office. For any questions or clarifications, feel free to contact us. Thank you for your trust. BILLING STATEMENT Description Qty Unit Price Amount Monthly Legal Retainer Fee 8 PHP 8,000.00 PHP 64,000.00 Naturalization Proceedings 8 PHP 150,000.00 PHP 1,200,000.00 Authority to Do Business in PH 4 PHP 35,000.00 PHP 140,000.00 Corporate Resolution Preparation 1 PHP 3,500.00 PHP 3,500.00 Withdrawal from Country Documents 4 PHP 35,000.00 PHP 140,000.00 Preparation of contracts involving sale 10 PHP 82,199.00 PHP 821,990.00 Subtotal: PHP 2,369,490.00",LEGAL_FEES,2
"Attention: Elizabeth Black Date: December 16, 2014 Re: Multiple Legal Services (3 items) Please see the attached invoice for legal services below rendered by Williams Rojas & Smith Law Office Office. For any questions or clarifications, feel free to contact us. Thank you for your trust. BILLING STATEMENT Description Qty Unit Price Amount Patent/Copyright Registration 6 PHP 150,000.00 PHP 900,000.00 Civil Case Acceptance - Regional Trial Courts 2 PHP 75,000.00 PHP 150,000.00 Monthly Legal Retainer Fee 4 PHP 8,000.00 PHP 32,000.00 Subtotal: PHP 1,082,000.00",LEGAL_FEES,2
"Attention: Linda Wilkinson Date: July 19, 2021 Re: Comprehensive Legal Services Package (4 items) Please see the attached invoice for legal services below rendered by Villa Jackson & Guzman Law Office Office. For any questions or clarifications, feel free to contact us. Thank you for your trust. BILLING STATEMENT Description Qty Unit Price Amount Registered Agent Registration Documents 4 PHP 10,000.00 PHP 40,000.00 Patent/Copyright Registration 1 PHP 150,000.00 PHP 150,000.00 CBA Preparation & Acknowledgement 1 PHP 30,000.00 PHP 30,000.00 Criminal Case Acceptance - Regional Trial Courts 4 PHP 75,000.00 PHP 300,000.00 Subtotal: PHP 520,000.00",LEGAL_FEES,2
"Attention: John Haley Date: September 08, 2011 Re: Comprehensive Legal Services Package (4 items) Please see the attached invoice for legal services below rendered by Nelson Barnes & Stewart Law Office Office. For any questions or clarifications, feel free to contact us. Thank you for your trust. BILLING STATEMENT Description Qty Unit Price Amount Articles of Partnership Drafting 5 PHP 115,000.00 PHP 575,000.00 Non-Stock Articles & By-Laws Preparation 9 PHP 35,000.00 PHP 315,000.00 Criminal Case Acceptance - Regional Trial Courts 6 PHP 75,000.00 PHP 450,000.00 Civil Case Acceptance - Regional Trial Courts 1 PHP 75,000.00 PHP 75,000.00 Subtotal: PHP 1,415,000.00",LEGAL_FEES,2
"Attention: Ana Hill Date: June 29, 1998 Re: Comprehensive Legal Services Package (5 items) Please see the attached invoice for legal services below rendered by Johnson Campos & Jones Law Office Office. For any questions or clarifications, feel free to contact us. Thank you for your trust. BILLING STATEMENT Description Qty Unit Price Amount Creditor's Claim Filing 3 PHP 10,000.00 PHP 30,000.00 Criminal Case Acceptance - Supreme Court 10 PHP 150,000.00 PHP 1,500,000.00 Preparation and notarization of simple affidavits (jurat) 3 PHP 1,000.00 PHP 3,000.00 Domestic Adoption Proceedings 6 PHP 75,000.00 PHP 450,000.00 Mortgage Release/Extension 9 PHP 3,000.00 PHP 27,000.00 Subtotal: PHP 2,010,000.00",LEGAL_FEES,2
"Attention: Juan Smith Date: May 28, 2017 Re: Comprehensive Legal Services Package (4 items) Please see the attached invoice for legal services below rendered by Johnson Allen & Griffin Law Office Office. For any questions or clarifications, feel free to contact us. Thank you for your trust. BILLING STATEMENT Description Qty Unit Price Amount Trade Name Registration 5 PHP 10,000.00 PHP 50,000.00 Corporate Resolution Preparation 9 PHP 3,500.00 PHP 31,500.00 Non-Stock Articles & By-Laws Preparation 7 PHP 35,000.00 PHP 245,000.00 Partnership Dissolution 9 PHP 35,000.00 PHP 315,000.00 Subtotal: PHP 641,500.00",LEGAL_FEES,2
"Attention: Laurie Blake Date: January 18, 2022 Re: Multiple Legal Services (3 items) Please see the attached invoice for legal services below rendered by Everett Ramirez & Weaver Law Office Office. For any questions or clarifications, feel free to contact us. Thank you for your trust. BILLING STATEMENT Description Qty Unit Price Amount Appearance - Other Administrative Agencies 2 PHP 3,500.00 PHP 7,000.00 Appearance - DOLE/POEA/NCMB 6 PHP 9,000.00 PHP 54,000.00 Criminal Case Acceptance - Supreme Court 6 PHP 150,000.00 PHP 900,000.00 Subtotal: PHP 961,000.00",LEGAL_FEES,2
"Attention: Megan Ross Date: April 01, 2009 Re: Multiple Legal Services (2 items) Please see the attached invoice for legal services below rendered by Mays Navarro & Clay Law Office Office. For any questions or clarifications, feel free to contact us. Thank you for your trust. BILLING STATEMENT Description Qty Unit Price Amount Partnership Dissolution 9 PHP 35,000.00 PHP 315,000.00 Monthly Legal Retainer Fee 5 PHP 8,000.00 PHP 40,000.00 Subtotal: PHP 355,000.00",LEGAL_FEES,2
"Attention: Mark King Date: November 21, 2016 Re: Comprehensive Legal Services Package (7 items) Please see the attached invoice for legal services below rendered by Berger Hayden & Mann Law Office Office. For any questions or clarifications, feel free to contact us. Thank you for your trust. BILLING STATEMENT Description Qty Unit Price Amount Corporate Charter Amendment 2 PHP 30,000.00 PHP 60,000.00 Preparation and notarization of simple affidavits (jurat) 10 PHP 1,000.00 PHP 10,000.00 Preparation of contracts not involving sale 7 PHP 1,500.00 PHP 10,500.00 Mortgage Release/Extension 1 PHP 3,000.00 PHP 3,000.00 Authentication of documents 5 PHP 500.00 PHP 2,500.00 Criminal Case Acceptance - Municipal Trial Courts 8 PHP 50,000.00 PHP 400,000.00 Civil Case Acceptance - Municipal Trial Courts 5 PHP 50,000.00 PHP 250,000.00 Subtotal: PHP 736,000.00",LEGAL_FEES,2
"Attention: Dustin Grant Date: June 23, 1996 Re: Articles of Incorporation and By-Laws of non-stock Please see the attached invoice for legal services below rendered by Griffin Price & Horton Law Office Office. For any questions or clarifications, feel free to contact us. Thank you for your trust. BILLING STATEMENT Description Qty Unit Price Amount Non-Stock Articles & By-Laws Preparation 5 PHP 35,000.00 PHP 175,000.00 Subtotal: PHP 175,000.00",LEGAL_FEES,2
"Attention: Gary Adams Date: December 21, 2026 Re: Multiple Legal Services (2 items) Please see the attached invoice for legal services below rendered by Humphrey Williams & Hill Law Office Office. For any questions or clarifications, feel free to contact us. Thank you for your trust. BILLING STATEMENT Description Qty Unit Price Amount Criminal Case Acceptance - Supreme Court 5 PHP 150,000.00 PHP 750,000.00 Building Contract Review/Preparation 6 PHP 288,248.00 PHP 1,729,488.00 Subtotal: PHP 2,479,488.00",LEGAL_FEES,2
"Attention: Margaret Johnson Date: January 13, 2012 Re: Multiple Legal Services (3 items) Please see the attached invoice for legal services below rendered by Ferguson Santos & Moody Law Office Office. For any questions or clarifications, feel free to contact us. Thank you for your trust. BILLING STATEMENT Description Qty Unit Price Amount Foreign Corp Registered Agent Documents 10 PHP 35,000.00 PHP 350,000.00 Foreign Corp Registered Agent Documents 4 PHP 35,000.00 PHP 140,000.00 Preparation of contracts involving sale 4 PHP 40,334.00 PHP 161,336.00 Subtotal: PHP 651,336.00",LEGAL_FEES,2
"Attention: Stephanie Nelson Date: August 28, 2013 Re: Multiple Legal Services (3 items) Please see the attached invoice for legal services below rendered by Massey Wilson & Brown Law Office Office. For any questions or clarifications, feel free to contact us. Thank you for your trust. BILLING STATEMENT Description Qty Unit Price Amount Appellate Jurisdiction Agency Case 4 PHP 75,000.00 PHP 300,000.00 Corporate Charter Amendment 7 PHP 30,000.00 PHP 210,000.00 Preparation and notarization of simple affidavits (jurat) 6 PHP 1,000.00 PHP 6,000.00 Subtotal: PHP 516,000.00",LEGAL_FEES,2
"Attention: Angela Clark Date: September 10, 2016 Re: Bond, collateral or indemnity Please see the attached invoice for legal services below rendered by Armstrong Le & Silva Law Office Office. For any questions or clarifications, feel free to contact us. Thank you for your trust. BILLING STATEMENT Description Qty Unit Price Amount Bond/Collateral/Indemnity Agreement 6 PHP 5,000.00 PHP 30,000.00 Subtotal: PHP 30,000.00",LEGAL_FEES,2
"Attention: Kelly Griffin Date: November 14, 2018 Re: Partnership Agreement Please see the attached invoice for legal services below rendered by Garrett Clark & Phillips Law Office Office. For any questions or clarifications, feel free to contact us. Thank you for your trust. BILLING STATEMENT Description Qty Unit Price Amount Partnership Agreement (per month) 7 PHP 8,741.00 PHP 61,187.00 Subtotal: PHP 61,187.00",LEGAL_FEES,2
"Attention: Robert Fletcher Date: October 16, 1995 Re: Multiple Legal Services (2 items) Please see the attached invoice for legal services below rendered by Ashley Wise & White Law Office Office. For any questions or clarifications, feel free to contact us. Thank you for your trust. BILLING STATEMENT Description Qty Unit Price Amount CBA Negotiation and Execution 4 PHP 20,000.00 PHP 80,000.00 Corporate Dissolution Documents 1 PHP 25,000.00 PHP 25,000.00 Subtotal: PHP 105,000.00",LEGAL_FEES,2
"Attention: Tina Kramer Date: September 23, 2010 Re: Comprehensive Legal Services Package (7 items) Please see the attached invoice for legal services below rendered by Wade Osborne & Cross Law Office Office. For any questions or clarifications, feel free to contact us. Thank you for your trust. BILLING STATEMENT Description Qty Unit Price Amount Preparation and notarization of simple affidavits (jurat) 6 PHP 1,000.00 PHP 6,000.00 Preparation and notarization of simple affidavits (jurat) 3 PHP 1,000.00 PHP 3,000.00 Preparation and notarization of simple affidavits (jurat) 3 PHP 1,000.00 PHP 3,000.00 Monthly Legal Retainer Fee 8 PHP 8,000.00 PHP 64,000.00 Correction of entries/Change of Name 9 PHP 40,000.00 PHP 360,000.00 Original Jurisdiction Agency Case 6 PHP 60,000.00 PHP 360,000.00 Monthly Legal Retainer Fee 2 PHP 8,000.00 PHP 16,000.00 Subtotal: PHP 812,000.00",LEGAL_FEES,2
"Attention: Sarah Frazier Date: March 05, 2003 Re: Monthly Retainer for Legal Services Please see the attached invoice for legal services below rendered by Wallace Griffin & Stevenson Law Office Office. For any questions or clarifications, feel free to contact us. Thank you for your trust. BILLING STATEMENT Description Qty Unit Price Amount Monthly Legal Retainer Fee 6 PHP 8,000.00 PHP 48,000.00 Subtotal: PHP 48,000.00",LEGAL_FEES,2
"Attention: Elizabeth Roberts Date: January 19, 2021 Re: Preparation of contracts not involving sale (no pecuniary consideration) Please see the attached invoice for legal services below rendered by Bruce Wells & Mclaughlin Law Office Office. For any questions or clarifications, feel free to contact us. Thank you for your trust. BILLING STATEMENT Description Qty Unit Price Amount Preparation of contracts not involving sale 8 PHP 1,500.00 PHP 12,000.00 Subtotal: PHP 12,000.00",LEGAL_FEES,2
"Attention: Sheila Soto Date: November 18, 1999 Re: Comprehensive Legal Services Package (7 items) Please see the attached invoice for legal services below rendered by Manning Thomas & Knight Law Office Office. For any questions or clarifications, feel free to contact us. Thank you for your trust. BILLING STATEMENT Description Qty Unit Price Amount Appearance - NLRC 1 PHP 1,500.00 PHP 1,500.00 Preparation and notarization of simple affidavits (jurat) 2 PHP 1,000.00 PHP 2,000.00 Original Jurisdiction Agency Case 3 PHP 60,000.00 PHP 180,000.00 Preparation of Attorney's Letter 3 PHP 500.00 PHP 1,500.00 Agrarian Case - Tenant Representation 8 PHP 77,000.00 PHP 616,000.00 Testate/Intestate Proceedings without Opposition 10 PHP 128,191.00 PHP 1,281,910.00 Research/Preliminary Study (per hour) 1 PHP 1,500.00 PHP 1,500.00 Subtotal: PHP 2,084,410.00",LEGAL_FEES,2
"Attention: Holly Pearson Date: October 12, 2015 Re: Comprehensive Legal Services Package (7 items) Please see the attached invoice for legal services below rendered by Hall Fernandez & Silva Law Office Office. For any questions or clarifications, feel free to contact us. Thank you for your trust. BILLING STATEMENT Description Qty Unit Price Amount Trade Name Registration 3 PHP 10,000.00 PHP 30,000.00 Consultation with written advice (per hour or per page) 7 PHP 1,000.00 PHP 7,000.00 Change of Registered Agent/Office 1 PHP 5,000.00 PHP 5,000.00 Monthly Legal Retainer Fee 7 PHP 8,000.00 PHP 56,000.00 Original Jurisdiction Agency Case 10 PHP 60,000.00 PHP 600,000.00 Criminal Case Acceptance - Regional Trial Courts 1 PHP 75,000.00 PHP 75,000.00 Option to Purchase Real Estate 8 PHP 212,088.00 PHP 1,696,704.00 Subtotal: PHP 2,469,704.00",LEGAL_FEES,2
"Attention: Adam Wood Date: December 02, 1998 Re: Comprehensive Legal Services Package (6 items) Please see the attached invoice for legal services below rendered by Taylor Stewart & Cox Law Office Office. For any questions or clarifications, feel free to contact us. Thank you for your trust. BILLING STATEMENT Description Qty Unit Price Amount Criminal Case Acceptance - Municipal Trial Courts 2 PHP 50,000.00 PHP 100,000.00 Deed of Donation Preparation 8 PHP 37,671.00 PHP 301,368.00 Civil Case Acceptance - Municipal Trial Courts 3 PHP 50,000.00 PHP 150,000.00 Land Registration (with Opposition) 1 PHP 862,733.00 PHP 862,733.00 Consultation with written advice (per hour or per page) 3 PHP 1,000.00 PHP 3,000.00 Change of Registered Agent/Office - Foreign 6 PHP 25,000.00 PHP 150,000.00 Subtotal: PHP 1,567,101.00",LEGAL_FEES,2
"Attention: Kristin Nolan Date: November 04, 1995 Re: Comprehensive Legal Services Package (5 items) Please see the attached invoice for legal services below rendered by Weber Marsh & Mora Law Office Office. For any questions or clarifications, feel free to contact us. Thank you for your trust. BILLING STATEMENT Description Qty Unit Price Amount Civil Case Acceptance - Regional Trial Courts 1 PHP 75,000.00 PHP 75,000.00 Business Insolvency Proceedings 9 PHP 25,000.00 PHP 225,000.00 New Owner's Duplicate of Title 8 PHP 50,000.00 PHP 400,000.00 Non-Stock Articles & By-Laws Preparation 8 PHP 35,000.00 PHP 280,000.00 Criminal Case Acceptance - Regional Trial Courts 6 PHP 75,000.00 PHP 450,000.00 Subtotal: PHP 1,430,000.00",LEGAL_FEES,2
"Attention: Megan Medina Date: April 16, 2012 Re: Insolvency Proceedings - Business Please see the attached invoice for legal services below rendered by Hall Rowe & Moore Law Office Office. For any questions or clarifications, feel free to contact us. Thank you for your trust. BILLING STATEMENT Description Qty Unit Price Amount Business Insolvency Proceedings 10 PHP 25,000.00 PHP 250,000.00 Subtotal: PHP 250,000.00",LEGAL_FEES,2
"Attention: Brad Joseph Date: March 08, 2022 Re: Comprehensive Legal Services Package (5 items) Please see the attached invoice for legal services below rendered by Melton Anderson & Berger Law Office Office. For any questions or clarifications, feel free to contact us. Thank you for your trust. BILLING STATEMENT Description Qty Unit Price Amount Appearance - Other Administrative Agencies 3 PHP 6,000.00 PHP 18,000.00 Domestic Adoption Proceedings 1 PHP 75,000.00 PHP 75,000.00 Monthly Legal Retainer Fee 3 PHP 8,000.00 PHP 24,000.00 Change of Registered Agent/Office 8 PHP 5,000.00 PHP 40,000.00 Authority to Do Business in PH 1 PHP 35,000.00 PHP 35,000.00 Subtotal: PHP 192,000.00",LEGAL_FEES,2
"Attention: Alyssa Hancock Date: September 02, 2024 Re: Comprehensive Legal Services Package (4 items) Please see the attached invoice for legal services below rendered by Dyer Hill & Miller Law Office Office. For any questions or clarifications, feel free to contact us. Thank you for your trust. BILLING STATEMENT Description Qty Unit Price Amount Articles of Partnership Drafting 6 PHP 120,000.00 PHP 720,000.00 Immigration Services 5 PHP 50,000.00 PHP 250,000.00 Civil Case Acceptance - Regional Trial Courts 3 PHP 75,000.00 PHP 225,000.00 Criminal Case Acceptance - Regional Trial Courts 7 PHP 75,000.00 PHP 525,000.00 Subtotal: PHP 1,720,000.00",LEGAL_FEES,2
"Attention: Jocelyn Jackson Date: January 05, 2009 Re: Comprehensive Legal Services Package (5 items) Please see the attached invoice for legal services below rendered by Gonzales Diaz & Thompson Law Office Office. For any questions or clarifications, feel free to contact us. Thank you for your trust. BILLING STATEMENT Description Qty Unit Price Amount Authentication of documents 8 PHP 300.00 PHP 2,400.00 Preparation of Attorney's Letter 8 PHP 500.00 PHP 4,000.00 Trade Name Registration 8 PHP 10,000.00 PHP 80,000.00 CBA Preparation & Acknowledgement 8 PHP 30,000.00 PHP 240,000.00 Corporate Charter Amendment 6 PHP 30,000.00 PHP 180,000.00 Subtotal: PHP 506,400.00",LEGAL_FEES,2
"Attention: Tracy Cole Date: October 15, 2002 Re: Multiple Legal Services (3 items) Please see the attached invoice for legal services below rendered by Wright Ryan & Wells Law Office Office. For any questions or clarifications, feel free to contact us. Thank you for your trust. BILLING STATEMENT Description Qty Unit Price Amount Agrarian Case - Tenant Representation 10 PHP 76,000.00 PHP 760,000.00 Land Registration (with Opposition) 8 PHP 532,531.00 PHP 4,260,248.00 Civil Case Acceptance - Court of Appeals 8 PHP 85,000.00 PHP 680,000.00 Subtotal: PHP 5,700,248.00",LEGAL_FEES,2
"Attention: Heather Mathis Date: November 18, 2003 Re: Comprehensive Legal Services Package (5 items) Please see the attached invoice for legal services below rendered by Palmer Yoder & Hahn Law Office Office. For any questions or clarifications, feel free to contact us. Thank you for your trust. BILLING STATEMENT Description Qty Unit Price Amount Monthly Legal Retainer Fee 1 PHP 8,000.00 PHP 8,000.00 New Owner's Duplicate of Title 5 PHP 50,000.00 PHP 250,000.00 Individual Insolvency Proceedings 5 PHP 50,000.00 PHP 250,000.00 Trade Name Registration 1 PHP 10,000.00 PHP 10,000.00 CBA Preparation & Acknowledgement 9 PHP 30,000.00 PHP 270,000.00 Subtotal: PHP 788,000.00",LEGAL_FEES,2
"Attention: Michael Johnston Date: February 04, 2007 Re: Preparation of corporate resolution Please see the attached invoice for legal services below rendered by Frazier Murphy & Green Law Office Office. For any questions or clarifications, feel free to contact us. Thank you for your trust. BILLING STATEMENT Description Qty Unit Price Amount Corporate Resolution Preparation 4 PHP 3,500.00 PHP 14,000.00 Subtotal: PHP 14,000.00",LEGAL_FEES,2
"Attention: Laura Williams Date: November 05, 2003 Re: Civil Case - Regional Trial Courts Please see the attached invoice for legal services below rendered by Zimmerman Mathews & Miller Law Office Office. For any questions or clarifications, feel free to contact us. Thank you for your trust. BILLING STATEMENT Description Qty Unit Price Amount Civil Case Acceptance - Regional Trial Courts 6 PHP 75,000.00 PHP 450,000.00 Subtotal: PHP 450,000.00",LEGAL_FEES,2
"Attention: Rachel Garcia Date: August 04, 2009 Re: Comprehensive Legal Services Package (5 items) Please see the attached invoice for legal services below rendered by Davis Davis & Lucero Law Office Office. For any questions or clarifications, feel free to contact us. Thank you for your trust. BILLING STATEMENT Description Qty Unit Price Amount Criminal Case Acceptance - Court of Appeals 3 PHP 85,000.00 PHP 255,000.00 Partnership Dissolution 8 PHP 35,000.00 PHP 280,000.00 Court Appearance - Supreme Court 6 PHP 20,000.00 PHP 120,000.00 Articles of Partnership Drafting 8 PHP 90,000.00 PHP 720,000.00 Agrarian Case - Tenant Representation 3 PHP 80,000.00 PHP 240,000.00 Subtotal: PHP 1,615,000.00",LEGAL_FEES,2
"Attention: Maria Jones Date: August 27, 2026 Re: Multiple Legal Services (2 items) Please see the attached invoice for legal services below rendered by Smith Jackson & Rosales Law Office Office. For any questions or clarifications, feel free to contact us. Thank you for your trust. BILLING STATEMENT Description Qty Unit Price Amount Monthly Legal Retainer Fee 6 PHP 8,000.00 PHP 48,000.00 Research/Preliminary Study (per hour) 3 PHP 1,500.00 PHP 4,500.00 Subtotal: PHP 52,500.00",LEGAL_FEES,2
"Attention: Justin Long Date: October 02, 2014 Re: Comprehensive Legal Services Package (7 items) Please see the attached invoice for legal services below rendered by Schultz Rivera & Blake Law Office Office. For any questions or clarifications, feel free to contact us. Thank you for your trust. BILLING STATEMENT Description Qty Unit Price Amount Court Appearance - Sandiganbayan 10 PHP 5,000.00 PHP 50,000.00 Original Jurisdiction Agency Case 10 PHP 60,000.00 PHP 600,000.00 Foreign Corp Registered Agent Documents 4 PHP 35,000.00 PHP 140,000.00 Creditor's Claim Filing 2 PHP 10,000.00 PHP 20,000.00 Preparation of contracts not involving sale 8 PHP 1,500.00 PHP 12,000.00 Criminal Case Acceptance - Regional Trial Courts 2 PHP 75,000.00 PHP 150,000.00 Creditor's Claim Filing 9 PHP 10,000.00 PHP 90,000.00 Subtotal: PHP 1,062,000.00",LEGAL_FEES,2
"Attention: Michael Zimmerman Date: January 01, 2002 Re: Comprehensive Legal Services Package (7 items) Please see the attached invoice for legal services below rendered by Ayala Thomas & Anderson Law Office Office. For any questions or clarifications, feel free to contact us. Thank you for your trust. BILLING STATEMENT Description Qty Unit Price Amount Agrarian Case - Tenant Representation 1 PHP 79,000.00 PHP 79,000.00 Agrarian Case - Tenant Representation 10 PHP 76,000.00 PHP 760,000.00 Change of Registered Agent/Office 4 PHP 5,000.00 PHP 20,000.00 Monthly Legal Retainer Fee 7 PHP 8,000.00 PHP 56,000.00 Appearance - DOLE/POEA/NCMB 6 PHP 2,500.00 PHP 15,000.00 Articles of Partnership Drafting 10 PHP 115,000.00 PHP 1,150,000.00 Preparation of contracts not involving sale 9 PHP 1,500.00 PHP 13,500.00 Subtotal: PHP 2,093,500.00",LEGAL_FEES,2
"Attention: Gabriela Powell Date: November 08, 1995 Re: Multiple Legal Services (2 items) Please see the attached invoice for legal services below rendered by Whitehead Gilbert & Davis Law Office Office. For any questions or clarifications, feel free to contact us. Thank you for your trust. BILLING STATEMENT Description Qty Unit Price Amount Court Appearance - Municipal Trial Courts 6 PHP 2,500.00 PHP 15,000.00 Civil Case Acceptance - Municipal Trial Courts 9 PHP 50,000.00 PHP 450,000.00 Subtotal: PHP 465,000.00",LEGAL_FEES,2
"Attention: Diana Combs Date: January 20, 1998 Re: Comprehensive Legal Services Package (6 items) Please see the attached invoice for legal services below rendered by Mcconnell Fuller & Thompson Law Office Office. For any questions or clarifications, feel free to contact us. Thank you for your trust. BILLING STATEMENT Description Qty Unit Price Amount Intercountry Adoption Proceedings 1 PHP 150,000.00 PHP 150,000.00 Non-Stock Articles & By-Laws Preparation 3 PHP 35,000.00 PHP 105,000.00 Non-Stock Articles & By-Laws Preparation 1 PHP 35,000.00 PHP 35,000.00 Deed of Donation Preparation 5 PHP 40,884.00 PHP 204,420.00 Patent/Copyright Registration 9 PHP 150,000.00 PHP 1,350,000.00 Civil Case Acceptance - Regional Trial Courts 6 PHP 75,000.00 PHP 450,000.00 Subtotal: PHP 2,294,420.00",LEGAL_FEES,2
"Attention: Erica Sullivan Date: November 15, 2013 Re: Comprehensive Legal Services Package (6 items) Please see the attached invoice for legal services below rendered by Goodwin Johnson & Salinas Law Office Office. For any questions or clarifications, feel free to contact us. Thank you for your trust. BILLING STATEMENT Description Qty Unit Price Amount Monthly Legal Retainer Fee 7 PHP 8,000.00 PHP 56,000.00 Preparation and notarization of simple affidavits (jurat) 7 PHP 1,000.00 PHP 7,000.00 Business Insolvency Proceedings 5 PHP 25,000.00 PHP 125,000.00 Plain Consultation (per hour) 10 PHP 1,000.00 PHP 10,000.00 Court Appearance - Sandiganbayan 3 PHP 10,000.00 PHP 30,000.00 Articles of Partnership Drafting 10 PHP 75,000.00 PHP 750,000.00 Subtotal: PHP 978,000.00",LEGAL_FEES,2
"Attention: Lisa Macias Date: August 16, 2012 Re: Comprehensive Legal Services Package (6 items) Please see the attached invoice for legal services below rendered by Davis Carter & Hubbard Law Office Office. For any questions or clarifications, feel free to contact us. Thank you for your trust. BILLING STATEMENT Description Qty Unit Price Amount Appellate Jurisdiction Agency Case 7 PHP 75,000.00 PHP 525,000.00 Authority to Do Business in PH 9 PHP 35,000.00 PHP 315,000.00 Civil Case Acceptance - Supreme Court 10 PHP 150,000.00 PHP 1,500,000.00 Criminal Case Acceptance - Regional Trial Courts 1 PHP 75,000.00 PHP 75,000.00 Original Jurisdiction Agency Case 3 PHP 60,000.00 PHP 180,000.00 Building Contract Review/Preparation 3 PHP 228,166.00 PHP 684,498.00 Subtotal: PHP 3,279,498.00",LEGAL_FEES,2
"Attention: Ian Nichols Date: December 21, 1999 Re: Comprehensive Legal Services Package (4 items) Please see the attached invoice for legal services below rendered by Ryan Cole & Butler Law Office Office. For any questions or clarifications, feel free to contact us. Thank you for your trust. BILLING STATEMENT Description Qty Unit Price Amount Appearance - DOLE/POEA/NCMB 2 PHP 2,500.00 PHP 5,000.00 Testate/Intestate Proceedings without Opposition 8 PHP 455,478.00 PHP 3,643,824.00 Preparation and notarization of simple affidavits (jurat) 3 PHP 1,000.00 PHP 3,000.00 Preparation of contracts involving sale 10 PHP 6,122.00 PHP 61,220.00 Subtotal: PHP 3,713,044.00",LEGAL_FEES,2
"Attention: Charles Knight Date: March 20, 2025 Re: Comprehensive Legal Services Package (7 items) Please see the attached invoice for legal services below rendered by Roy Martinez & Barnes Law Office Office. For any questions or clarifications, feel free to contact us. Thank you for your trust. BILLING STATEMENT Description Qty Unit Price Amount Preparation of contracts involving sale 10 PHP 59,248.00 PHP 592,480.00 Criminal Case Acceptance - Supreme Court 2 PHP 150,000.00 PHP 300,000.00 Corporate Resolution Preparation 5 PHP 3,500.00 PHP 17,500.00 Change of Registered Agent/Office 7 PHP 5,000.00 PHP 35,000.00 Non-Stock Articles & By-Laws Preparation 10 PHP 35,000.00 PHP 350,000.00 Patent/Copyright Registration 4 PHP 150,000.00 PHP 600,000.00 Preparation of contracts involving sale 7 PHP 75,563.00 PHP 528,941.00 Subtotal: PHP 2,423,921.00",LEGAL_FEES,2
"Attention: Carrie Wall Date: November 30, 2019 Re: Multiple Legal Services (2 items) Please see the attached invoice for legal services below rendered by Scott Mays & Roberts Law Office Office. For any questions or clarifications, feel free to contact us. Thank you for your trust. BILLING STATEMENT Description Qty Unit Price Amount Original Jurisdiction Agency Case 1 PHP 60,000.00 PHP 60,000.00 Appearance - Prosecutor's Office 5 PHP 6,000.00 PHP 30,000.00 Subtotal: PHP 90,000.00",LEGAL_FEES,2
"Attention: Kristine Ruiz Date: December 31, 2017 Re: Comprehensive Legal Services Package (7 items) Please see the attached invoice for legal services below rendered by Scott Lowe & Nelson Law Office Office. For any questions or clarifications, feel free to contact us. Thank you for your trust. BILLING STATEMENT Description Qty Unit Price Amount Civil Case Acceptance - Municipal Trial Courts 1 PHP 50,000.00 PHP 50,000.00 Preparation of contracts not involving sale 8 PHP 1,500.00 PHP 12,000.00 Agrarian Case - Tenant Representation 1 PHP 76,000.00 PHP 76,000.00 Appellate Jurisdiction Agency Case 10 PHP 75,000.00 PHP 750,000.00 Bond/Collateral/Indemnity Agreement 5 PHP 5,000.00 PHP 25,000.00 Appearance - NLRC 2 PHP 9,000.00 PHP 18,000.00 Monthly Legal Retainer Fee 10 PHP 8,000.00 PHP 80,000.00 Subtotal: PHP 1,011,000.00",LEGAL_FEES,2
"Attention: Anthony Espinoza Date: April 03, 2011 Re: Multiple Legal Services (3 items) Please see the attached invoice for legal services below rendered by Parrish Leblanc & Hunter Law Office Office. For any questions or clarifications, feel free to contact us. Thank you for your trust. BILLING STATEMENT Description Qty Unit Price Amount Non-Stock Articles & By-Laws Preparation 5 PHP 35,000.00 PHP 175,000.00 Civil Case Acceptance - Court of Appeals 8 PHP 85,000.00 PHP 680,000.00 Civil Case Acceptance - Court of Appeals 5 PHP 85,000.00 PHP 425,000.00 Subtotal: PHP 1,280,000.00",LEGAL_FEES,2
"Attention: Jeffrey Harris Date: June 11, 2006 Re: Multiple Legal Services (3 items) Please see the attached invoice for legal services below rendered by Salazar Meyer & Chambers Law Office Office. For any questions or clarifications, feel free to contact us. Thank you for your trust. BILLING STATEMENT Description Qty Unit Price Amount Appearance - DOLE/POEA/NCMB 1 PHP 12,000.00 PHP 12,000.00 Option to Purchase Real Estate 2 PHP 141,859.00 PHP 283,718.00 Land Registration (Without Opposition) 3 PHP 103,481.00 PHP 310,443.00 Subtotal: PHP 606,161.00",LEGAL_FEES,2
"Attention: Xavier Brown Date: January 18, 2005 Re: Multiple Legal Services (2 items) Please see the attached invoice for legal services below rendered by Garcia Reed & Smith Law Office Office. For any questions or clarifications, feel free to contact us. Thank you for your trust. BILLING STATEMENT Description Qty Unit Price Amount Individual Insolvency Proceedings 10 PHP 50,000.00 PHP 500,000.00 Research/Preliminary Study (per hour) 2 PHP 1,500.00 PHP 3,000.00 Subtotal: PHP 503,000.00",LEGAL_FEES,2
"Attention: Erica Wells Date: December 02, 2022 Re: Comprehensive Legal Services Package (7 items) Please see the attached invoice for legal services below rendered by Pitts Sparks & Boyd Law Office Office. For any questions or clarifications, feel free to contact us. Thank you for your trust. BILLING STATEMENT Description Qty Unit Price Amount Agrarian Case - Tenant Representation 2 PHP 77,000.00 PHP 154,000.00 Court Appearance - Sandiganbayan 7 PHP 40,000.00 PHP 280,000.00 CBA Negotiation and Execution 7 PHP 12,500.00 PHP 87,500.00 Partnership Agreement (per month) 2 PHP 9,833.00 PHP 19,666.00 Agrarian Case - Landowner Representation 3 PHP 85,000.00 PHP 255,000.00 Appellate Jurisdiction Agency Case 7 PHP 75,000.00 PHP 525,000.00 Monthly Legal Retainer Fee 9 PHP 8,000.00 PHP 72,000.00 Subtotal: PHP 1,393,166.00",LEGAL_FEES,2
"Attention: Cynthia Yang Date: May 02, 2020 Re: Multiple Legal Services (2 items) Please see the attached invoice for legal services below rendered by Whitehead Davidson & Sharp Law Office Office. For any questions or clarifications, feel free to contact us. Thank you for your trust. BILLING STATEMENT Description Qty Unit Price Amount Non-Stock Articles & By-Laws Preparation 4 PHP 35,000.00 PHP 140,000.00 Change of Registered Agent/Office - Foreign 1 PHP 25,000.00 PHP 25,000.00 Subtotal: PHP 165,000.00",LEGAL_FEES,2
"Attention: James Monroe Date: September 21, 2020 Re: Multiple Legal Services (2 items) Please see the attached invoice for legal services below rendered by Coleman Russell & Perry Law Office Office. For any questions or clarifications, feel free to contact us. Thank you for your trust. BILLING STATEMENT Description Qty Unit Price Amount Monthly Legal Retainer Fee 3 PHP 8,000.00 PHP 24,000.00 Non-Stock Articles & By-Laws Preparation 2 PHP 35,000.00 PHP 70,000.00 Subtotal: PHP 94,000.00",LEGAL_FEES,2
"Attention: Kara Burns Date: November 11, 2017 Re: Multiple Legal Services (3 items) Please see the attached invoice for legal services below rendered by Ruiz Morgan & Dalton Law Office Office. For any questions or clarifications, feel free to contact us. Thank you for your trust. BILLING STATEMENT Description Qty Unit Price Amount Agrarian Case - Landowner Representation 4 PHP 90,000.00 PHP 360,000.00 CBA Preparation & Acknowledgement 8 PHP 30,000.00 PHP 240,000.00 Monthly Legal Retainer Fee 5 PHP 8,000.00 PHP 40,000.00 Subtotal: PHP 640,000.00",LEGAL_FEES,2
"Attention: Billy Nelson Date: October 19, 1999 Re: Multiple Legal Services (3 items) Please see the attached invoice for legal services below rendered by Young Davis & Decker Law Office Office. For any questions or clarifications, feel free to contact us. Thank you for your trust. BILLING STATEMENT Description Qty Unit Price Amount Criminal Case Acceptance - Regional Trial Courts 5 PHP 75,000.00 PHP 375,000.00 Appellate Jurisdiction Agency Case 7 PHP 75,000.00 PHP 525,000.00 Non-Stock Articles & By-Laws Preparation 5 PHP 35,000.00 PHP 175,000.00 Subtotal: PHP 1,075,000.00",LEGAL_FEES,2
"Attention: Paula Day Date: January 08, 2019 Re: Comprehensive Legal Services Package (7 items) Please see the attached invoice for legal services below rendered by Nicholson Banks & Mccoy Law Office Office. For any questions or clarifications, feel free to contact us. Thank you for your trust. BILLING STATEMENT Description Qty Unit Price Amount Domestic Adoption Proceedings 6 PHP 75,000.00 PHP 450,000.00 Monthly Legal Retainer Fee 5 PHP 8,000.00 PHP 40,000.00 Non-Stock Articles & By-Laws Preparation 5 PHP 35,000.00 PHP 175,000.00 Monthly Legal Retainer Fee 2 PHP 8,000.00 PHP 16,000.00 New Owner's Duplicate of Title 6 PHP 50,000.00 PHP 300,000.00 Non-Stock Articles & By-Laws Preparation 7 PHP 35,000.00 PHP 245,000.00 Monthly Legal Retainer Fee 2 PHP 8,000.00 PHP 16,000.00 Subtotal: PHP 1,242,000.00",LEGAL_FEES,2
"Attention: Brian Mcdonald Date: November 04, 2019 Re: Comprehensive Legal Services Package (7 items) Please see the attached invoice for legal services below rendered by Alvarez Walter & Dunn Law Office Office. For any questions or clarifications, feel free to contact us. Thank you for your trust. BILLING STATEMENT Description Qty Unit Price Amount Partnership Agreement (per month) 5 PHP 8,345.00 PHP 41,725.00 Original Jurisdiction Agency Case 3 PHP 60,000.00 PHP 180,000.00 Land Registration (Without Opposition) 10 PHP 971,662.00 PHP 9,716,620.00 Preparation of contracts involving sale 3 PHP 108,754.00 PHP 326,262.00 Individual Insolvency Proceedings 8 PHP 50,000.00 PHP 400,000.00 Partnership Dissolution 3 PHP 35,000.00 PHP 105,000.00 Preparation of Attorney's Letter 10 PHP 500.00 PHP 5,000.00 Subtotal: PHP 10,774,607.00",LEGAL_FEES,2
"Attention: Megan Smith Date: September 28, 2001 Re: Multiple Legal Services (2 items) Please see the attached invoice for legal services below rendered by Kirk Callahan & Herman Law Office Office. For any questions or clarifications, feel free to contact us. Thank you for your trust. BILLING STATEMENT Description Qty Unit Price Amount Criminal Case Acceptance - Court of Appeals 6 PHP 85,000.00 PHP 510,000.00 Civil Case Acceptance - Supreme Court 6 PHP 150,000.00 PHP 900,000.00 Subtotal: PHP 1,410,000.00",LEGAL_FEES,2
"Attention: Erica Hardin Date: February 26, 2003 Re: Negotiation and Execution of Collective Bargaining Agreement (CBA) Please see the attached invoice for legal services below rendered by Mendez James & Sloan Law Office Office. For any questions or clarifications, feel free to contact us. Thank you for your trust. BILLING STATEMENT Description Qty Unit Price Amount CBA Negotiation and Execution 10 PHP 50,000.00 PHP 500,000.00 Subtotal: PHP 500,000.00",LEGAL_FEES,2
"Attention: Samuel Perez Date: September 06, 2020 Re: Articles of Incorporation and By-Laws of non-stock Please see the attached invoice for legal services below rendered by Parks Tran & Reed Law Office Office. For any questions or clarifications, feel free to contact us. Thank you for your trust. BILLING STATEMENT Description Qty Unit Price Amount Non-Stock Articles & By-Laws Preparation 10 PHP 35,000.00 PHP 350,000.00 Subtotal: PHP 350,000.00",LEGAL_FEES,2
"Attention: Stacey Williams Date: August 10, 2014 Re: Testate/Intestate Proceedings with Opposition Please see the attached invoice for legal services below rendered by Erickson Castaneda & Brown Law Office Office. For any questions or clarifications, feel free to contact us. Thank you for your trust. BILLING STATEMENT Description Qty Unit Price Amount Testate/Intestate Proceedings with Opposition 6 PHP 750,478.00 PHP 4,502,868.00 Subtotal: PHP 4,502,868.00",LEGAL_FEES,2
"Attention: Corey Tanner Date: April 09, 2009 Re: Articles of Incorporation and By-Laws of non-stock Please see the attached invoice for legal services below rendered by Curtis Holland & Wagner Law Office Office. For any questions or clarifications, feel free to contact us. Thank you for your trust. BILLING STATEMENT Description Qty Unit Price Amount Non-Stock Articles & By-Laws Preparation 1 PHP 35,000.00 PHP 35,000.00 Subtotal: PHP 35,000.00",LEGAL_FEES,2
"Attention: Stephanie Jones Date: November 19, 2025 Re: Comprehensive Legal Services Package (7 items) Please see the attached invoice for legal services below rendered by Joseph Decker & Davis Law Office Office. For any questions or clarifications, feel free to contact us. Thank you for your trust. BILLING STATEMENT Description Qty Unit Price Amount Criminal Case Acceptance - Supreme Court 6 PHP 150,000.00 PHP 900,000.00 Withdrawal from Country Documents 10 PHP 35,000.00 PHP 350,000.00 CBA Preparation & Acknowledgement 2 PHP 30,000.00 PHP 60,000.00 Domestic Adoption Proceedings 10 PHP 75,000.00 PHP 750,000.00 Appearance - DOLE/POEA/NCMB 1 PHP 9,000.00 PHP 9,000.00 Appearance - Labor Arbiter 3 PHP 2,000.00 PHP 6,000.00 Civil Case Acceptance - Regional Trial Courts 7 PHP 75,000.00 PHP 525,000.00 Subtotal: PHP 2,600,000.00",LEGAL_FEES,2
"Attention: Warren James Date: November 17, 2003 Re: Comprehensive Legal Services Package (4 items) Please see the attached invoice for legal services below rendered by Morrison Harris & Gardner Law Office Office. For any questions or clarifications, feel free to contact us. Thank you for your trust. BILLING STATEMENT Description Qty Unit Price Amount Monthly Legal Retainer Fee 1 PHP 8,000.00 PHP 8,000.00 Appearance - NLRC 6 PHP 3,000.00 PHP 18,000.00 Non-Stock Articles & By-Laws Preparation 3 PHP 35,000.00 PHP 105,000.00 Building Contract Review/Preparation 10 PHP 257,169.00 PHP 2,571,690.00 Subtotal: PHP 2,702,690.00",LEGAL_FEES,2
"Attention: Chad Curtis Date: February 12, 2017 Re: Comprehensive Legal Services Package (4 items) Please see the attached invoice for legal services below rendered by Nelson Peters & Harris Law Office Office. For any questions or clarifications, feel free to contact us. Thank you for your trust. BILLING STATEMENT Description Qty Unit Price Amount Non-Stock Articles & By-Laws Preparation 3 PHP 35,000.00 PHP 105,000.00 Civil Case Acceptance - Municipal Trial Courts 5 PHP 50,000.00 PHP 250,000.00 Corporate Dissolution Documents 3 PHP 25,000.00 PHP 75,000.00 Option to Purchase Real Estate 5 PHP 134,606.00 PHP 673,030.00 Subtotal: PHP 1,103,030.00",LEGAL_FEES,2
"Attention: Nicholas Edwards Date: August 30, 2023 Re: Comprehensive Legal Services Package (5 items) Please see the attached invoice for legal services below rendered by Robinson Santos & Martin Law Office Office. For any questions or clarifications, feel free to contact us. Thank you for your trust. BILLING STATEMENT Description Qty Unit Price Amount Court Appearance - Regional Trial Courts 8 PHP 3,500.00 PHP 28,000.00 Authentication of documents 3 PHP 800.00 PHP 2,400.00 Partnership Dissolution 3 PHP 35,000.00 PHP 105,000.00 Appearance - OMB 9 PHP 2,500.00 PHP 22,500.00 Criminal Case Acceptance - Municipal Trial Courts 8 PHP 50,000.00 PHP 400,000.00 Subtotal: PHP 557,900.00",LEGAL_FEES,2
"Attention: Barbara Diaz Date: December 03, 1999 Re: Comprehensive Legal Services Package (5 items) Please see the attached invoice for legal services below rendered by Lane Jackson & King Law Office Office. For any questions or clarifications, feel free to contact us. Thank you for your trust. BILLING STATEMENT Description Qty Unit Price Amount Husband & Wife Insolvency (Additional) 3 PHP 30,000.00 PHP 90,000.00 Individual Insolvency Proceedings 3 PHP 50,000.00 PHP 150,000.00 Civil Case Acceptance - Municipal Trial Courts 6 PHP 50,000.00 PHP 300,000.00 Monthly Legal Retainer Fee 6 PHP 8,000.00 PHP 48,000.00 Partnership Agreement (per month) 3 PHP 8,848.00 PHP 26,544.00 Subtotal: PHP 614,544.00",LEGAL_FEES,2
"Attention: Andrea Sellers Date: March 08, 2010 Re: Change of registered agent or office Please see the attached invoice for legal services below rendered by Blankenship Sullivan & Nguyen Law Office Office. For any questions or clarifications, feel free to contact us. Thank you for your trust. BILLING STATEMENT Description Qty Unit Price Amount Change of Registered Agent/Office 9 PHP 5,000.00 PHP 45,000.00 Subtotal: PHP 45,000.00",LEGAL_FEES,2
"Attention: Jessica Diaz Date: April 24, 1998 Re: Multiple Legal Services (2 items) Please see the attached invoice for legal services below rendered by Chen Ward & Hunt Law Office Office. For any questions or clarifications, feel free to contact us. Thank you for your trust. BILLING STATEMENT Description Qty Unit Price Amount Preparation of Attorney's Letter 5 PHP 500.00 PHP 2,500.00 Plain Consultation (per hour) 1 PHP 1,000.00 PHP 1,000.00 Subtotal: PHP 3,500.00",LEGAL_FEES,2
"Attention: Taylor Contreras Date: November 15, 2021 Re: Multiple Legal Services (2 items) Please see the attached invoice for legal services below rendered by Jackson Simpson & Jones Law Office Office. For any questions or clarifications, feel free to contact us. Thank you for your trust. BILLING STATEMENT Description Qty Unit Price Amount Non-Stock Articles & By-Laws Preparation 5 PHP 35,000.00 PHP 175,000.00 Criminal Case Acceptance - Municipal Trial Courts 9 PHP 50,000.00 PHP 450,000.00 Subtotal: PHP 625,000.00",LEGAL_FEES,2
"Attention: Tracy Branch Date: December 10, 2019 Re: Multiple Legal Services (3 items) Please see the attached invoice for legal services below rendered by Norton Little & Brown Law Office Office. For any questions or clarifications, feel free to contact us. Thank you for your trust. BILLING STATEMENT Description Qty Unit Price Amount Eminent Domain/Expropriation Proceedings 1 PHP 469,949.00 PHP 469,949.00 Articles of Partnership Drafting 1 PHP 110,000.00 PHP 110,000.00 Agrarian Case - Tenant Representation 10 PHP 77,000.00 PHP 770,000.00 Subtotal: PHP 1,349,949.00",LEGAL_FEES,2
"Attention: John Diaz Date: April 17, 2026 Re: Multiple Legal Services (3 items) Please see the attached invoice for legal services below rendered by Johnson Garcia & Murillo Law Office Office. For any questions or clarifications, feel free to contact us. Thank you for your trust. BILLING STATEMENT Description Qty Unit Price Amount Appellate Jurisdiction Agency Case 7 PHP 75,000.00 PHP 525,000.00 Agrarian Case - Landowner Representation 2 PHP 95,000.00 PHP 190,000.00 Preparation of contracts not involving sale 5 PHP 1,500.00 PHP 7,500.00 Subtotal: PHP 722,500.00",LEGAL_FEES,2
"Attention: Julia Kelly Date: April 16, 2012 Re: Comprehensive Legal Services Package (4 items) Please see the attached invoice for legal services below rendered by Lloyd Hansen & Combs Law Office Office. For any questions or clarifications, feel free to contact us. Thank you for your trust. BILLING STATEMENT Description Qty Unit Price Amount Eminent Domain/Expropriation Proceedings 5 PHP 139,338.00 PHP 696,690.00 Naturalization Proceedings 8 PHP 150,000.00 PHP 1,200,000.00 Original Jurisdiction Agency Case 2 PHP 60,000.00 PHP 120,000.00 Authority to Do Business in PH 7 PHP 35,000.00 PHP 245,000.00 Subtotal: PHP 2,261,690.00",LEGAL_FEES,2
"Attention: Jeremy Herring Date: March 06, 1998 Re: Comprehensive Legal Services Package (6 items) Please see the attached invoice for legal services below rendered by Little Brown & Ritter Law Office Office. For any questions or clarifications, feel free to contact us. Thank you for your trust. BILLING STATEMENT Description Qty Unit Price Amount Original Jurisdiction Agency Case 8 PHP 60,000.00 PHP 480,000.00 Consultation with written advice (per hour or per page) 5 PHP 1,000.00 PHP 5,000.00 Registered Agent Registration Documents 10 PHP 10,000.00 PHP 100,000.00 Consultation with written advice (per hour or per page) 5 PHP 1,000.00 PHP 5,000.00 Agrarian Case - Tenant Representation 7 PHP 77,000.00 PHP 539,000.00 Civil Case Acceptance - Supreme Court 9 PHP 150,000.00 PHP 1,350,000.00 Subtotal: PHP 2,479,000.00",LEGAL_FEES,2
"Attention: Dylan Gilbert Date: September 15, 2010 Re: Multiple Legal Services (3 items) Please see the attached invoice for legal services below rendered by Hayes Jacobson & Williams Law Office Office. For any questions or clarifications, feel free to contact us. Thank you for your trust. BILLING STATEMENT Description Qty Unit Price Amount Deed of Donation Preparation 4 PHP 28,835.00 PHP 115,340.00 Building Contract Review/Preparation 8 PHP 79,062.00 PHP 632,496.00 Criminal Case Acceptance - Court of Appeals 7 PHP 85,000.00 PHP 595,000.00 Subtotal: PHP 1,342,836.00",LEGAL_FEES,2
"Attention: Isaac Acosta Date: March 11, 2007 Re: Multiple Legal Services (3 items) Please see the attached invoice for legal services below rendered by Herman Robbins & Taylor Law Office Office. For any questions or clarifications, feel free to contact us. Thank you for your trust. BILLING STATEMENT Description Qty Unit Price Amount Testate/Intestate Proceedings with Opposition 8 PHP 503,502.00 PHP 4,028,016.00 Trade Name Registration 3 PHP 10,000.00 PHP 30,000.00 Non-Stock Articles & By-Laws Preparation 5 PHP 35,000.00 PHP 175,000.00 Subtotal: PHP 4,233,016.00",LEGAL_FEES,2
"Attention: Amber Wheeler Date: June 04, 1997 Re: Reconstitution of title Please see the attached invoice for legal services below rendered by Lloyd Shaw & Fisher Law Office Office. For any questions or clarifications, feel free to contact us. Thank you for your trust. BILLING STATEMENT Description Qty Unit Price Amount Reconstitution of Title 9 PHP 75,000.00 PHP 675,000.00 Subtotal: PHP 675,000.00",LEGAL_FEES,2
"Attention: Megan King Date: August 10, 2013 Re: Filing creditor's claim Please see the attached invoice for legal services below rendered by Herrera Arellano & Davis Law Office Office. For any questions or clarifications, feel free to contact us. Thank you for your trust. BILLING STATEMENT Description Qty Unit Price Amount Creditor's Claim Filing 3 PHP 10,000.00 PHP 30,000.00 Subtotal: PHP 30,000.00",LEGAL_FEES,2
"Attention: Morgan Butler Date: November 30, 2010 Re: Comprehensive Legal Services Package (7 items) Please see the attached invoice for legal services below rendered by Gonzalez Hanson & Wallace Law Office Office. For any questions or clarifications, feel free to contact us. Thank you for your trust. BILLING STATEMENT Description Qty Unit Price Amount Corporate Charter Amendment 9 PHP 30,000.00 PHP 270,000.00 Research/Preliminary Study (per hour) 9 PHP 1,500.00 PHP 13,500.00 Election Case Representation 9 PHP 120,000.00 PHP 1,080,000.00 Change of Registered Agent/Office - Foreign 1 PHP 25,000.00 PHP 25,000.00 Husband & Wife Insolvency (Additional) 8 PHP 30,000.00 PHP 240,000.00 Non-Stock Articles & By-Laws Preparation 5 PHP 35,000.00 PHP 175,000.00 Agrarian Case - Landowner Representation 3 PHP 100,000.00 PHP 300,000.00 Subtotal: PHP 2,103,500.00",LEGAL_FEES,2
"Attention: Alicia Beck Date: May 11, 2010 Re: Comprehensive Legal Services Package (6 items) Please see the attached invoice for legal services below rendered by Henry Myers & Salazar Law Office Office. For any questions or clarifications, feel free to contact us. Thank you for your trust. BILLING STATEMENT Description Qty Unit Price Amount Criminal Case Acceptance - Municipal Trial Courts 2 PHP 50,000.00 PHP 100,000.00 Partnership Dissolution 8 PHP 35,000.00 PHP 280,000.00 Authority to Do Business in PH 1 PHP 35,000.00 PHP 35,000.00 CBA Preparation & Acknowledgement 1 PHP 30,000.00 PHP 30,000.00 Appellate Jurisdiction Agency Case 4 PHP 75,000.00 PHP 300,000.00 Immigration Services 5 PHP 50,000.00 PHP 250,000.00 Subtotal: PHP 995,000.00",LEGAL_FEES,2
"Attention: Christopher Perry Date: November 14, 2012 Re: Comprehensive Legal Services Package (6 items) Please see the attached invoice for legal services below rendered by Hunter Todd & Nelson Law Office Office. For any questions or clarifications, feel free to contact us. Thank you for your trust. BILLING STATEMENT Description Qty Unit Price Amount Non-Stock Articles & By-Laws Preparation 7 PHP 35,000.00 PHP 245,000.00 Domestic Adoption Proceedings 5 PHP 75,000.00 PHP 375,000.00 Eminent Domain/Expropriation Proceedings 6 PHP 104,085.00 PHP 624,510.00 CBA Negotiation and Execution 7 PHP 50,000.00 PHP 350,000.00 Mortgage Release/Extension 5 PHP 3,000.00 PHP 15,000.00 Preparation of Attorney's Letter 10 PHP 500.00 PHP 5,000.00 Subtotal: PHP 1,614,510.00",LEGAL_FEES,2
"Attention: Shawn Rosales Date: July 27, 2018 Re: Multiple Legal Services (2 items) Please see the attached invoice for legal services below rendered by Evans Heath & Gardner Law Office Office. For any questions or clarifications, feel free to contact us. Thank you for your trust. BILLING STATEMENT Description Qty Unit Price Amount Appearance - OMB 4 PHP 6,000.00 PHP 24,000.00 Civil Case Acceptance - Supreme Court 2 PHP 150,000.00 PHP 300,000.00 Subtotal: PHP 324,000.00",LEGAL_FEES,2
"Attention: Scott Duarte Date: February 22, 2018 Re: Comprehensive Legal Services Package (7 items) Please see the attached invoice for legal services below rendered by Bauer Rush & Sheppard Law Office Office. For any questions or clarifications, feel free to contact us. Thank you for your trust. BILLING STATEMENT Description Qty Unit Price Amount Original Jurisdiction Agency Case 10 PHP 60,000.00 PHP 600,000.00 Appellate Jurisdiction Agency Case 7 PHP 75,000.00 PHP 525,000.00 Appearance - OMB 1 PHP 2,500.00 PHP 2,500.00 Monthly Legal Retainer Fee 4 PHP 8,000.00 PHP 32,000.00 Non-Stock Articles & By-Laws Preparation 2 PHP 35,000.00 PHP 70,000.00 Change of Registered Agent/Office - Foreign 4 PHP 25,000.00 PHP 100,000.00 Bond/Collateral/Indemnity Agreement 1 PHP 5,000.00 PHP 5,000.00 Subtotal: PHP 1,334,500.00",LEGAL_FEES,2
"Attention: Michael Newton Date: April 05, 2005 Re: Comprehensive Legal Services Package (5 items) Please see the attached invoice for legal services below rendered by Maynard Mitchell & Lee Law Office Office. For any questions or clarifications, feel free to contact us. Thank you for your trust. BILLING STATEMENT Description Qty Unit Price Amount Monthly Legal Retainer Fee 2 PHP 8,000.00 PHP 16,000.00 Non-Stock Articles & By-Laws Preparation 8 PHP 35,000.00 PHP 280,000.00 Partnership Dissolution 2 PHP 35,000.00 PHP 70,000.00 Change of Registered Agent/Office 4 PHP 5,000.00 PHP 20,000.00 Agrarian Case - Tenant Representation 3 PHP 76,000.00 PHP 228,000.00 Subtotal: PHP 614,000.00",LEGAL_FEES,2
"Attention: Scott Parks Date: March 18, 2009 Re: Multiple Legal Services (2 items) Please see the attached invoice for legal services below rendered by Anderson Williams & Weber Law Office Office. For any questions or clarifications, feel free to contact us. Thank you for your trust. BILLING STATEMENT Description Qty Unit Price Amount Immigration Services 8 PHP 50,000.00 PHP 400,000.00 Civil Case Acceptance - Court of Appeals 1 PHP 85,000.00 PHP 85,000.00 Subtotal: PHP 485,000.00",LEGAL_FEES,2
"Attention: Candace Cummings Date: August 02, 2003 Re: Simple Articles of Incorporation and By-Laws Please see the attached invoice for legal services below rendered by Johnson Jones & George Law Office Office. For any questions or clarifications, feel free to contact us. Thank you for your trust. BILLING STATEMENT Description Qty Unit Price Amount Articles of Incorporation and By-Laws Preparation 7 PHP 62,000.00 PHP 434,000.00 Subtotal: PHP 434,000.00",LEGAL_FEES,2
"Attention: Brandon Perry Date: August 03, 1999 Re: Multiple Legal Services (2 items) Please see the attached invoice for legal services below rendered by Lang Palmer & Kemp Law Office Office. For any questions or clarifications, feel free to contact us. Thank you for your trust. BILLING STATEMENT Description Qty Unit Price Amount Criminal Case Acceptance - Municipal Trial Courts 10 PHP 50,000.00 PHP 500,000.00 Criminal Case Acceptance - Regional Trial Courts 4 PHP 75,000.00 PHP 300,000.00 Subtotal: PHP 800,000.00",LEGAL_FEES,2
"Attention: Samuel Archer Date: February 13, 2015 Re: Comprehensive Legal Services Package (4 items) Please see the attached invoice for legal services below rendered by Armstrong Joseph & Vega Law Office Office. For any questions or clarifications, feel free to contact us. Thank you for your trust. BILLING STATEMENT Description Qty Unit Price Amount Deed of Donation Preparation 7 PHP 38,566.00 PHP 269,962.00 Civil Case Acceptance - Municipal Trial Courts 8 PHP 50,000.00 PHP 400,000.00 Partnership Dissolution 5 PHP 35,000.00 PHP 175,000.00 Non-Stock Articles & By-Laws Preparation 10 PHP 35,000.00 PHP 350,000.00 Subtotal: PHP 1,194,962.00",LEGAL_FEES,2
"Attention: Haley Estrada Date: October 19, 2010 Re: Comprehensive Legal Services Package (5 items) Please see the attached invoice for legal services below rendered by Pena Reyes & Werner Law Office Office. For any questions or clarifications, feel free to contact us. Thank you for your trust. BILLING STATEMENT Description Qty Unit Price Amount Stockholders Agreement/Voting Trust 10 PHP 30,000.00 PHP 300,000.00 Eminent Domain/Expropriation Proceedings 10 PHP 258,121.00 PHP 2,581,210.00 Consultation with written advice (per hour or per page) 5 PHP 1,000.00 PHP 5,000.00 CBA Preparation & Acknowledgement 1 PHP 30,000.00 PHP 30,000.00 Husband & Wife Insolvency (Additional) 8 PHP 30,000.00 PHP 240,000.00 Subtotal: PHP 3,156,210.00",LEGAL_FEES,2
"Attention: Brandon Anderson Date: October 31, 2012 Re: Comprehensive Legal Services Package (6 items) Please see the attached invoice for legal services below rendered by Herring Johnson & Hawkins Law Office Office. For any questions or clarifications, feel free to contact us. Thank you for your trust. BILLING STATEMENT Description Qty Unit Price Amount Change of Registered Agent/Office - Foreign 7 PHP 25,000.00 PHP 175,000.00 Change of Registered Agent/Office 8 PHP 5,000.00 PHP 40,000.00 Trade Name Registration 3 PHP 10,000.00 PHP 30,000.00 Appellate Jurisdiction Agency Case 10 PHP 75,000.00 PHP 750,000.00 Corporate Dissolution Documents 4 PHP 25,000.00 PHP 100,000.00 Building Contract Review/Preparation 7 PHP 149,001.00 PHP 1,043,007.00 Subtotal: PHP 2,138,007.00",LEGAL_FEES,2
"Attention: Travis Callahan Date: March 05, 2001 Re: Multiple Legal Services (3 items) Please see the attached invoice for legal services below rendered by Anderson Cross & Blevins Law Office Office. For any questions or clarifications, feel free to contact us. Thank you for your trust. BILLING STATEMENT Description Qty Unit Price Amount Preparation of contracts not involving sale 2 PHP 1,500.00 PHP 3,000.00 Criminal Case Acceptance - Court of Appeals 2 PHP 85,000.00 PHP 170,000.00 Deed of Donation Preparation 6 PHP 118,757.00 PHP 712,542.00 Subtotal: PHP 885,542.00",LEGAL_FEES,2
"Attention: David Gutierrez Date: May 17, 2011 Re: Comprehensive Legal Services Package (5 items) Please see the attached invoice for legal services below rendered by Simmons Haas & White Law Office Office. For any questions or clarifications, feel free to contact us. Thank you for your trust. BILLING STATEMENT Description Qty Unit Price Amount Monthly Legal Retainer Fee 4 PHP 8,000.00 PHP 32,000.00 Criminal Case Acceptance - Court of Appeals 2 PHP 85,000.00 PHP 170,000.00 Criminal Case Acceptance - Regional Trial Courts 2 PHP 75,000.00 PHP 150,000.00 Partnership Dissolution 5 PHP 35,000.00 PHP 175,000.00 Non-Stock Articles & By-Laws Preparation 6 PHP 35,000.00 PHP 210,000.00 Subtotal: PHP 737,000.00",LEGAL_FEES,2
"Attention: Leslie Ellis Date: August 25, 2026 Re: Change of registered agent or office Please see the attached invoice for legal services below rendered by Hensley Wheeler & Cardenas Law Office Office. For any questions or clarifications, feel free to contact us. Thank you for your trust. BILLING STATEMENT Description Qty Unit Price Amount Change of Registered Agent/Office 7 PHP 5,000.00 PHP 35,000.00 Subtotal: PHP 35,000.00",LEGAL_FEES,2
"Attention: Jeremy Ellis Date: February 11, 2017 Re: Comprehensive Legal Services Package (7 items) Please see the attached invoice for legal services below rendered by Wolfe Johnson & Alvarez Law Office Office. For any questions or clarifications, feel free to contact us. Thank you for your trust. BILLING STATEMENT Description Qty Unit Price Amount Preparation and notarization of simple affidavits (jurat) 5 PHP 1,000.00 PHP 5,000.00 Agrarian Case - Landowner Representation 8 PHP 85,000.00 PHP 680,000.00 Reconstitution of Title 2 PHP 75,000.00 PHP 150,000.00 CBA Preparation & Acknowledgement 1 PHP 30,000.00 PHP 30,000.00 Civil Case Acceptance - Regional Trial Courts 9 PHP 75,000.00 PHP 675,000.00 Consultation with written advice (per hour or per page) 4 PHP 1,000.00 PHP 4,000.00 Non-Stock Articles & By-Laws Preparation 2 PHP 35,000.00 PHP 70,000.00 Subtotal: PHP 1,614,000.00",LEGAL_FEES,2
"Attention: Patricia Lee Date: July 26, 2026 Re: Comprehensive Legal Services Package (4 items) Please see the attached invoice for legal services below rendered by Morgan Bowen & Johnson Law Office Office. For any questions or clarifications, feel free to contact us. Thank you for your trust. BILLING STATEMENT Description Qty Unit Price Amount Individual Insolvency Proceedings 10 PHP 50,000.00 PHP 500,000.00 Agrarian Case - Landowner Representation 7 PHP 95,000.00 PHP 665,000.00 Criminal Case Acceptance - Regional Trial Courts 10 PHP 75,000.00 PHP 750,000.00 Bond/Collateral/Indemnity Agreement 1 PHP 5,000.00 PHP 5,000.00 Subtotal: PHP 1,920,000.00",LEGAL_FEES,2
"Attention: Timothy Blackburn Date: April 04, 2016 Re: Immigration Please see the attached invoice for legal services below rendered by Johnson Nguyen & Ortega Law Office Office. For any questions or clarifications, feel free to contact us. Thank you for your trust. BILLING STATEMENT Description Qty Unit Price Amount Immigration Services 6 PHP 50,000.00 PHP 300,000.00 Subtotal: PHP 300,000.00",LEGAL_FEES,2
"Attention: Natasha Mcclain Date: August 08, 2006 Re: Multiple Legal Services (3 items) Please see the attached invoice for legal services below rendered by Williams Stevenson & Lee Law Office Office. For any questions or clarifications, feel free to contact us. Thank you for your trust. BILLING STATEMENT Description Qty Unit Price Amount Monthly Legal Retainer Fee 10 PHP 8,000.00 PHP 80,000.00 Agrarian Case - Landowner Representation 3 PHP 85,000.00 PHP 255,000.00 Civil Case Acceptance - Regional Trial Courts 10 PHP 75,000.00 PHP 750,000.00 Subtotal: PHP 1,085,000.00",LEGAL_FEES,2
"Attention: Sara Wright Date: August 23, 2018 Re: Comprehensive Legal Services Package (6 items) Please see the attached invoice for legal services below rendered by Richardson Patel & Nelson Law Office Office. For any questions or clarifications, feel free to contact us. Thank you for your trust. BILLING STATEMENT Description Qty Unit Price Amount Civil Case Acceptance - Regional Trial Courts 4 PHP 75,000.00 PHP 300,000.00 Court Appearance - Regional Trial Courts 4 PHP 3,500.00 PHP 14,000.00 Trade Name Registration 5 PHP 10,000.00 PHP 50,000.00 Plain Consultation (per hour) 3 PHP 1,000.00 PHP 3,000.00 Civil Case Acceptance - Regional Trial Courts 2 PHP 75,000.00 PHP 150,000.00 Appellate Jurisdiction Agency Case 10 PHP 75,000.00 PHP 750,000.00 Subtotal: PHP 1,267,000.00",LEGAL_FEES,2
"Attention: Zachary Hunt Date: August 24, 2023 Re: Multiple Legal Services (2 items) Please see the attached invoice for legal services below rendered by Lee Garcia & Hansen Law Office Office. For any questions or clarifications, feel free to contact us. Thank you for your trust. BILLING STATEMENT Description Qty Unit Price Amount Agrarian Case - Tenant Representation 2 PHP 80,000.00 PHP 160,000.00 Trade Name Registration 5 PHP 10,000.00 PHP 50,000.00 Subtotal: PHP 210,000.00",LEGAL_FEES,2
"Attention: Benjamin Ward Date: August 01, 2019 Re: Comprehensive Legal Services Package (4 items) Please see the attached invoice for legal services below rendered by Joseph Montes & Hudson Law Office Office. For any questions or clarifications, feel free to contact us. Thank you for your trust. BILLING STATEMENT Description Qty Unit Price Amount Agrarian Case - Tenant Representation 9 PHP 78,000.00 PHP 702,000.00 Monthly Legal Retainer Fee 6 PHP 8,000.00 PHP 48,000.00 Agrarian Case - Landowner Representation 5 PHP 80,000.00 PHP 400,000.00 Agrarian Case - Tenant Representation 2 PHP 80,000.00 PHP 160,000.00 Subtotal: PHP 1,310,000.00",LEGAL_FEES,2
"Attention: Richard Mcdonald Date: February 14, 1996 Re: Multiple Legal Services (3 items) Please see the attached invoice for legal services below rendered by Walker Gonzalez & Pacheco Law Office Office. For any questions or clarifications, feel free to contact us. Thank you for your trust. BILLING STATEMENT Description Qty Unit Price Amount Monthly Legal Retainer Fee 9 PHP 8,000.00 PHP 72,000.00 Preparation of Attorney's Letter 4 PHP 500.00 PHP 2,000.00 Preparation of contracts involving sale 8 PHP 121,753.00 PHP 974,024.00 Subtotal: PHP 1,048,024.00",LEGAL_FEES,2
"Attention: Linda Walsh Date: October 06, 2025 Re: Comprehensive Legal Services Package (6 items) Please see the attached invoice for legal services below rendered by Choi Ramirez & Roberson Law Office Office. For any questions or clarifications, feel free to contact us. Thank you for your trust. BILLING STATEMENT Description Qty Unit Price Amount Court Appearance - Ombudsman 1 PHP 10,000.00 PHP 10,000.00 Option to Purchase Real Estate 3 PHP 109,030.00 PHP 327,090.00 Criminal Case Acceptance - Regional Trial Courts 1 PHP 75,000.00 PHP 75,000.00 Preparation of contracts involving sale 7 PHP 80,670.00 PHP 564,690.00 Monthly Legal Retainer Fee 3 PHP 8,000.00 PHP 24,000.00 Civil Case Acceptance - Supreme Court 7 PHP 150,000.00 PHP 1,050,000.00 Subtotal: PHP 2,050,780.00",LEGAL_FEES,2
"Attention: Jessica Edwards Date: October 04, 1996 Re: Multiple Legal Services (2 items) Please see the attached invoice for legal services below rendered by Cruz Jones & Mcdonald Law Office Office. For any questions or clarifications, feel free to contact us. Thank you for your trust. BILLING STATEMENT Description Qty Unit Price Amount Partnership Agreement (per month) 9 PHP 9,983.00 PHP 89,847.00 Partnership Dissolution 8 PHP 35,000.00 PHP 280,000.00 Subtotal: PHP 369,847.00",LEGAL_FEES,2
"Attention: Suzanne Zimmerman Date: December 21, 2001 Re: Multiple Legal Services (3 items) Please see the attached invoice for legal services below rendered by Mcdonald Gomez & Drake Law Office Office. For any questions or clarifications, feel free to contact us. Thank you for your trust. BILLING STATEMENT Description Qty Unit Price Amount Appearance - OMB 6 PHP 2,500.00 PHP 15,000.00 Corporate Resolution Preparation 3 PHP 3,500.00 PHP 10,500.00 Original Jurisdiction Agency Case 9 PHP 60,000.00 PHP 540,000.00 Subtotal: PHP 565,500.00",LEGAL_FEES,2
"Attention: Jennifer Stevens Date: November 22, 2014 Re: Multiple Legal Services (3 items) Please see the attached invoice for legal services below rendered by Cox Weeks & Peters Law Office Office. For any questions or clarifications, feel free to contact us. Thank you for your trust. BILLING STATEMENT Description Qty Unit Price Amount Articles of Partnership Drafting 10 PHP 40,000.00 PHP 400,000.00 Preparation and notarization of simple affidavits (jurat) 7 PHP 1,000.00 PHP 7,000.00 Original Jurisdiction Agency Case 4 PHP 60,000.00 PHP 240,000.00 Subtotal: PHP 647,000.00",LEGAL_FEES,2
"Attention: Lori Mcdonald Date: July 15, 1996 Re: Comprehensive Legal Services Package (4 items) Please see the attached invoice for legal services below rendered by Lawson Wise & Hunt Law Office Office. For any questions or clarifications, feel free to contact us. Thank you for your trust. BILLING STATEMENT Description Qty Unit Price Amount Domestic Adoption Proceedings 10 PHP 75,000.00 PHP 750,000.00 Monthly Legal Retainer Fee 6 PHP 8,000.00 PHP 48,000.00 Corporate Resolution Preparation 9 PHP 3,500.00 PHP 31,500.00 Civil Case Acceptance - Supreme Court 10 PHP 150,000.00 PHP 1,500,000.00 Subtotal: PHP 2,329,500.00",LEGAL_FEES,2
"Attention: Lori Humphrey Date: March 30, 2005 Re: Registration of trade name Please see the attached invoice for legal services below rendered by Obrien Gates & Frazier Law Office Office. For any questions or clarifications, feel free to contact us. Thank you for your trust. BILLING STATEMENT Description Qty Unit Price Amount Trade Name Registration 3 PHP 10,000.00 PHP 30,000.00 Subtotal: PHP 30,000.00",LEGAL_FEES,2
"Attention: Krista Heath Date: January 08, 2019 Re: Comprehensive Legal Services Package (7 items) Please see the attached invoice for legal services below rendered by Mason Roy & Nichols Law Office Office. For any questions or clarifications, feel free to contact us. Thank you for your trust. BILLING STATEMENT Description Qty Unit Price Amount Foreign Corp Registered Agent Documents 10 PHP 35,000.00 PHP 350,000.00 Court Appearance - Supreme Court 2 PHP 20,000.00 PHP 40,000.00 Partnership Dissolution 9 PHP 35,000.00 PHP 315,000.00 Agrarian Case - Tenant Representation 3 PHP 80,000.00 PHP 240,000.00 Agrarian Case - Tenant Representation 9 PHP 77,000.00 PHP 693,000.00 Appellate Jurisdiction Agency Case 5 PHP 75,000.00 PHP 375,000.00 Foreign Corp Registered Agent Documents 6 PHP 35,000.00 PHP 210,000.00 Subtotal: PHP 2,223,000.00",LEGAL_FEES,2
"Attention: Daniel Green Date: November 25, 2017 Re: Comprehensive Legal Services Package (7 items) Please see the attached invoice for legal services below rendered by Hayes Garcia & Snyder Law Office Office. For any questions or clarifications, feel free to contact us. Thank you for your trust. BILLING STATEMENT Description Qty Unit Price Amount Agrarian Case - Tenant Representation 5 PHP 80,000.00 PHP 400,000.00 Change of Registered Agent/Office - Foreign 6 PHP 25,000.00 PHP 150,000.00 Testate/Intestate Proceedings without Opposition 6 PHP 99,397.00 PHP 596,382.00 Authentication of documents 5 PHP 100.00 PHP 500.00 Appearance - NLRC 4 PHP 3,000.00 PHP 12,000.00 Civil Case Acceptance - Supreme Court 2 PHP 150,000.00 PHP 300,000.00 Criminal Case Acceptance - Regional Trial Courts 2 PHP 75,000.00 PHP 150,000.00 Subtotal: PHP 1,608,882.00",LEGAL_FEES,2
"Attention: Richard Castro Date: June 14, 2001 Re: Comprehensive Legal Services Package (5 items) Please see the attached invoice for legal services below rendered by Valdez Duffy & Thomas Law Office Office. For any questions or clarifications, feel free to contact us. Thank you for your trust. BILLING STATEMENT Description Qty Unit Price Amount Consultation with written advice (per hour or per page) 8 PHP 1,000.00 PHP 8,000.00 Partnership Dissolution 8 PHP 35,000.00 PHP 280,000.00 Non-Stock Articles & By-Laws Preparation 5 PHP 35,000.00 PHP 175,000.00 Articles of Partnership Drafting 6 PHP 115,000.00 PHP 690,000.00 Appearance - Prosecutor's Office 7 PHP 12,000.00 PHP 84,000.00 Subtotal: PHP 1,237,000.00",LEGAL_FEES,2
"Attention: Betty Howard Date: June 07, 2020 Re: Comprehensive Legal Services Package (7 items) Please see the attached invoice for legal services below rendered by Mccann Cherry & Blackburn Law Office Office. For any questions or clarifications, feel free to contact us. Thank you for your trust. BILLING STATEMENT Description Qty Unit Price Amount Original Jurisdiction Agency Case 10 PHP 60,000.00 PHP 600,000.00 Court Appearance - Municipal Trial Courts 10 PHP 2,500.00 PHP 25,000.00 Partnership Dissolution 7 PHP 35,000.00 PHP 245,000.00 Consultation with written advice (per hour or per page) 1 PHP 1,000.00 PHP 1,000.00 Court Appearance - Supreme Court 2 PHP 5,000.00 PHP 10,000.00 Election Case Representation 9 PHP 120,000.00 PHP 1,080,000.00 Domestic Adoption Proceedings 3 PHP 75,000.00 PHP 225,000.00 Subtotal: PHP 2,186,000.00",LEGAL_FEES,2
"Attention: Jennifer Nelson Date: January 05, 2000 Re: Comprehensive Legal Services Package (7 items) Please see the attached invoice for legal services below rendered by Johnson Duran & Bentley Law Office Office. For any questions or clarifications, feel free to contact us. Thank you for your trust. BILLING STATEMENT Description Qty Unit Price Amount Corporate Reports Filing Preparation 10 PHP 6,000.00 PHP 60,000.00 Authority to Do Business in PH 5 PHP 35,000.00 PHP 175,000.00 Foreign Corp Registered Agent Documents 2 PHP 35,000.00 PHP 70,000.00 Criminal Case Acceptance - Regional Trial Courts 8 PHP 75,000.00 PHP 600,000.00 Business Insolvency Proceedings 10 PHP 25,000.00 PHP 250,000.00 Court Appearance - Sandiganbayan 8 PHP 40,000.00 PHP 320,000.00 Corporate Resolution Preparation 8 PHP 3,500.00 PHP 28,000.00 Subtotal: PHP 1,503,000.00",LEGAL_FEES,2
"Attention: Hannah Wallace Date: December 06, 2013 Re: Multiple Legal Services (3 items) Please see the attached invoice for legal services below rendered by Meyers Barton & Carney Law Office Office. For any questions or clarifications, feel free to contact us. Thank you for your trust. BILLING STATEMENT Description Qty Unit Price Amount Bond/Collateral/Indemnity Agreement 8 PHP 5,000.00 PHP 40,000.00 Patent/Copyright Registration 7 PHP 150,000.00 PHP 1,050,000.00 Non-Stock Articles & By-Laws Preparation 3 PHP 35,000.00 PHP 105,000.00 Subtotal: PHP 1,195,000.00",LEGAL_FEES,2
"Attention: Christopher Phillips Date: February 24, 2003 Re: Comprehensive Legal Services Package (5 items) Please see the attached invoice for legal services below rendered by Johnson Kirk & Williams Law Office Office. For any questions or clarifications, feel free to contact us. Thank you for your trust. BILLING STATEMENT Description Qty Unit Price Amount Articles of Partnership Drafting 3 PHP 75,000.00 PHP 225,000.00 Criminal Case Acceptance - Supreme Court 5 PHP 150,000.00 PHP 750,000.00 Stockholders Agreement/Voting Trust 6 PHP 30,000.00 PHP 180,000.00 Criminal Case Acceptance - Municipal Trial Courts 7 PHP 50,000.00 PHP 350,000.00 Partnership Agreement (per month) 3 PHP 8,557.00 PHP 25,671.00 Subtotal: PHP 1,530,671.00",LEGAL_FEES,2
"Attention: Monica Arellano Date: May 13, 2011 Re: Comprehensive Legal Services Package (7 items) Please see the attached invoice for legal services below rendered by Snow Collins & Buchanan Law Office Office. For any questions or clarifications, feel free to contact us. Thank you for your trust. BILLING STATEMENT Description Qty Unit Price Amount Land Registration (with Opposition) 10 PHP 150,000.00 PHP 1,500,000.00 Agrarian Case - Landowner Representation 8 PHP 90,000.00 PHP 720,000.00 Monthly Legal Retainer Fee 7 PHP 8,000.00 PHP 56,000.00 Partnership Dissolution 5 PHP 35,000.00 PHP 175,000.00 Original Jurisdiction Agency Case 6 PHP 60,000.00 PHP 360,000.00 Non-Stock Articles & By-Laws Preparation 8 PHP 35,000.00 PHP 280,000.00 Monthly Legal Retainer Fee 2 PHP 8,000.00 PHP 16,000.00 Subtotal: PHP 3,107,000.00",LEGAL_FEES,2
"Attention: Jason Duran Date: June 02, 2021 Re: Multiple Legal Services (3 items) Please see the attached invoice for legal services below rendered by Kennedy Miller & Hunt Law Office Office. For any questions or clarifications, feel free to contact us. Thank you for your trust. BILLING STATEMENT Description Qty Unit Price Amount Non-Stock Articles & By-Laws Preparation 10 PHP 35,000.00 PHP 350,000.00 Authority to Do Business in PH 2 PHP 35,000.00 PHP 70,000.00 Monthly Legal Retainer Fee 5 PHP 8,000.00 PHP 40,000.00 Subtotal: PHP 460,000.00",LEGAL_FEES,2
"Attention: Mary Graham Date: November 18, 2021 Re: Comprehensive Legal Services Package (5 items) Please see the attached invoice for legal services below rendered by Chavez Dixon & Rodgers Law Office Office. For any questions or clarifications, feel free to contact us. Thank you for your trust. BILLING STATEMENT Description Qty Unit Price Amount Naturalization Proceedings 6 PHP 150,000.00 PHP 900,000.00 Corporate Charter Amendment 3 PHP 30,000.00 PHP 90,000.00 Criminal Case Acceptance - Regional Trial Courts 5 PHP 75,000.00 PHP 375,000.00 CBA Negotiation and Execution 3 PHP 2,500.00 PHP 7,500.00 Authority to Do Business in PH 8 PHP 35,000.00 PHP 280,000.00 Subtotal: PHP 1,652,500.00",LEGAL_FEES,2
"Attention: Colin Reed Date: July 20, 2020 Re: Preparation of necessary documents for withdrawal from country Please see the attached invoice for legal services below rendered by Mitchell Cross & Snyder Law Office Office. For any questions or clarifications, feel free to contact us. Thank you for your trust. BILLING STATEMENT Description Qty Unit Price Amount Withdrawal from Country Documents 8 PHP 35,000.00 PHP 280,000.00 Subtotal: PHP 280,000.00",LEGAL_FEES,2
"Attention: Danielle Steele Date: June 17, 2012 Re: Multiple Legal Services (3 items) Please see the attached invoice for legal services below rendered by Liu Burns & Taylor Law Office Office. For any questions or clarifications, feel free to contact us. Thank you for your trust. BILLING STATEMENT Description Qty Unit Price Amount Registered Agent Registration Documents 6 PHP 10,000.00 PHP 60,000.00 Authentication of documents 4 PHP 500.00 PHP 2,000.00 Withdrawal from Country Documents 9 PHP 35,000.00 PHP 315,000.00 Subtotal: PHP 377,000.00",LEGAL_FEES,2
"Attention: Diana Salazar Date: May 11, 2013 Re: Comprehensive Legal Services Package (6 items) Please see the attached invoice for legal services below rendered by Mitchell Lopez & Spence Law Office Office. For any questions or clarifications, feel free to contact us. Thank you for your trust. BILLING STATEMENT Description Qty Unit Price Amount Partnership Agreement (per month) 7 PHP 9,045.00 PHP 63,315.00 Court Appearance - Ombudsman 7 PHP 3,000.00 PHP 21,000.00 Civil Case Acceptance - Municipal Trial Courts 10 PHP 50,000.00 PHP 500,000.00 Original Jurisdiction Agency Case 2 PHP 60,000.00 PHP 120,000.00 Foreign Corp Registered Agent Documents 9 PHP 35,000.00 PHP 315,000.00 Change of Registered Agent/Office - Foreign 5 PHP 25,000.00 PHP 125,000.00 Subtotal: PHP 1,144,315.00",LEGAL_FEES,2
"Attention: Gary Williams Date: May 08, 2025 Re: Multiple Legal Services (3 items) Please see the attached invoice for legal services below rendered by Hines Mendez & Smith Law Office Office. For any questions or clarifications, feel free to contact us. Thank you for your trust. BILLING STATEMENT Description Qty Unit Price Amount Eminent Domain/Expropriation Proceedings 3 PHP 394,292.00 PHP 1,182,876.00 Criminal Case Acceptance - Supreme Court 6 PHP 150,000.00 PHP 900,000.00 Court Appearance - Ombudsman 1 PHP 10,000.00 PHP 10,000.00 Subtotal: PHP 2,092,876.00",LEGAL_FEES,2
"Attention: Kevin Holland Date: April 21, 2005 Re: Comprehensive Legal Services Package (7 items) Please see the attached invoice for legal services below rendered by Green Vaughan & Blankenship Law Office Office. For any questions or clarifications, feel free to contact us. Thank you for your trust. BILLING STATEMENT Description Qty Unit Price Amount Land Registration (Without Opposition) 2 PHP 972,513.00 PHP 1,945,026.00 Agrarian Case - Tenant Representation 8 PHP 78,000.00 PHP 624,000.00 Deed of Donation Preparation 4 PHP 78,787.00 PHP 315,148.00 Civil Case Acceptance - Regional Trial Courts 10 PHP 75,000.00 PHP 750,000.00 CBA Negotiation and Execution 9 PHP 50,000.00 PHP 450,000.00 Trade Name Registration 9 PHP 10,000.00 PHP 90,000.00 Criminal Case Acceptance - Municipal Trial Courts 5 PHP 50,000.00 PHP 250,000.00 Subtotal: PHP 4,424,174.00",LEGAL_FEES,2
"Attention: Timothy Lynch Date: October 18, 1997 Re: Multiple Legal Services (3 items) Please see the attached invoice for legal services below rendered by Wilkinson Doyle & Johnson Law Office Office. For any questions or clarifications, feel free to contact us. Thank you for your trust. BILLING STATEMENT Description Qty Unit Price Amount Preparation of contracts involving sale 10 PHP 117,042.00 PHP 1,170,420.00 Corporate Dissolution Documents 5 PHP 25,000.00 PHP 125,000.00 CBA Preparation & Acknowledgement 8 PHP 30,000.00 PHP 240,000.00 Subtotal: PHP 1,535,420.00",LEGAL_FEES,2
"Attention: Matthew Wilson Date: November 08, 2017 Re: Immigration Please see the attached invoice for legal services below rendered by Brown Nelson & Thompson Law Office Office. For any questions or clarifications, feel free to contact us. Thank you for your trust. BILLING STATEMENT Description Qty Unit Price Amount Immigration Services 6 PHP 50,000.00 PHP 300,000.00 Subtotal: PHP 300,000.00",LEGAL_FEES,2
"Attention: Derek Stafford Date: September 28, 1999 Re: Multiple Legal Services (2 items) Please see the attached invoice for legal services below rendered by Garcia Elliott & Choi Law Office Office. For any questions or clarifications, feel free to contact us. Thank you for your trust. BILLING STATEMENT Description Qty Unit Price Amount Civil Case Acceptance - Regional Trial Courts 2 PHP 75,000.00 PHP 150,000.00 Civil Case Acceptance - Court of Appeals 6 PHP 85,000.00 PHP 510,000.00 Subtotal: PHP 660,000.00",LEGAL_FEES,2
"Attention: Valerie Grant Date: September 12, 2011 Re: Comprehensive Legal Services Package (6 items) Please see the attached invoice for legal services below rendered by Huerta Harris & Sims Law Office Office. For any questions or clarifications, feel free to contact us. Thank you for your trust. BILLING STATEMENT Description Qty Unit Price Amount Civil Case Acceptance - Court of Appeals 2 PHP 85,000.00 PHP 170,000.00 Court Appearance - Supreme Court 8 PHP 20,000.00 PHP 160,000.00 Non-Stock Articles & By-Laws Preparation 9 PHP 35,000.00 PHP 315,000.00 Civil Case Acceptance - Regional Trial Courts 10 PHP 75,000.00 PHP 750,000.00 Preparation of contracts not involving sale 7 PHP 1,500.00 PHP 10,500.00 Consultation with written advice (per hour or per page) 8 PHP 2,000.00 PHP 16,000.00 Subtotal: PHP 1,421,500.00",LEGAL_FEES,2
"Attention: Amy Green Date: September 19, 1997 Re: OMB Appearance Please see the attached invoice for legal services below rendered by Lane Williams & Russell Law Office Office. For any questions or clarifications, feel free to contact us. Thank you for your trust. BILLING STATEMENT Description Qty Unit Price Amount Appearance - OMB 1 PHP 6,000.00 PHP 6,000.00 Subtotal: PHP 6,000.00",LEGAL_FEES,2
"Attention: Theresa Wilson Date: March 09, 2021 Re: Monthly Retainer for Legal Services Please see the attached invoice for legal services below rendered by Snyder Hernandez & Guzman Law Office Office. For any questions or clarifications, feel free to contact us. Thank you for your trust. BILLING STATEMENT Description Qty Unit Price Amount Monthly Legal Retainer Fee 2 PHP 8,000.00 PHP 16,000.00 Subtotal: PHP 16,000.00",LEGAL_FEES,2
"Attention: Katie Knight Date: October 19, 2008 Re: Comprehensive Legal Services Package (6 items) Please see the attached invoice for legal services below rendered by Collier Perez & Zuniga Law Office Office. For any questions or clarifications, feel free to contact us. Thank you for your trust. BILLING STATEMENT Description Qty Unit Price Amount Civil Case Acceptance - Court of Appeals 1 PHP 85,000.00 PHP 85,000.00 Court Appearance - Sandiganbayan 10 PHP 35,000.00 PHP 350,000.00 Criminal Case Acceptance - Supreme Court 10 PHP 150,000.00 PHP 1,500,000.00 Option to Purchase Real Estate 1 PHP 204,706.00 PHP 204,706.00 Civil Case Acceptance - Regional Trial Courts 2 PHP 75,000.00 PHP 150,000.00 Original Jurisdiction Agency Case 1 PHP 60,000.00 PHP 60,000.00 Subtotal: PHP 2,349,706.00",LEGAL_FEES,2
"Attention: Kimberly Cross Date: February 13, 1997 Re: Deed of Donations Please see the attached invoice for legal services below rendered by Jackson Pearson & Wolfe Law Office Office. For any questions or clarifications, feel free to contact us. Thank you for your trust. BILLING STATEMENT Description Qty Unit Price Amount Deed of Donation Preparation 10 PHP 59,532.00 PHP 595,320.00 Subtotal: PHP 595,320.00",LEGAL_FEES,2
"Attention: Rhonda Drake Date: July 25, 1998 Re: Comprehensive Legal Services Package (7 items) Please see the attached invoice for legal services below rendered by Allen Harris & Barber Law Office Office. For any questions or clarifications, feel free to contact us. Thank you for your trust. BILLING STATEMENT Description Qty Unit Price Amount Agrarian Case - Landowner Representation 3 PHP 90,000.00 PHP 270,000.00 Civil Case Acceptance - Municipal Trial Courts 3 PHP 50,000.00 PHP 150,000.00 Original Jurisdiction Agency Case 9 PHP 60,000.00 PHP 540,000.00 Monthly Legal Retainer Fee 5 PHP 8,000.00 PHP 40,000.00 Plain Consultation (per hour) 7 PHP 1,000.00 PHP 7,000.00 Option to Purchase Real Estate 5 PHP 180,563.00 PHP 902,815.00 CBA Negotiation and Execution 1 PHP 10,000.00 PHP 10,000.00 Subtotal: PHP 1,919,815.00",LEGAL_FEES,2
"Attention: Aaron Clark Date: May 02, 2022 Re: Multiple Legal Services (3 items) Please see the attached invoice for legal services below rendered by Harding Morgan & Sosa Law Office Office. For any questions or clarifications, feel free to contact us. Thank you for your trust. BILLING STATEMENT Description Qty Unit Price Amount Appellate Jurisdiction Agency Case 8 PHP 75,000.00 PHP 600,000.00 Monthly Legal Retainer Fee 4 PHP 8,000.00 PHP 32,000.00 Motion to Discharge Preparation 8 PHP 25,000.00 PHP 200,000.00 Subtotal: PHP 832,000.00",LEGAL_FEES,2
"Attention: Michelle Franklin Date: September 25, 2017 Re: Comprehensive Legal Services Package (4 items) Please see the attached invoice for legal services below rendered by Sims Hart & Frazier Law Office Office. For any questions or clarifications, feel free to contact us. Thank you for your trust. BILLING STATEMENT Description Qty Unit Price Amount Criminal Case Acceptance - Regional Trial Courts 4 PHP 75,000.00 PHP 300,000.00 Corporate Resolution Preparation 10 PHP 3,500.00 PHP 35,000.00 Civil Case Acceptance - Supreme Court 7 PHP 150,000.00 PHP 1,050,000.00 Court Appearance - Supreme Court 9 PHP 35,000.00 PHP 315,000.00 Subtotal: PHP 1,700,000.00",LEGAL_FEES,2
"Attention: Angela Hawkins Date: February 18, 2013 Re: Multiple Legal Services (3 items) Please see the attached invoice for legal services below rendered by Crosby King & Rice Law Office Office. For any questions or clarifications, feel free to contact us. Thank you for your trust. BILLING STATEMENT Description Qty Unit Price Amount Preparation of Attorney's Letter 6 PHP 500.00 PHP 3,000.00 Non-Stock Articles & By-Laws Preparation 2 PHP 35,000.00 PHP 70,000.00 Foreign Corp Registered Agent Documents 10 PHP 35,000.00 PHP 350,000.00 Subtotal: PHP 423,000.00",LEGAL_FEES,2
"Attention: Chad Nelson Date: March 06, 1998 Re: Comprehensive Legal Services Package (5 items) Please see the attached invoice for legal services below rendered by Meadows Ward & Fowler Law Office Office. For any questions or clarifications, feel free to contact us. Thank you for your trust. BILLING STATEMENT Description Qty Unit Price Amount Authentication of documents 3 PHP 400.00 PHP 1,200.00 Preparation and notarization of simple affidavits (jurat) 4 PHP 1,000.00 PHP 4,000.00 Court Appearance - Ombudsman 5 PHP 10,000.00 PHP 50,000.00 Motion to Discharge Preparation 5 PHP 25,000.00 PHP 125,000.00 Criminal Case Acceptance - Court of Appeals 4 PHP 85,000.00 PHP 340,000.00 Subtotal: PHP 520,200.00",LEGAL_FEES,2
"Attention: Parker Hughes Date: March 14, 1998 Re: Multiple Legal Services (2 items) Please see the attached invoice for legal services below rendered by Murray Jackson & Le Law Office Office. For any questions or clarifications, feel free to contact us. Thank you for your trust. BILLING STATEMENT Description Qty Unit Price Amount Eminent Domain/Expropriation Proceedings 3 PHP 485,305.00 PHP 1,455,915.00 Land Registration (Without Opposition) 7 PHP 328,572.00 PHP 2,300,004.00 Subtotal: PHP 3,755,919.00",LEGAL_FEES,2
"Attention: Brian Wells Date: October 21, 2025 Re: Comprehensive Legal Services Package (4 items) Please see the attached invoice for legal services below rendered by Gray Peterson & Williams Law Office Office. For any questions or clarifications, feel free to contact us. Thank you for your trust. BILLING STATEMENT Description Qty Unit Price Amount Civil Case Acceptance - Court of Appeals 4 PHP 85,000.00 PHP 340,000.00 Court Appearance - Ombudsman 7 PHP 10,000.00 PHP 70,000.00 Criminal Case Acceptance - Supreme Court 9 PHP 150,000.00 PHP 1,350,000.00 Preparation of contracts not involving sale 8 PHP 1,500.00 PHP 12,000.00 Subtotal: PHP 1,772,000.00",LEGAL_FEES,2
"Attention: Brian Lopez Date: May 16, 2014 Re: Preparation of documents for registration to act as registered agent Please see the attached invoice for legal services below rendered by Spencer Mccarthy & Robinson Law Office Office. For any questions or clarifications, feel free to contact us. Thank you for your trust. BILLING STATEMENT Description Qty Unit Price Amount Registered Agent Registration Documents 4 PHP 10,000.00 PHP 40,000.00 Subtotal: PHP 40,000.00",LEGAL_FEES,2
"Attention: Patricia Herring Date: June 30, 2000 Re: Multiple Legal Services (2 items) Please see the attached invoice for legal services below rendered by Adams Cross & Moore Law Office Office. For any questions or clarifications, feel free to contact us. Thank you for your trust. BILLING STATEMENT Description Qty Unit Price Amount Foreign Corp Registered Agent Documents 5 PHP 35,000.00 PHP 175,000.00 Mortgage Release/Extension 8 PHP 3,000.00 PHP 24,000.00 Subtotal: PHP 199,000.00",LEGAL_FEES,2
"Attention: Yvette Osborne Date: May 23, 2015 Re: Comprehensive Legal Services Package (7 items) Please see the attached invoice for legal services below rendered by Parks Sanchez & Phillips Law Office Office. For any questions or clarifications, feel free to contact us. Thank you for your trust. BILLING STATEMENT Description Qty Unit Price Amount Withdrawal from Country Documents 4 PHP 35,000.00 PHP 140,000.00 Appearance - Labor Arbiter 5 PHP 2,000.00 PHP 10,000.00 CBA Preparation & Acknowledgement 9 PHP 30,000.00 PHP 270,000.00 Building Contract Review/Preparation 2 PHP 29,894.00 PHP 59,788.00 Articles of Partnership Drafting 8 PHP 70,000.00 PHP 560,000.00 Non-Stock Articles & By-Laws Preparation 3 PHP 35,000.00 PHP 105,000.00 Foreign Corp Registered Agent Documents 6 PHP 35,000.00 PHP 210,000.00 Subtotal: PHP 1,354,788.00",LEGAL_FEES,2
"Attention: Darren Barry Date: October 14, 2007 Re: Comprehensive Legal Services Package (4 items) Please see the attached invoice for legal services below rendered by Smith Howell & Miller Law Office Office. For any questions or clarifications, feel free to contact us. Thank you for your trust. BILLING STATEMENT Description Qty Unit Price Amount Agrarian Case - Tenant Representation 7 PHP 78,000.00 PHP 546,000.00 Articles of Partnership Drafting 4 PHP 125,000.00 PHP 500,000.00 Non-Stock Articles & By-Laws Preparation 9 PHP 35,000.00 PHP 315,000.00 Husband & Wife Insolvency (Additional) 10 PHP 30,000.00 PHP 300,000.00 Subtotal: PHP 1,661,000.00",LEGAL_FEES,2
"Attention: Christopher Thompson Date: July 22, 2013 Re: Monthly Retainer for Legal Services Please see the attached invoice for legal services below rendered by Chavez Ferguson & Morgan Law Office Office. For any questions or clarifications, feel free to contact us. Thank you for your trust. BILLING STATEMENT Description Qty Unit Price Amount Monthly Legal Retainer Fee 5 PHP 8,000.00 PHP 40,000.00 Subtotal: PHP 40,000.00",LEGAL_FEES,2
"Attention: Christian Sosa Date: May 03, 2001 Re: Comprehensive Legal Services Package (7 items) Please see the attached invoice for legal services below rendered by Wright Williams & Hall Law Office Office. For any questions or clarifications, feel free to contact us. Thank you for your trust. BILLING STATEMENT Description Qty Unit Price Amount Trade Name Registration 3 PHP 10,000.00 PHP 30,000.00 Business Insolvency Proceedings 3 PHP 25,000.00 PHP 75,000.00 Building Contract Review/Preparation 1 PHP 166,736.00 PHP 166,736.00 Articles of Partnership Drafting 1 PHP 80,000.00 PHP 80,000.00 Criminal Case Acceptance - Regional Trial Courts 10 PHP 75,000.00 PHP 750,000.00 Preparation of contracts not involving sale 3 PHP 1,500.00 PHP 4,500.00 Withdrawal from Country Documents 3 PHP 35,000.00 PHP 105,000.00 Subtotal: PHP 1,211,236.00",LEGAL_FEES,2
"Attention: Steven Butler Date: February 05, 2002 Re: Comprehensive Legal Services Package (4 items) Please see the attached invoice for legal services below rendered by Carter Massey & Wallace Law Office Office. For any questions or clarifications, feel free to contact us. Thank you for your trust. BILLING STATEMENT Description Qty Unit Price Amount Preparation of contracts not involving sale 2 PHP 1,500.00 PHP 3,000.00 Non-Stock Articles & By-Laws Preparation 9 PHP 35,000.00 PHP 315,000.00 Building Contract Review/Preparation 7 PHP 259,670.00 PHP 1,817,690.00 Appearance - OMB 4 PHP 12,000.00 PHP 48,000.00 Subtotal: PHP 2,183,690.00",LEGAL_FEES,2
"Attention: Amanda Parker Date: July 02, 2007 Re: Comprehensive Legal Services Package (6 items) Please see the attached invoice for legal services below rendered by Rogers Smith & Eaton Law Office Office. For any questions or clarifications, feel free to contact us. Thank you for your trust. BILLING STATEMENT Description Qty Unit Price Amount Non-Stock Articles & By-Laws Preparation 1 PHP 35,000.00 PHP 35,000.00 Appearance - Labor Arbiter 2 PHP 2,000.00 PHP 4,000.00 Appearance - Prosecutor's Office 8 PHP 3,500.00 PHP 28,000.00 Research/Preliminary Study (per hour) 8 PHP 1,500.00 PHP 12,000.00 Non-Stock Articles & By-Laws Preparation 4 PHP 35,000.00 PHP 140,000.00 Civil Case Acceptance - Municipal Trial Courts 4 PHP 50,000.00 PHP 200,000.00 Subtotal: PHP 419,000.00",LEGAL_FEES,2
"Attention: Sally Hayes Date: December 28, 2019 Re: Comprehensive Legal Services Package (4 items) Please see the attached invoice for legal services below rendered by Simpson Black & Schultz Law Office Office. For any questions or clarifications, feel free to contact us. Thank you for your trust. BILLING STATEMENT Description Qty Unit Price Amount Consultation with written advice (per hour or per page) 3 PHP 1,000.00 PHP 3,000.00 Court Appearance - Ombudsman 6 PHP 18,000.00 PHP 108,000.00 Criminal Case Acceptance - Supreme Court 3 PHP 150,000.00 PHP 450,000.00 Articles of Partnership Drafting 3 PHP 45,000.00 PHP 135,000.00 Subtotal: PHP 696,000.00",LEGAL_FEES,2
"Attention: Tamara Ramirez Date: December 21, 2017 Re: Comprehensive Legal Services Package (5 items) Please see the attached invoice for legal services below rendered by Phillips Bell & Wright Law Office Office. For any questions or clarifications, feel free to contact us. Thank you for your trust. BILLING STATEMENT Description Qty Unit Price Amount Plain Consultation (per hour) 2 PHP 1,000.00 PHP 2,000.00 Trade Name Registration 4 PHP 10,000.00 PHP 40,000.00 Court Appearance - Municipal Trial Courts 7 PHP 2,500.00 PHP 17,500.00 Corporate Dissolution Documents 6 PHP 25,000.00 PHP 150,000.00 Husband & Wife Insolvency (Additional) 2 PHP 30,000.00 PHP 60,000.00 Subtotal: PHP 269,500.00",LEGAL_FEES,2
"Attention: Julie Gould Date: August 12, 2017 Re: Comprehensive Legal Services Package (4 items) Please see the attached invoice for legal services below rendered by Brown Webb & Clayton Law Office Office. For any questions or clarifications, feel free to contact us. Thank you for your trust. BILLING STATEMENT Description Qty Unit Price Amount Research/Preliminary Study (per hour) 1 PHP 1,500.00 PHP 1,500.00 Husband & Wife Insolvency (Additional) 8 PHP 30,000.00 PHP 240,000.00 Partnership Agreement (per month) 9 PHP 9,988.00 PHP 89,892.00 Registered Agent Registration Documents 10 PHP 10,000.00 PHP 100,000.00 Subtotal: PHP 431,392.00",LEGAL_FEES,2
"Attention: Christopher Pierce Date: August 26, 2010 Re: Multiple Legal Services (2 items) Please see the attached invoice for legal services below rendered by Hughes Crawford & Allen Law Office Office. For any questions or clarifications, feel free to contact us. Thank you for your trust. BILLING STATEMENT Description Qty Unit Price Amount Eminent Domain/Expropriation Proceedings 10 PHP 311,496.00 PHP 3,114,960.00 Criminal Case Acceptance - Regional Trial Courts 5 PHP 75,000.00 PHP 375,000.00 Subtotal: PHP 3,489,960.00",LEGAL_FEES,2
"Attention: Ronald Walker Date: November 08, 2019 Re: Comprehensive Legal Services Package (7 items) Please see the attached invoice for legal services below rendered by Pacheco Robbins & Pena Law Office Office. For any questions or clarifications, feel free to contact us. Thank you for your trust. BILLING STATEMENT Description Qty Unit Price Amount Non-Stock Articles & By-Laws Preparation 7 PHP 35,000.00 PHP 245,000.00 Eminent Domain/Expropriation Proceedings 9 PHP 276,840.00 PHP 2,491,560.00 Civil Case Acceptance - Supreme Court 3 PHP 150,000.00 PHP 450,000.00 Creditor's Claim Filing 10 PHP 10,000.00 PHP 100,000.00 Preparation of Attorney's Letter 1 PHP 500.00 PHP 500.00 Partnership Dissolution 2 PHP 35,000.00 PHP 70,000.00 Corporate Charter Amendment 1 PHP 30,000.00 PHP 30,000.00 Subtotal: PHP 3,387,060.00",LEGAL_FEES,2
"Attention: Amanda Wong Date: May 22, 2011 Re: Multiple Legal Services (2 items) Please see the attached invoice for legal services below rendered by Neal Williams & Wise Law Office Office. For any questions or clarifications, feel free to contact us. Thank you for your trust. BILLING STATEMENT Description Qty Unit Price Amount Option to Purchase Real Estate 8 PHP 149,624.00 PHP 1,196,992.00 Withdrawal from Country Documents 8 PHP 35,000.00 PHP 280,000.00 Subtotal: PHP 1,476,992.00",LEGAL_FEES,2
"Attention: Kevin Escobar Date: February 23, 2013 Re: Comprehensive Legal Services Package (7 items) Please see the attached invoice for legal services below rendered by Odom Jones & Hamilton Law Office Office. For any questions or clarifications, feel free to contact us. Thank you for your trust. BILLING STATEMENT Description Qty Unit Price Amount Change of Registered Agent/Office - Foreign 6 PHP 25,000.00 PHP 150,000.00 Original Jurisdiction Agency Case 5 PHP 60,000.00 PHP 300,000.00 Registered Agent Registration Documents 3 PHP 10,000.00 PHP 30,000.00 Creditor's Claim Filing 6 PHP 10,000.00 PHP 60,000.00 Corporate Charter Amendment 10 PHP 30,000.00 PHP 300,000.00 Research/Preliminary Study (per hour) 5 PHP 1,500.00 PHP 7,500.00 Appearance - OMB 8 PHP 4,500.00 PHP 36,000.00 Subtotal: PHP 883,500.00",LEGAL_FEES,2
"Attention: Chris Weber Date: April 24, 2015 Re: Preparation of necessary documents for withdrawal from country Please see the attached invoice for legal services below rendered by Williams Wright & David Law Office Office. For any questions or clarifications, feel free to contact us. Thank you for your trust. BILLING STATEMENT Description Qty Unit Price Amount Withdrawal from Country Documents 4 PHP 35,000.00 PHP 140,000.00 Subtotal: PHP 140,000.00",LEGAL_FEES,2
"Attention: James Ellis Date: March 29, 1996 Re: Multiple Legal Services (2 items) Please see the attached invoice for legal services below rendered by Vasquez Wilson & Blackburn Law Office Office. For any questions or clarifications, feel free to contact us. Thank you for your trust. BILLING STATEMENT Description Qty Unit Price Amount Civil Case Acceptance - Regional Trial Courts 2 PHP 75,000.00 PHP 150,000.00 Agrarian Case - Tenant Representation 5 PHP 77,000.00 PHP 385,000.00 Subtotal: PHP 535,000.00",LEGAL_FEES,2
"Attention: Andrea Stevens Date: March 11, 2021 Re: Comprehensive Legal Services Package (7 items) Please see the attached invoice for legal services below rendered by Hoffman Ramirez & Cantrell Law Office Office. For any questions or clarifications, feel free to contact us. Thank you for your trust. BILLING STATEMENT Description Qty Unit Price Amount Appearance - NLRC 2 PHP 4,500.00 PHP 9,000.00 Plain Consultation (per hour) 8 PHP 1,000.00 PHP 8,000.00 Naturalization Proceedings 3 PHP 150,000.00 PHP 450,000.00 Monthly Legal Retainer Fee 6 PHP 8,000.00 PHP 48,000.00 Creditor's Claim Filing 1 PHP 10,000.00 PHP 10,000.00 Preparation and notarization of simple affidavits (jurat) 4 PHP 1,000.00 PHP 4,000.00 Building Contract Review/Preparation 7 PHP 89,521.00 PHP 626,647.00 Subtotal: PHP 1,155,647.00",LEGAL_FEES,2
"Attention: Karen White Date: August 04, 2014 Re: Comprehensive Legal Services Package (6 items) Please see the attached invoice for legal services below rendered by Perez Neal & Smith Law Office Office. For any questions or clarifications, feel free to contact us. Thank you for your trust. BILLING STATEMENT Description Qty Unit Price Amount Building Contract Review/Preparation 7 PHP 133,783.00 PHP 936,481.00 Original Jurisdiction Agency Case 9 PHP 60,000.00 PHP 540,000.00 Appearance - Labor Arbiter 8 PHP 2,000.00 PHP 16,000.00 Agrarian Case - Landowner Representation 9 PHP 95,000.00 PHP 855,000.00 Eminent Domain/Expropriation Proceedings 3 PHP 269,487.00 PHP 808,461.00 Civil Case Acceptance - Municipal Trial Courts 1 PHP 50,000.00 PHP 50,000.00 Subtotal: PHP 3,205,942.00",LEGAL_FEES,2
"Attention: Amanda May Date: January 05, 2008 Re: Multiple Legal Services (2 items) Please see the attached invoice for legal services below rendered by Gross Stafford & Pena Law Office Office. For any questions or clarifications, feel free to contact us. Thank you for your trust. BILLING STATEMENT Description Qty Unit Price Amount Monthly Legal Retainer Fee 4 PHP 8,000.00 PHP 32,000.00 Preparation of contracts involving sale 7 PHP 143,932.00 PHP 1,007,524.00 Subtotal: PHP 1,039,524.00",LEGAL_FEES,2
"Attention: Linda Jackson Date: July 23, 1997 Re: Stockholders agreement or voting trust Please see the attached invoice for legal services below rendered by Ewing Wells & Weaver Law Office Office. For any questions or clarifications, feel free to contact us. Thank you for your trust. BILLING STATEMENT Description Qty Unit Price Amount Stockholders Agreement/Voting Trust 4 PHP 30,000.00 PHP 120,000.00 Subtotal: PHP 120,000.00",LEGAL_FEES,2
"Attention: Dennis Andrews Date: February 02, 1995 Re: Agrarian Relation - For Tenant Please see the attached invoice for legal services below rendered by Henry Morris & Howard Law Office Office. For any questions or clarifications, feel free to contact us. Thank you for your trust. BILLING STATEMENT Description Qty Unit Price Amount Agrarian Case - Tenant Representation 8 PHP 80,000.00 PHP 640,000.00 Subtotal: PHP 640,000.00",LEGAL_FEES,2
"Attention: Christina Ruiz Date: August 16, 2000 Re: Comprehensive Legal Services Package (7 items) Please see the attached invoice for legal services below rendered by Nielsen Johnson & Little Law Office Office. For any questions or clarifications, feel free to contact us. Thank you for your trust. BILLING STATEMENT Description Qty Unit Price Amount Building Contract Review/Preparation 9 PHP 100,139.00 PHP 901,251.00 Change of Registered Agent/Office 2 PHP 5,000.00 PHP 10,000.00 Criminal Case Acceptance - Regional Trial Courts 2 PHP 75,000.00 PHP 150,000.00 Articles of Partnership Drafting 5 PHP 80,000.00 PHP 400,000.00 Preparation and notarization of simple affidavits (jurat) 5 PHP 1,000.00 PHP 5,000.00 Appearance - Labor Arbiter 1 PHP 2,000.00 PHP 2,000.00 Monthly Legal Retainer Fee 3 PHP 8,000.00 PHP 24,000.00 Subtotal: PHP 1,492,251.00",LEGAL_FEES,2
"Attention: Rachel Wilson Date: April 09, 2009 Re: Comprehensive Legal Services Package (5 items) Please see the attached invoice for legal services below rendered by Obrien Lucas & Nelson Law Office Office. For any questions or clarifications, feel free to contact us. Thank you for your trust. BILLING STATEMENT Description Qty Unit Price Amount Court Appearance - Supreme Court 7 PHP 20,000.00 PHP 140,000.00 Appearance - Prosecutor's Office 6 PHP 3,000.00 PHP 18,000.00 Monthly Legal Retainer Fee 7 PHP 8,000.00 PHP 56,000.00 Articles of Partnership Drafting 7 PHP 80,000.00 PHP 560,000.00 Appearance - Prosecutor's Office 2 PHP 3,500.00 PHP 7,000.00 Subtotal: PHP 781,000.00",LEGAL_FEES,2
"Attention: Victoria Davis Date: July 11, 2000 Re: Comprehensive Legal Services Package (7 items) Please see the attached invoice for legal services below rendered by Davis Long & Woods Law Office Office. For any questions or clarifications, feel free to contact us. Thank you for your trust. BILLING STATEMENT Description Qty Unit Price Amount Immigration Services 7 PHP 50,000.00 PHP 350,000.00 Withdrawal from Country Documents 5 PHP 35,000.00 PHP 175,000.00 Original Jurisdiction Agency Case 1 PHP 60,000.00 PHP 60,000.00 Monthly Legal Retainer Fee 6 PHP 8,000.00 PHP 48,000.00 Deed of Donation Preparation 2 PHP 59,131.00 PHP 118,262.00 Withdrawal from Country Documents 8 PHP 35,000.00 PHP 280,000.00 Non-Stock Articles & By-Laws Preparation 1 PHP 35,000.00 PHP 35,000.00 Subtotal: PHP 1,066,262.00",LEGAL_FEES,2
"Attention: Donna Rivera Date: June 07, 2006 Re: Insolvency Proceedings - Business Please see the attached invoice for legal services below rendered by Moran Lopez & Johnson Law Office Office. For any questions or clarifications, feel free to contact us. Thank you for your trust. BILLING STATEMENT Description Qty Unit Price Amount Business Insolvency Proceedings 6 PHP 25,000.00 PHP 150,000.00 Subtotal: PHP 150,000.00",LEGAL_FEES,2
"Attention: Emily Garcia Date: December 13, 2002 Re: Multiple Legal Services (2 items) Please see the attached invoice for legal services below rendered by Cantrell Smith & Nielsen Law Office Office. For any questions or clarifications, feel free to contact us. Thank you for your trust. BILLING STATEMENT Description Qty Unit Price Amount Agrarian Case - Landowner Representation 2 PHP 100,000.00 PHP 200,000.00 Creditor's Claim Filing 8 PHP 10,000.00 PHP 80,000.00 Subtotal: PHP 280,000.00",LEGAL_FEES,2
"Attention: Linda Gordon Date: November 18, 2003 Re: Multiple Legal Services (3 items) Please see the attached invoice for legal services below rendered by Holland Escobar & Lloyd Law Office Office. For any questions or clarifications, feel free to contact us. Thank you for your trust. BILLING STATEMENT Description Qty Unit Price Amount Trade Name Registration 1 PHP 10,000.00 PHP 10,000.00 CBA Preparation & Acknowledgement 1 PHP 30,000.00 PHP 30,000.00 Criminal Case Acceptance - Municipal Trial Courts 10 PHP 50,000.00 PHP 500,000.00 Subtotal: PHP 540,000.00",LEGAL_FEES,2
"Attention: Patricia Trevino Date: December 14, 2009 Re: Preparation of necessary documents for withdrawal from country Please see the attached invoice for legal services below rendered by Pratt Patterson & Ellis Law Office Office. For any questions or clarifications, feel free to contact us. Thank you for your trust. BILLING STATEMENT Description Qty Unit Price Amount Withdrawal from Country Documents 6 PHP 35,000.00 PHP 210,000.00 Subtotal: PHP 210,000.00",LEGAL_FEES,2
"Attention: James Baker Date: March 09, 2006 Re: Comprehensive Legal Services Package (5 items) Please see the attached invoice for legal services below rendered by Hill Allen & Stevenson Law Office Office. For any questions or clarifications, feel free to contact us. Thank you for your trust. BILLING STATEMENT Description Qty Unit Price Amount Non-Stock Articles & By-Laws Preparation 8 PHP 35,000.00 PHP 280,000.00 Corporate Reports Filing Preparation 6 PHP 6,000.00 PHP 36,000.00 Civil Case Acceptance - Municipal Trial Courts 8 PHP 50,000.00 PHP 400,000.00 Registered Agent Registration Documents 3 PHP 10,000.00 PHP 30,000.00 Registered Agent Registration Documents 6 PHP 10,000.00 PHP 60,000.00 Subtotal: PHP 806,000.00",LEGAL_FEES,2
"Attention: Stephanie Proctor Date: April 23, 2009 Re: Comprehensive Legal Services Package (5 items) Please see the attached invoice for legal services below rendered by King Jones & Smith Law Office Office. For any questions or clarifications, feel free to contact us. Thank you for your trust. BILLING STATEMENT Description Qty Unit Price Amount Monthly Legal Retainer Fee 8 PHP 8,000.00 PHP 64,000.00 Appellate Jurisdiction Agency Case 5 PHP 75,000.00 PHP 375,000.00 Court Appearance - Regional Trial Courts 9 PHP 3,500.00 PHP 31,500.00 Authority to Do Business in PH 3 PHP 35,000.00 PHP 105,000.00 Preparation of contracts not involving sale 10 PHP 1,500.00 PHP 15,000.00 Subtotal: PHP 590,500.00",LEGAL_FEES,2
"Attention: Katherine Lewis Date: September 08, 1995 Re: Comprehensive Legal Services Package (4 items) Please see the attached invoice for legal services below rendered by Le Burns & Clark Law Office Office. For any questions or clarifications, feel free to contact us. Thank you for your trust. BILLING STATEMENT Description Qty Unit Price Amount Business Insolvency Proceedings 5 PHP 25,000.00 PHP 125,000.00 Agrarian Case - Tenant Representation 2 PHP 76,000.00 PHP 152,000.00 Corporate Resolution Preparation 6 PHP 3,500.00 PHP 21,000.00 Preparation of contracts not involving sale 6 PHP 1,500.00 PHP 9,000.00 Subtotal: PHP 307,000.00",LEGAL_FEES,2
"Attention: Jason Lewis Date: May 01, 2001 Re: Comprehensive Legal Services Package (6 items) Please see the attached invoice for legal services below rendered by Hobbs Lewis & Smith Law Office Office. For any questions or clarifications, feel free to contact us. Thank you for your trust. BILLING STATEMENT Description Qty Unit Price Amount Business Insolvency Proceedings 4 PHP 25,000.00 PHP 100,000.00 CBA Preparation & Acknowledgement 6 PHP 30,000.00 PHP 180,000.00 Criminal Case Acceptance - Municipal Trial Courts 8 PHP 50,000.00 PHP 400,000.00 Motion to Discharge Preparation 7 PHP 25,000.00 PHP 175,000.00 Monthly Legal Retainer Fee 8 PHP 8,000.00 PHP 64,000.00 Appellate Jurisdiction Agency Case 4 PHP 75,000.00 PHP 300,000.00 Subtotal: PHP 1,219,000.00",LEGAL_FEES,2
"Attention: Colton Bennett Date: January 06, 2015 Re: Filing creditor's claim Please see the attached invoice for legal services below rendered by Booker Reese & Howell Law Office Office. For any questions or clarifications, feel free to contact us. Thank you for your trust. BILLING STATEMENT Description Qty Unit Price Amount Creditor's Claim Filing 1 PHP 10,000.00 PHP 10,000.00 Subtotal: PHP 10,000.00",LEGAL_FEES,2
"Attention: Stephanie Torres Date: April 25, 2021 Re: Multiple Legal Services (2 items) Please see the attached invoice for legal services below rendered by Knox Castro & Sharp Law Office Office. For any questions or clarifications, feel free to contact us. Thank you for your trust. BILLING STATEMENT Description Qty Unit Price Amount Criminal Case Acceptance - Court of Appeals 3 PHP 85,000.00 PHP 255,000.00 Corporate Dissolution Documents 2 PHP 25,000.00 PHP 50,000.00 Subtotal: PHP 305,000.00",LEGAL_FEES,2
"Attention: Crystal Foley Date: July 03, 2006 Re: Comprehensive Legal Services Package (7 items) Please see the attached invoice for legal services below rendered by Meyer Lee & Esparza Law Office Office. For any questions or clarifications, feel free to contact us. Thank you for your trust. BILLING STATEMENT Description Qty Unit Price Amount Monthly Legal Retainer Fee 2 PHP 8,000.00 PHP 16,000.00 Monthly Legal Retainer Fee 4 PHP 8,000.00 PHP 32,000.00 Appellate Jurisdiction Agency Case 10 PHP 75,000.00 PHP 750,000.00 Appellate Jurisdiction Agency Case 5 PHP 75,000.00 PHP 375,000.00 Non-Stock Articles & By-Laws Preparation 8 PHP 35,000.00 PHP 280,000.00 Land Registration (Without Opposition) 1 PHP 540,532.00 PHP 540,532.00 Monthly Legal Retainer Fee 8 PHP 8,000.00 PHP 64,000.00 Subtotal: PHP 2,057,532.00",LEGAL_FEES,2
"Attention: Thomas Harrison Date: August 25, 1996 Re: Preparation of documents for dissolution of corporations Please see the attached invoice for legal services below rendered by Mcintosh Hill & Ward Law Office Office. For any questions or clarifications, feel free to contact us. Thank you for your trust. BILLING STATEMENT Description Qty Unit Price Amount Corporate Dissolution Documents 1 PHP 25,000.00 PHP 25,000.00 Subtotal: PHP 25,000.00",LEGAL_FEES,2
"Attention: Alexandra Monroe Date: November 22, 2020 Re: Comprehensive Legal Services Package (4 items) Please see the attached invoice for legal services below rendered by Carson Carlson & Gonzalez Law Office Office. For any questions or clarifications, feel free to contact us. Thank you for your trust. BILLING STATEMENT Description Qty Unit Price Amount Authentication of documents 9 PHP 500.00 PHP 4,500.00 Trade Name Registration 4 PHP 10,000.00 PHP 40,000.00 Criminal Case Acceptance - Regional Trial Courts 2 PHP 75,000.00 PHP 150,000.00 Corporate Resolution Preparation 1 PHP 3,500.00 PHP 3,500.00 Subtotal: PHP 198,000.00",LEGAL_FEES,2
"Attention: Alyssa Williams Date: March 20, 1995 Re: Comprehensive Legal Services Package (4 items) Please see the attached invoice for legal services below rendered by Johnson Hayes & Morgan Law Office Office. For any questions or clarifications, feel free to contact us. Thank you for your trust. BILLING STATEMENT Description Qty Unit Price Amount Criminal Case Acceptance - Court of Appeals 1 PHP 85,000.00 PHP 85,000.00 Preparation of contracts involving sale 7 PHP 60,192.00 PHP 421,344.00 Criminal Case Acceptance - Court of Appeals 9 PHP 85,000.00 PHP 765,000.00 Consultation with written advice (per hour or per page) 2 PHP 1,000.00 PHP 2,000.00 Subtotal: PHP 1,273,344.00",LEGAL_FEES,2
"Attention: Henry Morales Date: May 18, 2006 Re: Comprehensive Legal Services Package (7 items) Please see the attached invoice for legal services below rendered by Lucas Dyer & Shields Law Office Office. For any questions or clarifications, feel free to contact us. Thank you for your trust. BILLING STATEMENT Description Qty Unit Price Amount Civil Case Acceptance - Supreme Court 2 PHP 150,000.00 PHP 300,000.00 Original Jurisdiction Agency Case 9 PHP 60,000.00 PHP 540,000.00 Criminal Case Acceptance - Court of Appeals 4 PHP 85,000.00 PHP 340,000.00 Stockholders Agreement/Voting Trust 6 PHP 30,000.00 PHP 180,000.00 Corporate Charter Amendment 1 PHP 30,000.00 PHP 30,000.00 Preparation of contracts not involving sale 6 PHP 1,500.00 PHP 9,000.00 Appearance - Other Administrative Agencies 2 PHP 4,500.00 PHP 9,000.00 Subtotal: PHP 1,408,000.00",LEGAL_FEES,2
"Attention: Joshua Hart Date: October 08, 2000 Re: Comprehensive Legal Services Package (4 items) Please see the attached invoice for legal services below rendered by Decker Martinez & Peters Law Office Office. For any questions or clarifications, feel free to contact us. Thank you for your trust. BILLING STATEMENT Description Qty Unit Price Amount Criminal Case Acceptance - Court of Appeals 8 PHP 85,000.00 PHP 680,000.00 Criminal Case Acceptance - Court of Appeals 10 PHP 85,000.00 PHP 850,000.00 Research/Preliminary Study (per hour) 2 PHP 1,500.00 PHP 3,000.00 Bond/Collateral/Indemnity Agreement 4 PHP 5,000.00 PHP 20,000.00 Subtotal: PHP 1,553,000.00",LEGAL_FEES,2
"Attention: Julie Reid Date: March 21, 2016 Re: Comprehensive Legal Services Package (6 items) Please see the attached invoice for legal services below rendered by Fuller Mccarthy & Powell Law Office Office. For any questions or clarifications, feel free to contact us. Thank you for your trust. BILLING STATEMENT Description Qty Unit Price Amount Bond/Collateral/Indemnity Agreement 9 PHP 5,000.00 PHP 45,000.00 Agrarian Case - Tenant Representation 8 PHP 78,000.00 PHP 624,000.00 Criminal Case Acceptance - Municipal Trial Courts 7 PHP 50,000.00 PHP 350,000.00 Non-Stock Articles & By-Laws Preparation 10 PHP 35,000.00 PHP 350,000.00 Original Jurisdiction Agency Case 7 PHP 60,000.00 PHP 420,000.00 Non-Stock Articles & By-Laws Preparation 4 PHP 35,000.00 PHP 140,000.00 Subtotal: PHP 1,929,000.00",LEGAL_FEES,2
"Attention: Patricia Salazar Date: September 09, 1998 Re: Multiple Legal Services (3 items) Please see the attached invoice for legal services below rendered by Johnson Brady & Johnson Law Office Office. For any questions or clarifications, feel free to contact us. Thank you for your trust. BILLING STATEMENT Description Qty Unit Price Amount Authentication of documents 3 PHP 500.00 PHP 1,500.00 Consultation with written advice (per hour or per page) 2 PHP 2,500.00 PHP 5,000.00 Non-Stock Articles & By-Laws Preparation 7 PHP 35,000.00 PHP 245,000.00 Subtotal: PHP 251,500.00",LEGAL_FEES,2
"Attention: Jordan Patterson Date: August 08, 2007 Re: Comprehensive Legal Services Package (4 items) Please see the attached invoice for legal services below rendered by Juarez Hawkins & Marshall Law Office Office. For any questions or clarifications, feel free to contact us. Thank you for your trust. BILLING STATEMENT Description Qty Unit Price Amount Original Jurisdiction Agency Case 3 PHP 60,000.00 PHP 180,000.00 Criminal Case Acceptance - Court of Appeals 9 PHP 85,000.00 PHP 765,000.00 New Owner's Duplicate of Title 3 PHP 50,000.00 PHP 150,000.00 Monthly Legal Retainer Fee 5 PHP 8,000.00 PHP 40,000.00 Subtotal: PHP 1,135,000.00",LEGAL_FEES,2
"Attention: Brianna Cunningham Date: March 20, 2012 Re: Comprehensive Legal Services Package (5 items) Please see the attached invoice for legal services below rendered by Ward Wells & Simmons Law Office Office. For any questions or clarifications, feel free to contact us. Thank you for your trust. BILLING STATEMENT Description Qty Unit Price Amount CBA Negotiation and Execution 6 PHP 50,000.00 PHP 300,000.00 Court Appearance - Ombudsman 8 PHP 10,000.00 PHP 80,000.00 Corporate Charter Amendment 6 PHP 30,000.00 PHP 180,000.00 Authentication of documents 10 PHP 100.00 PHP 1,000.00 Corporate Resolution Preparation 1 PHP 3,500.00 PHP 3,500.00 Subtotal: PHP 564,500.00",LEGAL_FEES,2
"Attention: William Schaefer Date: August 25, 2016 Re: Multiple Legal Services (2 items) Please see the attached invoice for legal services below rendered by Murillo Wise & Conrad Law Office Office. For any questions or clarifications, feel free to contact us. Thank you for your trust. BILLING STATEMENT Description Qty Unit Price Amount Appellate Jurisdiction Agency Case 8 PHP 75,000.00 PHP 600,000.00 Corporate Resolution Preparation 1 PHP 3,500.00 PHP 3,500.00 Subtotal: PHP 603,500.00",LEGAL_FEES,2
"Attention: Mark Webb Date: January 13, 2018 Re: Multiple Legal Services (2 items) Please see the attached invoice for legal services below rendered by Stein Kramer & Clarke Law Office Office. For any questions or clarifications, feel free to contact us. Thank you for your trust. BILLING STATEMENT Description Qty Unit Price Amount Change of Registered Agent/Office - Foreign 8 PHP 25,000.00 PHP 200,000.00 Original Jurisdiction Agency Case 6 PHP 60,000.00 PHP 360,000.00 Subtotal: PHP 560,000.00",LEGAL_FEES,2
"Attention: Dorothy Smith Date: September 16, 2021 Re: Comprehensive Legal Services Package (7 items) Please see the attached invoice for legal services below rendered by Bishop Anderson & Horton Law Office Office. For any questions or clarifications, feel free to contact us. Thank you for your trust. BILLING STATEMENT Description Qty Unit Price Amount Research/Preliminary Study (per hour) 8 PHP 1,500.00 PHP 12,000.00 Articles of Incorporation and By-Laws Preparation 1 PHP 114,000.00 PHP 114,000.00 Testate/Intestate Proceedings without Opposition 9 PHP 200,994.00 PHP 1,808,946.00 Authority to Do Business in PH 4 PHP 35,000.00 PHP 140,000.00 Civil Case Acceptance - Court of Appeals 2 PHP 85,000.00 PHP 170,000.00 Partnership Dissolution 8 PHP 35,000.00 PHP 280,000.00 Partnership Dissolution 10 PHP 35,000.00 PHP 350,000.00 Subtotal: PHP 2,874,946.00",LEGAL_FEES,2
"Attention: Rose Buchanan Date: August 06, 1997 Re: Comprehensive Legal Services Package (4 items) Please see the attached invoice for legal services below rendered by Sandoval Reyes & Mendez Law Office Office. For any questions or clarifications, feel free to contact us. Thank you for your trust. BILLING STATEMENT Description Qty Unit Price Amount Preparation and notarization of simple affidavits (jurat) 10 PHP 1,000.00 PHP 10,000.00 Articles of Partnership Drafting 3 PHP 50,000.00 PHP 150,000.00 Partnership Dissolution 9 PHP 35,000.00 PHP 315,000.00 Husband & Wife Insolvency (Additional) 3 PHP 30,000.00 PHP 90,000.00 Subtotal: PHP 565,000.00",LEGAL_FEES,2
"Attention: Dawn Osborne Date: May 14, 1998 Re: Multiple Legal Services (3 items) Please see the attached invoice for legal services below rendered by Taylor King & Taylor Law Office Office. For any questions or clarifications, feel free to contact us. Thank you for your trust. BILLING STATEMENT Description Qty Unit Price Amount Monthly Legal Retainer Fee 2 PHP 8,000.00 PHP 16,000.00 Original Jurisdiction Agency Case 4 PHP 60,000.00 PHP 240,000.00 Deed of Donation Preparation 10 PHP 22,771.00 PHP 227,710.00 Subtotal: PHP 483,710.00",LEGAL_FEES,2
"Attention: Ashley Duran Date: July 19, 1997 Re: Comprehensive Legal Services Package (5 items) Please see the attached invoice for legal services below rendered by Johnson Garcia & Humphrey Law Office Office. For any questions or clarifications, feel free to contact us. Thank you for your trust. BILLING STATEMENT Description Qty Unit Price Amount Election Case Representation 4 PHP 120,000.00 PHP 480,000.00 Election Case Representation 7 PHP 120,000.00 PHP 840,000.00 Election Case Representation 8 PHP 120,000.00 PHP 960,000.00 Partnership Dissolution 1 PHP 35,000.00 PHP 35,000.00 Consultation with written advice (per hour or per page) 10 PHP 1,500.00 PHP 15,000.00 Subtotal: PHP 2,330,000.00",LEGAL_FEES,2
"Attention: James Walker Date: April 11, 1997 Re: Multiple Legal Services (3 items) Please see the attached invoice for legal services below rendered by Lewis Fisher & Torres Law Office Office. For any questions or clarifications, feel free to contact us. Thank you for your trust. BILLING STATEMENT Description Qty Unit Price Amount Mortgage Release/Extension 10 PHP 3,000.00 PHP 30,000.00 CBA Preparation & Acknowledgement 10 PHP 30,000.00 PHP 300,000.00 Court Appearance - Supreme Court 3 PHP 10,000.00 PHP 30,000.00 Subtotal: PHP 360,000.00",LEGAL_FEES,2
"Attention: Heather Tate Date: November 21, 2000 Re: Multiple Legal Services (3 items) Please see the attached invoice for legal services below rendered by Smith Glenn & Wilson Law Office Office. For any questions or clarifications, feel free to contact us. Thank you for your trust. BILLING STATEMENT Description Qty Unit Price Amount Bond/Collateral/Indemnity Agreement 3 PHP 5,000.00 PHP 15,000.00 Agrarian Case - Tenant Representation 2 PHP 79,000.00 PHP 158,000.00 Testate/Intestate Proceedings without Opposition 10 PHP 392,723.00 PHP 3,927,230.00 Subtotal: PHP 4,100,230.00",LEGAL_FEES,2
"Attention: David Davis Date: May 04, 1996 Re: Comprehensive Legal Services Package (5 items) Please see the attached invoice for legal services below rendered by Schroeder Anderson & Kirk Law Office Office. For any questions or clarifications, feel free to contact us. Thank you for your trust. BILLING STATEMENT Description Qty Unit Price Amount Motion to Discharge Preparation 9 PHP 25,000.00 PHP 225,000.00 Non-Stock Articles & By-Laws Preparation 10 PHP 35,000.00 PHP 350,000.00 Criminal Case Acceptance - Regional Trial Courts 7 PHP 75,000.00 PHP 525,000.00 Civil Case Acceptance - Supreme Court 10 PHP 150,000.00 PHP 1,500,000.00 Authentication of documents 6 PHP 500.00 PHP 3,000.00 Subtotal: PHP 2,603,000.00",LEGAL_FEES,2
"Attention: Oscar Garcia Date: March 27, 1997 Re: Multiple Legal Services (3 items) Please see the attached invoice for legal services below rendered by Hancock Herrera & Barnes Law Office Office. For any questions or clarifications, feel free to contact us. Thank you for your trust. BILLING STATEMENT Description Qty Unit Price Amount Criminal Case Acceptance - Municipal Trial Courts 1 PHP 50,000.00 PHP 50,000.00 Corporate Reports Filing Preparation 4 PHP 6,000.00 PHP 24,000.00 Consultation with written advice (per hour or per page) 2 PHP 2,000.00 PHP 4,000.00 Subtotal: PHP 78,000.00",LEGAL_FEES,2
